Workbook

Sheet Learner Usage-02-10-2026T11-12-
A1: Course Offering Id | B1: Course Offering Code | C1: Course Offering Name | D1: Parent Department Name | E1: Parent Department Code | F1: Term Id | G1: Semester Code | H1: Semester Name | I1: User Id | J1: Username | K1: Org Defined Id | L1: First Name | M1: Last Name | N1: Is Active | O1: Role Id | P1: Role Name | Q1: Content Completed | R1: Content Required | S1: Checklist Completed | T1: Quiz Completed | U1: Total Quiz Attempts | V1: Discussion Post Created | W1: Discussion Post Replies | X1: Discussion Post Read | Y1: Last Discussion Post Date | Z1: Number Of Assignment Submissions | AA1: Last Assignment Submission Date | AB1: Total Time Spent In Content | AC1: Last Visited Date | AD1: Last System Login | AE1: Number Of Logins To The System | AF1: Auditor Name | AG1: Last Quiz Attempt Date | AH1: Last SCORM Completion Date | AI1: Last SCORM Visit Date
A2: 7034 | B2: T2-25_BDSDF106 | C2: Data Structures for Data Science | D2: BS - Data Science &amp; AI | E2: dept_bs_dsai | F2: 6653 | G2: sem_trimester 2 | H2: Trimester 2 | I2: 226 | J2: 2025eb1100001@bitspilani-digital.edu.in | K2: 2025EB1100001 | L2: RUDRA SHARMA | M2: . | N2: TRUE | O2: 120 | P2: BITS Learner | Q2: 1 | R2: 154 | S2: 0 | T2: 1 | U2: 1 | V2: 0 | W2: 0 | X2: 0 | Z2: 0 | AB2: 0 | AC2: 2026-02-08T09:13:59.9530000Z | AD2: 2026-02-09T11:45:19.5500000Z | AE2: 168 | AG2: 2026-02-08T09:04:03.4030000Z
A3: 7035 | B3: T2-25_BDSDF102 | C3: Data Preprocessing (BS) | D3: BS - Data Science &amp; AI | E3: dept_bs_dsai | F3: 6653 | G3: sem_trimester 2 | H3: Trimester 2 | I3: 226 | J3: 2025eb1100001@bitspilani-digital.edu.in | K3: 2025EB1100001 | L3: RUDRA SHARMA | M3: . | N3: TRUE | O3: 120 | P3: BITS Learner | Q3: 6 | R3: 158 | S3: 0 | T3: 2 | U3: 3 | V3: 0 | W3: 0 | X3: 0 | Z3: 0 | AB3: 17096 | AC3: 2026-02-08T09:20:40.1530000Z | AD3: 2026-02-09T11:45:19.5500000Z | AE3: 168 | AG3: 2026-02-08T09:20:32.9730000Z
A4: 7032 | B4: T2-25_BDSDF107 | C4: Fundamentals of Data Science and Engineering | D4: BS - Data Science &amp; AI | E4: dept_bs_dsai | F4: 6653 | G4: sem_trimester 2 | H4: Trimester 2 | I4: 226 | J4: 2025eb1100001@bitspilani-digital.edu.in | K4: 2025EB1100001 | L4: RUDRA SHARMA | M4: . | N4: TRUE | O4: 120 | P4: BITS Learner | Q4: 45 | R4: 112 | S4: 0 | T4: 7 | U4: 8 | V4: 0 | W4: 0 | X4: 0 | Z4: 0 | AB4: 31534 | AC4: 2026-02-07T15:33:47.5000000Z | AD4: 2026-02-09T11:45:19.5500000Z | AE4: 168 | AG4: 2026-02-07T15:16:25.5370000Z
A5: 7033 | B5: T2-25_BDSDF110 | C5: Linear Algebra | D5: BS - Data Science &amp; AI | E5: dept_bs_dsai | F5: 6653 | G5: sem_trimester 2 | H5: Trimester 2 | I5: 226 | J5: 2025eb1100001@bitspilani-digital.edu.in | K5: 2025EB1100001 | L5: RUDRA SHARMA | M5: . | N5: TRUE | O5: 120 | P5: BITS Learner | Q5: 3 | R5: 86 | S5: 0 | T5: 1 | U5: 1 | V5: 0 | W5: 0 | X5: 0 | Z5: 0 | AB5: 27 | AC5: 2026-02-08T09:12:57.6770000Z | AD5: 2026-02-09T11:45:19.5500000Z | AE5: 168 | AG5: 2026-02-08T09:12:53.8070000Z | AH5: 2026-01-23T15:01:45.2470000Z | AI5: 2026-01-23T15:01:48.8770000Z
A6: 7025 | B6: T2-25_BDSDF108 | C6: Computing Systems | D6: BS - Data Science &amp; AI | E6: dept_bs_dsai | F6: 6653 | G6: sem_trimester 2 | H6: Trimester 2 | I6: 226 | J6: 2025eb1100001@bitspilani-digital.edu.in | K6: 2025EB1100001 | L6: RUDRA SHARMA | M6: . | N6: TRUE | O6: 120 | P6: BITS Learner | Q6: 105 | R6: 267 | S6: 0 | T6: 35 | U6: 57 | V6: 0 | W6: 0 | X6: 0 | Z6: 0 | AB6: 2449 | AC6: 2026-02-09T12:25:12.1930000Z | AD6: 2026-02-09T11:45:19.5500000Z | AE6: 168 | AG6: 2026-02-09T12:25:03.4370000Z | AH6: 2026-02-09T11:46:54.2770000Z | AI6: 2026-02-09T11:46:54.2730000Z
A7: 7022 | B7: T2-25_BDSDF114 | C7: Probability & Statistics | D7: BS - Data Science &amp; AI | E7: dept_bs_dsai | F7: 6653 | G7: sem_trimester 2 | H7: Trimester 2 | I7: 228 | J7: 2025eb1100003@bitspilani-digital.edu.in | K7: 2025EB1100003 | L7: AJAYACHANDRAN.E | M7: . | N7: TRUE | O7: 120 | P7: BITS Learner | Q7: 24 | R7: 326 | S7: 0 | T7: 3 | U7: 5 | V7: 2 | W7: 0 | X7: 8 | Y7: 2026-01-30T21:48:45.6800000Z | Z7: 0 | AB7: 31222 | AC7: 2026-02-09T00:39:23.1430000Z | AD7: 2026-02-08T23:02:38.0030000Z | AE7: 115 | AG7: 2026-01-31T00:24:37.8630000Z | AH7: 2026-01-24T14:45:28.7000000Z | AI7: 2026-01-31T00:25:02.4370000Z
A8: 7021 | B8: T2-25_BDSDF113 | C8: Computer Programming | D8: BS - Data Science &amp; AI | E8: dept_bs_dsai | F8: 6653 | G8: sem_trimester 2 | H8: Trimester 2 | I8: 228 | J8: 2025eb1100003@bitspilani-digital.edu.in | K8: 2025EB1100003 | L8: AJAYACHANDRAN.E | M8: . | N8: TRUE | O8: 120 | P8: BITS Learner | Q8: 44 | R8: 356 | S8: 0 | T8: 9 | U8: 18 | V8: 3 | W8: 0 | X8: 1 | Y8: 2026-01-31T00:29:49.2300000Z | Z8: 0 | AB8: 49579 | AC8: 2026-02-09T00:39:46.6630000Z | AD8: 2026-02-08T23:02:38.0030000Z | AE8: 115 | AG8: 2026-01-31T23:46:19.5000000Z | AH8: 2026-01-31T12:03:07.5170000Z | AI8: 2026-01-31T23:46:46.3370000Z
A9: 7032 | B9: T2-25_BDSDF107 | C9: Fundamentals of Data Science and Engineering | D9: BS - Data Science &amp; AI | E9: dept_bs_dsai | F9: 6653 | G9: sem_trimester 2 | H9: Trimester 2 | I9: 228 | J9: 2025eb1100003@bitspilani-digital.edu.in | K9: 2025EB1100003 | L9: AJAYACHANDRAN.E | M9: . | N9: TRUE | O9: 120 | P9: BITS Learner | Q9: 27 | R9: 112 | S9: 0 | T9: 3 | U9: 6 | V9: 0 | W9: 0 | X9: 0 | Z9: 0 | AB9: 25900 | AC9: 2026-02-09T00:37:32.1300000Z | AD9: 2026-02-08T23:02:38.0030000Z | AE9: 115 | AG9: 2026-01-30T20:33:35.5230000Z
A10: 7035 | B10: T2-25_BDSDF102 | C10: Data Preprocessing (BS) | D10: BS - Data Science &amp; AI | E10: dept_bs_dsai | F10: 6653 | G10: sem_trimester 2 | H10: Trimester 2 | I10: 228 | J10: 2025eb1100003@bitspilani-digital.edu.in | K10: 2025EB1100003 | L10: AJAYACHANDRAN.E | M10: . | N10: TRUE | O10: 120 | P10: BITS Learner | Q10: 45 | R10: 158 | S10: 0 | T10: 6 | U10: 8 | V10: 3 | W10: 0 | X10: 0 | Y10: 2026-02-07T23:08:17.5300000Z | Z10: 0 | AB10: 24234 | AC10: 2026-02-09T00:32:41.3400000Z | AD10: 2026-02-08T23:02:38.0030000Z | AE10: 115 | AG10: 2026-02-09T00:31:45.6730000Z
A11: 7035 | B11: T2-25_BDSDF102 | C11: Data Preprocessing (BS) | D11: BS - Data Science &amp; AI | E11: dept_bs_dsai | F11: 6653 | G11: sem_trimester 2 | H11: Trimester 2 | I11: 229 | J11: 2025eb1100004@bitspilani-digital.edu.in | K11: 2025EB1100004 | L11: ARUNLAL P | M11: . | N11: TRUE | O11: 120 | P11: BITS Learner | Q11: 1 | R11: 158 | S11: 0 | T11: 0 | U11: 0 | V11: 0 | W11: 0 | X11: 0 | Z11: 0 | AB11: 0 | AC11: 2026-01-19T08:25:52.9870000Z | AD11: 2026-02-08T15:52:25.5800000Z | AE11: 151
A12: 7034 | B12: T2-25_BDSDF106 | C12: Data Structures for Data Science | D12: BS - Data Science &amp; AI | E12: dept_bs_dsai | F12: 6653 | G12: sem_trimester 2 | H12: Trimester 2 | I12: 229 | J12: 2025eb1100004@bitspilani-digital.edu.in | K12: 2025EB1100004 | L12: ARUNLAL P | M12: . | N12: TRUE | O12: 120 | P12: BITS Learner | Q12: 0 | R12: 154 | S12: 0 | T12: 0 | U12: 0 | V12: 0 | W12: 0 | X12: 0 | Z12: 0 | AB12: 0 | AC12: 2026-01-17T14:38:56.5370000Z | AD12: 2026-02-08T15:52:25.5800000Z | AE12: 151
A13: 7032 | B13: T2-25_BDSDF107 | C13: Fundamentals of Data Science and Engineering | D13: BS - Data Science &amp; AI | E13: dept_bs_dsai | F13: 6653 | G13: sem_trimester 2 | H13: Trimester 2 | I13: 229 | J13: 2025eb1100004@bitspilani-digital.edu.in | K13: 2025EB1100004 | L13: ARUNLAL P | M13: . | N13: TRUE | O13: 120 | P13: BITS Learner | Q13: 1 | R13: 112 | S13: 0 | T13: 1 | U13: 1 | V13: 0 | W13: 0 | X13: 0 | Z13: 0 | AB13: 0 | AC13: 2026-02-08T15:58:42.1600000Z | AD13: 2026-02-08T15:52:25.5800000Z | AE13: 151 | AG13: 2026-02-08T15:58:35.0330000Z
A14: 7033 | B14: T2-25_BDSDF110 | C14: Linear Algebra | D14: BS - Data Science &amp; AI | E14: dept_bs_dsai | F14: 6653 | G14: sem_trimester 2 | H14: Trimester 2 | I14: 229 | J14: 2025eb1100004@bitspilani-digital.edu.in | K14: 2025EB1100004 | L14: ARUNLAL P | M14: . | N14: TRUE | O14: 120 | P14: BITS Learner | Q14: 0 | R14: 86 | S14: 0 | T14: 0 | U14: 0 | V14: 0 | W14: 0 | X14: 0 | Z14: 0 | AB14: 0 | AD14: 2026-02-08T15:52:25.5800000Z | AE14: 151
A15: 7033 | B15: T2-25_BDSDF110 | C15: Linear Algebra | D15: BS - Data Science &amp; AI | E15: dept_bs_dsai | F15: 6653 | G15: sem_trimester 2 | H15: Trimester 2 | I15: 231 | J15: 2025eb1100006@bitspilani-digital.edu.in | K15: 2025EB1100006 | L15: JAL PATEL | M15: . | N15: TRUE | O15: 120 | P15: BITS Learner | Q15: 1 | R15: 86 | S15: 0 | T15: 1 | U15: 1 | V15: 0 | W15: 0 | X15: 0 | Z15: 0 | AB15: 0 | AC15: 2026-02-08T08:16:42.7600000Z | AD15: 2026-02-08T07:51:39.3430000Z | AE15: 73 | AG15: 2026-02-08T08:12:38.5830000Z
A16: 7032 | B16: T2-25_BDSDF107 | C16: Fundamentals of Data Science and Engineering | D16: BS - Data Science &amp; AI | E16: dept_bs_dsai | F16: 6653 | G16: sem_trimester 2 | H16: Trimester 2 | I16: 231 | J16: 2025eb1100006@bitspilani-digital.edu.in | K16: 2025EB1100006 | L16: JAL PATEL | M16: . | N16: TRUE | O16: 120 | P16: BITS Learner | Q16: 2 | R16: 112 | S16: 0 | T16: 2 | U16: 2 | V16: 0 | W16: 0 | X16: 0 | Z16: 0 | AB16: 0 | AC16: 2026-02-08T08:17:07.8730000Z | AD16: 2026-02-08T07:51:39.3430000Z | AE16: 73 | AG16: 2026-02-08T08:02:33.4500000Z
A17: 7034 | B17: T2-25_BDSDF106 | C17: Data Structures for Data Science | D17: BS - Data Science &amp; AI | E17: dept_bs_dsai | F17: 6653 | G17: sem_trimester 2 | H17: Trimester 2 | I17: 231 | J17: 2025eb1100006@bitspilani-digital.edu.in | K17: 2025EB1100006 | L17: JAL PATEL | M17: . | N17: TRUE | O17: 120 | P17: BITS Learner | Q17: 1 | R17: 154 | S17: 0 | T17: 1 | U17: 1 | V17: 0 | W17: 0 | X17: 0 | Z17: 0 | AB17: 0 | AC17: 2026-02-08T08:17:33.9070000Z | AD17: 2026-02-08T07:51:39.3430000Z | AE17: 73 | AG17: 2026-02-08T08:15:45.7230000Z
A18: 7035 | B18: T2-25_BDSDF102 | C18: Data Preprocessing (BS) | D18: BS - Data Science &amp; AI | E18: dept_bs_dsai | F18: 6653 | G18: sem_trimester 2 | H18: Trimester 2 | I18: 231 | J18: 2025eb1100006@bitspilani-digital.edu.in | K18: 2025EB1100006 | L18: JAL PATEL | M18: . | N18: TRUE | O18: 120 | P18: BITS Learner | Q18: 0 | R18: 158 | S18: 0 | T18: 0 | U18: 0 | V18: 0 | W18: 0 | X18: 0 | Z18: 0 | AB18: 0 | AC18: 2026-02-08T08:16:57.8270000Z | AD18: 2026-02-08T07:51:39.3430000Z | AE18: 73
A19: 7021 | B19: T2-25_BDSDF113 | C19: Computer Programming | D19: BS - Data Science &amp; AI | E19: dept_bs_dsai | F19: 6653 | G19: sem_trimester 2 | H19: Trimester 2 | I19: 232 | J19: 2025eb1100007@bitspilani-digital.edu.in | K19: 2025EB1100007 | L19: HARSHVARDHAN SINGH | M19: . | N19: TRUE | O19: 120 | P19: BITS Learner | Q19: 10 | R19: 356 | S19: 0 | T19: 4 | U19: 4 | V19: 0 | W19: 0 | X19: 0 | Z19: 0 | AB19: 24662 | AC19: 2026-02-08T02:54:21.2930000Z | AD19: 2026-02-09T00:57:34.8670000Z | AE19: 67 | AG19: 2026-02-08T02:54:12.8470000Z | AH19: 2026-01-30T14:05:06.5370000Z | AI19: 2026-02-05T07:23:03.0770000Z
A20: 7022 | B20: T2-25_BDSDF114 | C20: Probability & Statistics | D20: BS - Data Science &amp; AI | E20: dept_bs_dsai | F20: 6653 | G20: sem_trimester 2 | H20: Trimester 2 | I20: 232 | J20: 2025eb1100007@bitspilani-digital.edu.in | K20: 2025EB1100007 | L20: HARSHVARDHAN SINGH | M20: . | N20: TRUE | O20: 120 | P20: BITS Learner | Q20: 1 | R20: 326 | S20: 0 | T20: 1 | U20: 1 | V20: 0 | W20: 0 | X20: 0 | Z20: 0 | AB20: 0 | AC20: 2026-02-08T02:56:47.4770000Z | AD20: 2026-02-09T00:57:34.8670000Z | AE20: 67 | AG20: 2026-02-08T02:56:43.8530000Z
A21: 7025 | B21: T2-25_BDSDF108 | C21: Computing Systems | D21: BS - Data Science &amp; AI | E21: dept_bs_dsai | F21: 6653 | G21: sem_trimester 2 | H21: Trimester 2 | I21: 232 | J21: 2025eb1100007@bitspilani-digital.edu.in | K21: 2025EB1100007 | L21: HARSHVARDHAN SINGH | M21: . | N21: TRUE | O21: 120 | P21: BITS Learner | Q21: 1 | R21: 267 | S21: 0 | T21: 1 | U21: 1 | V21: 0 | W21: 0 | X21: 0 | Z21: 0 | AB21: 0 | AC21: 2026-02-08T03:02:53.3470000Z | AD21: 2026-02-09T00:57:34.8670000Z | AE21: 67 | AG21: 2026-02-08T03:02:49.6200000Z
A22: 7024 | B22: T2-25_BDSDF101 | C22: Data and the World | D22: BS - Data Science &amp; AI | E22: dept_bs_dsai | F22: 6653 | G22: sem_trimester 2 | H22: Trimester 2 | I22: 232 | J22: 2025eb1100007@bitspilani-digital.edu.in | K22: 2025EB1100007 | L22: HARSHVARDHAN SINGH | M22: . | N22: TRUE | O22: 120 | P22: BITS Learner | Q22: 0 | R22: 53 | S22: 0 | T22: 0 | U22: 0 | V22: 0 | W22: 0 | X22: 0 | Z22: 0 | AB22: 0 | AD22: 2026-02-09T00:57:34.8670000Z | AE22: 67
A23: 7035 | B23: T2-25_BDSDF102 | C23: Data Preprocessing (BS) | D23: BS - Data Science &amp; AI | E23: dept_bs_dsai | F23: 6653 | G23: sem_trimester 2 | H23: Trimester 2 | I23: 233 | J23: 2025eb1100008@bitspilani-digital.edu.in | K23: 2025EB1100008 | L23: KALYANE VENKATESH NISHIKANT | M23: . | N23: TRUE | O23: 120 | P23: BITS Learner | Q23: 4 | R23: 158 | S23: 0 | T23: 0 | U23: 0 | V23: 0 | W23: 0 | X23: 0 | Z23: 0 | AB23: 6800 | AC23: 2026-02-07T15:35:16.0400000Z | AD23: 2026-02-07T15:26:57.4830000Z | AE23: 107
A24: 7034 | B24: T2-25_BDSDF106 | C24: Data Structures for Data Science | D24: BS - Data Science &amp; AI | E24: dept_bs_dsai | F24: 6653 | G24: sem_trimester 2 | H24: Trimester 2 | I24: 233 | J24: 2025eb1100008@bitspilani-digital.edu.in | K24: 2025EB1100008 | L24: KALYANE VENKATESH NISHIKANT | M24: . | N24: TRUE | O24: 120 | P24: BITS Learner | Q24: 0 | R24: 154 | S24: 0 | T24: 0 | U24: 0 | V24: 0 | W24: 0 | X24: 0 | Z24: 0 | AB24: 0 | AD24: 2026-02-07T15:26:57.4830000Z | AE24: 107
A25: 7032 | B25: T2-25_BDSDF107 | C25: Fundamentals of Data Science and Engineering | D25: BS - Data Science &amp; AI | E25: dept_bs_dsai | F25: 6653 | G25: sem_trimester 2 | H25: Trimester 2 | I25: 233 | J25: 2025eb1100008@bitspilani-digital.edu.in | K25: 2025EB1100008 | L25: KALYANE VENKATESH NISHIKANT | M25: . | N25: TRUE | O25: 120 | P25: BITS Learner | Q25: 5 | R25: 112 | S25: 0 | T25: 1 | U25: 1 | V25: 0 | W25: 0 | X25: 0 | Z25: 0 | AB25: 3889 | AC25: 2026-02-07T15:34:29.9030000Z | AD25: 2026-02-07T15:26:57.4830000Z | AE25: 107 | AG25: 2026-02-07T15:34:10.0200000Z
A26: 7033 | B26: T2-25_BDSDF110 | C26: Linear Algebra | D26: BS - Data Science &amp; AI | E26: dept_bs_dsai | F26: 6653 | G26: sem_trimester 2 | H26: Trimester 2 | I26: 233 | J26: 2025eb1100008@bitspilani-digital.edu.in | K26: 2025EB1100008 | L26: KALYANE VENKATESH NISHIKANT | M26: . | N26: TRUE | O26: 120 | P26: BITS Learner | Q26: 0 | R26: 86 | S26: 0 | T26: 0 | U26: 0 | V26: 0 | W26: 0 | X26: 0 | Z26: 0 | AB26: 0 | AD26: 2026-02-07T15:26:57.4830000Z | AE26: 107
A27: 7024 | B27: T2-25_BDSDF101 | C27: Data and the World | D27: BS - Data Science &amp; AI | E27: dept_bs_dsai | F27: 6653 | G27: sem_trimester 2 | H27: Trimester 2 | I27: 234 | J27: 2025eb1100009@bitspilani-digital.edu.in | K27: 2025EB1100009 | L27: ALI ZAFAR RIZVI | M27: . | N27: TRUE | O27: 120 | P27: BITS Learner | Q27: 0 | R27: 53 | S27: 0 | T27: 0 | U27: 0 | V27: 0 | W27: 0 | X27: 0 | Z27: 0 | AB27: 0 | AD27: 2026-02-08T17:27:11.8430000Z | AE27: 7
A28: 7025 | B28: T2-25_BDSDF108 | C28: Computing Systems | D28: BS - Data Science &amp; AI | E28: dept_bs_dsai | F28: 6653 | G28: sem_trimester 2 | H28: Trimester 2 | I28: 234 | J28: 2025eb1100009@bitspilani-digital.edu.in | K28: 2025EB1100009 | L28: ALI ZAFAR RIZVI | M28: . | N28: TRUE | O28: 120 | P28: BITS Learner | Q28: 0 | R28: 267 | S28: 0 | T28: 0 | U28: 0 | V28: 0 | W28: 0 | X28: 0 | Z28: 0 | AB28: 0 | AD28: 2026-02-08T17:27:11.8430000Z | AE28: 7
A29: 7022 | B29: T2-25_BDSDF114 | C29: Probability & Statistics | D29: BS - Data Science &amp; AI | E29: dept_bs_dsai | F29: 6653 | G29: sem_trimester 2 | H29: Trimester 2 | I29: 234 | J29: 2025eb1100009@bitspilani-digital.edu.in | K29: 2025EB1100009 | L29: ALI ZAFAR RIZVI | M29: . | N29: TRUE | O29: 120 | P29: BITS Learner | Q29: 0 | R29: 326 | S29: 0 | T29: 0 | U29: 0 | V29: 0 | W29: 0 | X29: 0 | Z29: 0 | AB29: 0 | AD29: 2026-02-08T17:27:11.8430000Z | AE29: 7
A30: 7023 | B30: T2-25_BDSDF112 | C30: Writing Practice | D30: BS - Data Science &amp; AI | E30: dept_bs_dsai | F30: 6653 | G30: sem_trimester 2 | H30: Trimester 2 | I30: 234 | J30: 2025eb1100009@bitspilani-digital.edu.in | K30: 2025EB1100009 | L30: ALI ZAFAR RIZVI | M30: . | N30: TRUE | O30: 120 | P30: BITS Learner | Q30: 0 | R30: 209 | S30: 0 | T30: 0 | U30: 0 | V30: 0 | W30: 0 | X30: 0 | Z30: 0 | AB30: 0 | AD30: 2026-02-08T17:27:11.8430000Z | AE30: 7
A31: 7021 | B31: T2-25_BDSDF113 | C31: Computer Programming | D31: BS - Data Science &amp; AI | E31: dept_bs_dsai | F31: 6653 | G31: sem_trimester 2 | H31: Trimester 2 | I31: 234 | J31: 2025eb1100009@bitspilani-digital.edu.in | K31: 2025EB1100009 | L31: ALI ZAFAR RIZVI | M31: . | N31: TRUE | O31: 120 | P31: BITS Learner | Q31: 0 | R31: 356 | S31: 0 | T31: 0 | U31: 0 | V31: 0 | W31: 0 | X31: 0 | Z31: 0 | AB31: 0 | AD31: 2026-02-08T17:27:11.8430000Z | AE31: 7
A32: 7033 | B32: T2-25_BDSDF110 | C32: Linear Algebra | D32: BS - Data Science &amp; AI | E32: dept_bs_dsai | F32: 6653 | G32: sem_trimester 2 | H32: Trimester 2 | I32: 235 | J32: 2025eb1100010@bitspilani-digital.edu.in | K32: 2025EB1100010 | L32: HARSHITA JAIN | M32: . | N32: TRUE | O32: 120 | P32: BITS Learner | Q32: 0 | R32: 86 | S32: 0 | T32: 0 | U32: 0 | V32: 0 | W32: 0 | X32: 0 | Z32: 0 | AB32: 0 | AD32: 2026-02-09T14:18:25.6470000Z | AE32: 170
A33: 7032 | B33: T2-25_BDSDF107 | C33: Fundamentals of Data Science and Engineering | D33: BS - Data Science &amp; AI | E33: dept_bs_dsai | F33: 6653 | G33: sem_trimester 2 | H33: Trimester 2 | I33: 235 | J33: 2025eb1100010@bitspilani-digital.edu.in | K33: 2025EB1100010 | L33: HARSHITA JAIN | M33: . | N33: TRUE | O33: 120 | P33: BITS Learner | Q33: 4 | R33: 112 | S33: 0 | T33: 2 | U33: 2 | V33: 0 | W33: 0 | X33: 0 | Z33: 0 | AB33: 14 | AC33: 2026-02-08T14:39:37.0530000Z | AD33: 2026-02-09T14:18:25.6470000Z | AE33: 170 | AG33: 2026-02-08T14:39:30.3800000Z
A34: 7034 | B34: T2-25_BDSDF106 | C34: Data Structures for Data Science | D34: BS - Data Science &amp; AI | E34: dept_bs_dsai | F34: 6653 | G34: sem_trimester 2 | H34: Trimester 2 | I34: 235 | J34: 2025eb1100010@bitspilani-digital.edu.in | K34: 2025EB1100010 | L34: HARSHITA JAIN | M34: . | N34: TRUE | O34: 120 | P34: BITS Learner | Q34: 3 | R34: 154 | S34: 0 | T34: 0 | U34: 0 | V34: 0 | W34: 0 | X34: 0 | Z34: 0 | AB34: 22 | AC34: 2026-02-04T14:31:35.9470000Z | AD34: 2026-02-09T14:18:25.6470000Z | AE34: 170
A35: 7035 | B35: T2-25_BDSDF102 | C35: Data Preprocessing (BS) | D35: BS - Data Science &amp; AI | E35: dept_bs_dsai | F35: 6653 | G35: sem_trimester 2 | H35: Trimester 2 | I35: 235 | J35: 2025eb1100010@bitspilani-digital.edu.in | K35: 2025EB1100010 | L35: HARSHITA JAIN | M35: . | N35: TRUE | O35: 120 | P35: BITS Learner | Q35: 10 | R35: 158 | S35: 0 | T35: 0 | U35: 0 | V35: 0 | W35: 0 | X35: 0 | Z35: 0 | AB35: 9593 | AC35: 2026-02-09T16:52:56.6300000Z | AD35: 2026-02-09T14:18:25.6470000Z | AE35: 170
A36: 7021 | B36: T2-25_BDSDF113 | C36: Computer Programming | D36: BS - Data Science &amp; AI | E36: dept_bs_dsai | F36: 6653 | G36: sem_trimester 2 | H36: Trimester 2 | I36: 237 | J36: 2025eb1100012@bitspilani-digital.edu.in | K36: 2025EB1100012 | L36: SANTOSH SHRIKHANDE | M36: . | N36: TRUE | O36: 120 | P36: BITS Learner | Q36: 0 | R36: 356 | S36: 0 | T36: 0 | U36: 0 | V36: 0 | W36: 0 | X36: 0 | Z36: 0 | AB36: 0 | AD36: 2026-02-07T05:52:24.4370000Z | AE36: 119
A37: 7022 | B37: T2-25_BDSDF114 | C37: Probability & Statistics | D37: BS - Data Science &amp; AI | E37: dept_bs_dsai | F37: 6653 | G37: sem_trimester 2 | H37: Trimester 2 | I37: 237 | J37: 2025eb1100012@bitspilani-digital.edu.in | K37: 2025EB1100012 | L37: SANTOSH SHRIKHANDE | M37: . | N37: TRUE | O37: 120 | P37: BITS Learner | Q37: 4 | R37: 326 | S37: 0 | T37: 0 | U37: 0 | V37: 0 | W37: 0 | X37: 0 | Z37: 0 | AB37: 22 | AC37: 2026-02-07T05:55:07.9530000Z | AD37: 2026-02-07T05:52:24.4370000Z | AE37: 119 | AH37: 2026-02-07T05:55:22.3570000Z | AI37: 2026-02-07T05:55:22.3570000Z
A38: 7021 | B38: T2-25_BDSDF113 | C38: Computer Programming | D38: BS - Data Science &amp; AI | E38: dept_bs_dsai | F38: 6653 | G38: sem_trimester 2 | H38: Trimester 2 | I38: 238 | J38: 2025eb1100013@bitspilani-digital.edu.in | K38: 2025EB1100013 | L38: AKSHITHA IMMACULATE A | M38: . | N38: TRUE | O38: 120 | P38: BITS Learner | Q38: 0 | R38: 356 | S38: 0 | T38: 0 | U38: 0 | V38: 0 | W38: 0 | X38: 0 | Z38: 0 | AB38: 0 | AD38: 2026-01-30T14:24:09.0330000Z | AE38: 100
A39: 7025 | B39: T2-25_BDSDF108 | C39: Computing Systems | D39: BS - Data Science &amp; AI | E39: dept_bs_dsai | F39: 6653 | G39: sem_trimester 2 | H39: Trimester 2 | I39: 238 | J39: 2025eb1100013@bitspilani-digital.edu.in | K39: 2025EB1100013 | L39: AKSHITHA IMMACULATE A | M39: . | N39: TRUE | O39: 120 | P39: BITS Learner | Q39: 0 | R39: 267 | S39: 0 | T39: 0 | U39: 0 | V39: 0 | W39: 0 | X39: 0 | Z39: 0 | AB39: 0 | AD39: 2026-01-30T14:24:09.0330000Z | AE39: 100
A40: 7032 | B40: T2-25_BDSDF107 | C40: Fundamentals of Data Science and Engineering | D40: BS - Data Science &amp; AI | E40: dept_bs_dsai | F40: 6653 | G40: sem_trimester 2 | H40: Trimester 2 | I40: 238 | J40: 2025eb1100013@bitspilani-digital.edu.in | K40: 2025EB1100013 | L40: AKSHITHA IMMACULATE A | M40: . | N40: TRUE | O40: 120 | P40: BITS Learner | Q40: 0 | R40: 112 | S40: 0 | T40: 0 | U40: 0 | V40: 0 | W40: 0 | X40: 0 | Z40: 0 | AB40: 0 | AC40: 2026-01-18T11:10:10.2200000Z | AD40: 2026-01-30T14:24:09.0330000Z | AE40: 100
A41: 7033 | B41: T2-25_BDSDF110 | C41: Linear Algebra | D41: BS - Data Science &amp; AI | E41: dept_bs_dsai | F41: 6653 | G41: sem_trimester 2 | H41: Trimester 2 | I41: 238 | J41: 2025eb1100013@bitspilani-digital.edu.in | K41: 2025EB1100013 | L41: AKSHITHA IMMACULATE A | M41: . | N41: TRUE | O41: 120 | P41: BITS Learner | Q41: 0 | R41: 86 | S41: 0 | T41: 0 | U41: 0 | V41: 0 | W41: 0 | X41: 0 | Z41: 0 | AB41: 0 | AD41: 2026-01-30T14:24:09.0330000Z | AE41: 100
A42: 7034 | B42: T2-25_BDSDF106 | C42: Data Structures for Data Science | D42: BS - Data Science &amp; AI | E42: dept_bs_dsai | F42: 6653 | G42: sem_trimester 2 | H42: Trimester 2 | I42: 239 | J42: 2025eb1100014@bitspilani-digital.edu.in | K42: 2025EB1100014 | L42: SURYA A | M42: . | N42: TRUE | O42: 120 | P42: BITS Learner | Q42: 61 | R42: 154 | S42: 0 | T42: 8 | U42: 8 | V42: 0 | W42: 0 | X42: 0 | Z42: 0 | AB42: 52849 | AC42: 2026-02-09T15:46:33.2500000Z | AD42: 2026-02-09T15:44:09.7300000Z | AE42: 200 | AG42: 2026-02-09T15:46:22.7570000Z | AH42: 2026-01-19T09:41:03.9430000Z | AI42: 2026-01-28T20:04:48.0130000Z
A43: 7022 | B43: T2-25_BDSDF114 | C43: Probability & Statistics | D43: BS - Data Science &amp; AI | E43: dept_bs_dsai | F43: 6653 | G43: sem_trimester 2 | H43: Trimester 2 | I43: 239 | J43: 2025eb1100014@bitspilani-digital.edu.in | K43: 2025EB1100014 | L43: SURYA A | M43: . | N43: TRUE | O43: 120 | P43: BITS Learner | Q43: 13 | R43: 326 | S43: 0 | T43: 2 | U43: 3 | V43: 0 | W43: 0 | X43: 0 | Z43: 0 | AB43: 7223 | AC43: 2026-02-09T15:49:52.3800000Z | AD43: 2026-02-09T15:44:09.7300000Z | AE43: 200 | AG43: 2026-02-09T15:49:48.9800000Z | AH43: 2026-01-21T10:07:30.9030000Z | AI43: 2026-01-21T10:07:30.9130000Z
A44: 7034 | B44: T2-25_BDSDF106 | C44: Data Structures for Data Science | D44: BS - Data Science &amp; AI | E44: dept_bs_dsai | F44: 6653 | G44: sem_trimester 2 | H44: Trimester 2 | I44: 240 | J44: 2025eb1100015@bitspilani-digital.edu.in | K44: 2025EB1100015 | L44: TADIMALLA ADITI | M44: . | N44: TRUE | O44: 120 | P44: BITS Learner | Q44: 13 | R44: 154 | S44: 0 | T44: 4 | U44: 4 | V44: 0 | W44: 0 | X44: 0 | Z44: 0 | AB44: 43739 | AC44: 2026-02-10T03:06:34.9530000Z | AD44: 2026-02-10T03:06:30.3670000Z | AE44: 239 | AG44: 2026-02-08T17:30:39.1400000Z | AH44: 2026-02-10T03:20:58.8370000Z | AI44: 2026-02-10T03:20:58.8400000Z
A45: 7035 | B45: T2-25_BDSDF102 | C45: Data Preprocessing (BS) | D45: BS - Data Science &amp; AI | E45: dept_bs_dsai | F45: 6653 | G45: sem_trimester 2 | H45: Trimester 2 | I45: 240 | J45: 2025eb1100015@bitspilani-digital.edu.in | K45: 2025EB1100015 | L45: TADIMALLA ADITI | M45: . | N45: TRUE | O45: 120 | P45: BITS Learner | Q45: 5 | R45: 158 | S45: 0 | T45: 0 | U45: 0 | V45: 0 | W45: 0 | X45: 0 | Z45: 0 | AB45: 18 | AC45: 2026-02-07T15:50:34.0700000Z | AD45: 2026-02-10T03:06:30.3670000Z | AE45: 239
A46: 7033 | B46: T2-25_BDSDF110 | C46: Linear Algebra | D46: BS - Data Science &amp; AI | E46: dept_bs_dsai | F46: 6653 | G46: sem_trimester 2 | H46: Trimester 2 | I46: 240 | J46: 2025eb1100015@bitspilani-digital.edu.in | K46: 2025EB1100015 | L46: TADIMALLA ADITI | M46: . | N46: TRUE | O46: 120 | P46: BITS Learner | Q46: 41 | R46: 86 | S46: 0 | T46: 12 | U46: 12 | V46: 0 | W46: 0 | X46: 0 | Z46: 0 | AB46: 7515 | AC46: 2026-02-09T14:17:22.6930000Z | AD46: 2026-02-10T03:06:30.3670000Z | AE46: 239 | AG46: 2026-02-09T14:16:46.7530000Z | AH46: 2026-02-09T03:13:18.3970000Z | AI46: 2026-02-09T03:13:18.3930000Z
A47: 7032 | B47: T2-25_BDSDF107 | C47: Fundamentals of Data Science and Engineering | D47: BS - Data Science &amp; AI | E47: dept_bs_dsai | F47: 6653 | G47: sem_trimester 2 | H47: Trimester 2 | I47: 240 | J47: 2025eb1100015@bitspilani-digital.edu.in | K47: 2025EB1100015 | L47: TADIMALLA ADITI | M47: . | N47: TRUE | O47: 120 | P47: BITS Learner | Q47: 37 | R47: 112 | S47: 0 | T47: 6 | U47: 6 | V47: 0 | W47: 0 | X47: 0 | Z47: 0 | AB47: 46448 | AC47: 2026-02-07T16:43:43.8370000Z | AD47: 2026-02-10T03:06:30.3670000Z | AE47: 239 | AG47: 2026-02-07T16:43:37.4230000Z
A48: 7022 | B48: T2-25_BDSDF114 | C48: Probability & Statistics | D48: BS - Data Science &amp; AI | E48: dept_bs_dsai | F48: 6653 | G48: sem_trimester 2 | H48: Trimester 2 | I48: 241 | J48: 2025eb1100016@bitspilani-digital.edu.in | K48: 2025EB1100016 | L48: AKASH.T | M48: . | N48: TRUE | O48: 120 | P48: BITS Learner | Q48: 1 | R48: 326 | S48: 0 | T48: 0 | U48: 0 | V48: 0 | W48: 0 | X48: 0 | Z48: 0 | AB48: 0 | AC48: 2026-01-31T13:57:33.1100000Z | AD48: 2026-02-09T06:53:46.1600000Z | AE48: 183
A49: 7021 | B49: T2-25_BDSDF113 | C49: Computer Programming | D49: BS - Data Science &amp; AI | E49: dept_bs_dsai | F49: 6653 | G49: sem_trimester 2 | H49: Trimester 2 | I49: 241 | J49: 2025eb1100016@bitspilani-digital.edu.in | K49: 2025EB1100016 | L49: AKASH.T | M49: . | N49: TRUE | O49: 120 | P49: BITS Learner | Q49: 1 | R49: 356 | S49: 0 | T49: 0 | U49: 0 | V49: 0 | W49: 0 | X49: 0 | Z49: 0 | AB49: 0 | AC49: 2026-02-09T06:53:47.1870000Z | AD49: 2026-02-09T06:53:46.1600000Z | AE49: 183
A50: 7032 | B50: T2-25_BDSDF107 | C50: Fundamentals of Data Science and Engineering | D50: BS - Data Science &amp; AI | E50: dept_bs_dsai | F50: 6653 | G50: sem_trimester 2 | H50: Trimester 2 | I50: 243 | J50: 2025eb1100018@bitspilani-digital.edu.in | K50: 2025EB1100018 | L50: NIMMAGANTI SUMAHE | M50: . | N50: TRUE | O50: 120 | P50: BITS Learner | Q50: 52 | R50: 112 | S50: 0 | T50: 7 | U50: 7 | V50: 0 | W50: 0 | X50: 0 | Z50: 0 | AB50: 14750 | AC50: 2026-02-08T21:41:02.6170000Z | AD50: 2026-02-09T12:50:53.0830000Z | AE50: 322 | AG50: 2026-02-08T21:40:36.1730000Z
A51: 7033 | B51: T2-25_BDSDF110 | C51: Linear Algebra | D51: BS - Data Science &amp; AI | E51: dept_bs_dsai | F51: 6653 | G51: sem_trimester 2 | H51: Trimester 2 | I51: 243 | J51: 2025eb1100018@bitspilani-digital.edu.in | K51: 2025EB1100018 | L51: NIMMAGANTI SUMAHE | M51: . | N51: TRUE | O51: 120 | P51: BITS Learner | Q51: 61 | R51: 86 | S51: 0 | T51: 16 | U51: 17 | V51: 4 | W51: 0 | X51: 0 | Y51: 2026-02-08T20:09:50.6830000Z | Z51: 0 | AB51: 25463 | AC51: 2026-02-09T12:51:37.3100000Z | AD51: 2026-02-09T12:50:53.0830000Z | AE51: 322 | AG51: 2026-02-08T20:01:37.7070000Z | AH51: 2026-02-08T20:01:57.0970000Z | AI51: 2026-02-08T20:01:57.0970000Z
A52: 7035 | B52: T2-25_BDSDF102 | C52: Data Preprocessing (BS) | D52: BS - Data Science &amp; AI | E52: dept_bs_dsai | F52: 6653 | G52: sem_trimester 2 | H52: Trimester 2 | I52: 243 | J52: 2025eb1100018@bitspilani-digital.edu.in | K52: 2025EB1100018 | L52: NIMMAGANTI SUMAHE | M52: . | N52: TRUE | O52: 120 | P52: BITS Learner | Q52: 81 | R52: 158 | S52: 0 | T52: 27 | U52: 27 | V52: 0 | W52: 0 | X52: 0 | Z52: 0 | AB52: 28046 | AC52: 2026-02-08T20:10:27.6930000Z | AD52: 2026-02-09T12:50:53.0830000Z | AE52: 322 | AG52: 2026-02-08T14:32:46.4930000Z
A53: 7034 | B53: T2-25_BDSDF106 | C53: Data Structures for Data Science | D53: BS - Data Science &amp; AI | E53: dept_bs_dsai | F53: 6653 | G53: sem_trimester 2 | H53: Trimester 2 | I53: 243 | J53: 2025eb1100018@bitspilani-digital.edu.in | K53: 2025EB1100018 | L53: NIMMAGANTI SUMAHE | M53: . | N53: TRUE | O53: 120 | P53: BITS Learner | Q53: 91 | R53: 154 | S53: 0 | T53: 30 | U53: 30 | V53: 0 | W53: 0 | X53: 0 | Z53: 0 | AB53: 29105 | AC53: 2026-02-09T12:52:05.5470000Z | AD53: 2026-02-09T12:50:53.0830000Z | AE53: 322 | AG53: 2026-02-08T14:26:36.0170000Z | AH53: 2026-02-05T18:26:03.1070000Z | AI53: 2026-02-05T18:36:20.5400000Z
A54: 7022 | B54: T2-25_BDSDF114 | C54: Probability & Statistics | D54: BS - Data Science &amp; AI | E54: dept_bs_dsai | F54: 6653 | G54: sem_trimester 2 | H54: Trimester 2 | I54: 244 | J54: 2025eb1100019@bitspilani-digital.edu.in | K54: 2025EB1100019 | L54: NITISH KUMAR | M54: . | N54: TRUE | O54: 120 | P54: BITS Learner | Q54: 6 | R54: 326 | S54: 0 | T54: 1 | U54: 1 | V54: 0 | W54: 0 | X54: 0 | Z54: 0 | AB54: 763 | AC54: 2026-02-08T15:01:55.8400000Z | AD54: 2026-02-09T18:25:38.1170000Z | AE54: 124 | AG54: 2026-02-08T15:01:36.1370000Z
A55: 7025 | B55: T2-25_BDSDF108 | C55: Computing Systems | D55: BS - Data Science &amp; AI | E55: dept_bs_dsai | F55: 6653 | G55: sem_trimester 2 | H55: Trimester 2 | I55: 244 | J55: 2025eb1100019@bitspilani-digital.edu.in | K55: 2025EB1100019 | L55: NITISH KUMAR | M55: . | N55: TRUE | O55: 120 | P55: BITS Learner | Q55: 15 | R55: 267 | S55: 0 | T55: 4 | U55: 4 | V55: 0 | W55: 0 | X55: 0 | Z55: 0 | AB55: 9984 | AC55: 2026-02-09T20:04:12.7870000Z | AD55: 2026-02-09T18:25:38.1170000Z | AE55: 124 | AG55: 2026-02-09T20:04:02.3630000Z | AH55: 2026-02-09T20:04:23.7470000Z | AI55: 2026-02-09T20:04:23.7400000Z
A56: 7025 | B56: T2-25_BDSDF108 | C56: Computing Systems | D56: BS - Data Science &amp; AI | E56: dept_bs_dsai | F56: 6653 | G56: sem_trimester 2 | H56: Trimester 2 | I56: 245 | J56: 2025eb1100020@bitspilani-digital.edu.in | K56: 2025EB1100020 | L56: AYUSH JHA | M56: . | N56: TRUE | O56: 120 | P56: BITS Learner | Q56: 5 | R56: 267 | S56: 0 | T56: 1 | U56: 1 | V56: 0 | W56: 0 | X56: 0 | Z56: 0 | AB56: 66 | AC56: 2026-02-08T13:56:05.5670000Z | AD56: 2026-02-09T07:21:41.8230000Z | AE56: 77 | AG56: 2026-02-08T13:55:34.7400000Z | AH56: 2026-01-24T15:44:23.2600000Z | AI56: 2026-01-24T15:44:23.2670000Z
A57: 7024 | B57: T2-25_BDSDF101 | C57: Data and the World | D57: BS - Data Science &amp; AI | E57: dept_bs_dsai | F57: 6653 | G57: sem_trimester 2 | H57: Trimester 2 | I57: 245 | J57: 2025eb1100020@bitspilani-digital.edu.in | K57: 2025EB1100020 | L57: AYUSH JHA | M57: . | N57: TRUE | O57: 120 | P57: BITS Learner | Q57: 6 | R57: 53 | S57: 0 | T57: 1 | U57: 2 | V57: 0 | W57: 0 | X57: 0 | Z57: 0 | AB57: 3667 | AC57: 2026-02-08T13:45:56.2370000Z | AD57: 2026-02-09T07:21:41.8230000Z | AE57: 77 | AG57: 2026-01-23T14:50:41.5300000Z | AH57: 2026-01-22T16:36:28.4970000Z | AI57: 2026-01-23T14:35:46.9770000Z
A58: 7022 | B58: T2-25_BDSDF114 | C58: Probability & Statistics | D58: BS - Data Science &amp; AI | E58: dept_bs_dsai | F58: 6653 | G58: sem_trimester 2 | H58: Trimester 2 | I58: 245 | J58: 2025eb1100020@bitspilani-digital.edu.in | K58: 2025EB1100020 | L58: AYUSH JHA | M58: . | N58: TRUE | O58: 120 | P58: BITS Learner | Q58: 1 | R58: 326 | S58: 0 | T58: 1 | U58: 1 | V58: 0 | W58: 0 | X58: 0 | Z58: 0 | AB58: 0 | AC58: 2026-02-08T13:45:37.9530000Z | AD58: 2026-02-09T07:21:41.8230000Z | AE58: 77 | AG58: 2026-02-08T13:45:25.1370000Z
A59: 7023 | B59: T2-25_BDSDF112 | C59: Writing Practice | D59: BS - Data Science &amp; AI | E59: dept_bs_dsai | F59: 6653 | G59: sem_trimester 2 | H59: Trimester 2 | I59: 245 | J59: 2025eb1100020@bitspilani-digital.edu.in | K59: 2025EB1100020 | L59: AYUSH JHA | M59: . | N59: TRUE | O59: 120 | P59: BITS Learner | Q59: 9 | R59: 209 | S59: 0 | T59: 3 | U59: 3 | V59: 0 | W59: 0 | X59: 0 | Z59: 0 | AB59: 4460 | AC59: 2026-02-08T13:56:29.6600000Z | AD59: 2026-02-09T07:21:41.8230000Z | AE59: 77 | AG59: 2026-02-05T15:47:52.5270000Z
A60: 7021 | B60: T2-25_BDSDF113 | C60: Computer Programming | D60: BS - Data Science &amp; AI | E60: dept_bs_dsai | F60: 6653 | G60: sem_trimester 2 | H60: Trimester 2 | I60: 245 | J60: 2025eb1100020@bitspilani-digital.edu.in | K60: 2025EB1100020 | L60: AYUSH JHA | M60: . | N60: TRUE | O60: 120 | P60: BITS Learner | Q60: 21 | R60: 356 | S60: 0 | T60: 6 | U60: 8 | V60: 0 | W60: 0 | X60: 0 | Z60: 0 | AB60: 4646 | AC60: 2026-02-09T07:22:11.7630000Z | AD60: 2026-02-09T07:21:41.8230000Z | AE60: 77 | AG60: 2026-02-08T13:37:04.5700000Z | AH60: 2026-02-09T07:41:28.0400000Z | AI60: 2026-02-09T07:41:28.0400000Z
A61: 7034 | B61: T2-25_BDSDF106 | C61: Data Structures for Data Science | D61: BS - Data Science &amp; AI | E61: dept_bs_dsai | F61: 6653 | G61: sem_trimester 2 | H61: Trimester 2 | I61: 246 | J61: 2025eb1100021@bitspilani-digital.edu.in | K61: 2025EB1100021 | L61: R KUSHAL MEHTA | M61: . | N61: TRUE | O61: 120 | P61: BITS Learner | Q61: 23 | R61: 154 | S61: 0 | T61: 6 | U61: 7 | V61: 0 | W61: 0 | X61: 0 | Z61: 0 | AB61: 7042 | AC61: 2026-02-10T05:22:24.8300000Z | AD61: 2026-02-10T05:04:12.6300000Z | AE61: 274 | AG61: 2026-02-10T05:22:18.0230000Z | AH61: 2026-02-04T11:22:17.7870000Z | AI61: 2026-02-05T12:29:06.3170000Z
A62: 7035 | B62: T2-25_BDSDF102 | C62: Data Preprocessing (BS) | D62: BS - Data Science &amp; AI | E62: dept_bs_dsai | F62: 6653 | G62: sem_trimester 2 | H62: Trimester 2 | I62: 246 | J62: 2025eb1100021@bitspilani-digital.edu.in | K62: 2025EB1100021 | L62: R KUSHAL MEHTA | M62: . | N62: TRUE | O62: 120 | P62: BITS Learner | Q62: 29 | R62: 158 | S62: 0 | T62: 8 | U62: 10 | V62: 0 | W62: 0 | X62: 0 | Z62: 0 | AB62: 13207 | AC62: 2026-02-10T05:27:57.6630000Z | AD62: 2026-02-10T05:04:12.6300000Z | AE62: 274 | AG62: 2026-02-10T05:27:09.6830000Z
A63: 7033 | B63: T2-25_BDSDF110 | C63: Linear Algebra | D63: BS - Data Science &amp; AI | E63: dept_bs_dsai | F63: 6653 | G63: sem_trimester 2 | H63: Trimester 2 | I63: 246 | J63: 2025eb1100021@bitspilani-digital.edu.in | K63: 2025EB1100021 | L63: R KUSHAL MEHTA | M63: . | N63: TRUE | O63: 120 | P63: BITS Learner | Q63: 7 | R63: 86 | S63: 0 | T63: 1 | U63: 1 | V63: 0 | W63: 0 | X63: 0 | Z63: 0 | AB63: 1150 | AC63: 2026-02-10T05:18:21.8000000Z | AD63: 2026-02-10T05:04:12.6300000Z | AE63: 274 | AG63: 2026-02-10T05:18:16.5670000Z | AH63: 2026-01-29T13:05:35.3030000Z | AI63: 2026-01-29T13:05:35.3030000Z
A64: 7032 | B64: T2-25_BDSDF107 | C64: Fundamentals of Data Science and Engineering | D64: BS - Data Science &amp; AI | E64: dept_bs_dsai | F64: 6653 | G64: sem_trimester 2 | H64: Trimester 2 | I64: 246 | J64: 2025eb1100021@bitspilani-digital.edu.in | K64: 2025EB1100021 | L64: R KUSHAL MEHTA | M64: . | N64: TRUE | O64: 120 | P64: BITS Learner | Q64: 27 | R64: 112 | S64: 0 | T64: 4 | U64: 5 | V64: 1 | W64: 0 | X64: 0 | Y64: 2026-02-08T17:15:09.4430000Z | Z64: 0 | AB64: 4062 | AC64: 2026-02-10T05:29:26.5130000Z | AD64: 2026-02-10T05:04:12.6300000Z | AE64: 274 | AG64: 2026-02-10T05:09:13.6330000Z
A65: 7033 | B65: T2-25_BDSDF110 | C65: Linear Algebra | D65: BS - Data Science &amp; AI | E65: dept_bs_dsai | F65: 6653 | G65: sem_trimester 2 | H65: Trimester 2 | I65: 247 | J65: 2025eb1100022@bitspilani-digital.edu.in | K65: 2025EB1100022 | L65: SUBHOM KAR | M65: . | N65: TRUE | O65: 120 | P65: BITS Learner | Q65: 0 | R65: 86 | S65: 0 | T65: 0 | U65: 0 | V65: 0 | W65: 0 | X65: 0 | Z65: 0 | AB65: 0 | AD65: 2026-02-03T15:32:41.9600000Z | AE65: 46
A66: 7034 | B66: T2-25_BDSDF106 | C66: Data Structures for Data Science | D66: BS - Data Science &amp; AI | E66: dept_bs_dsai | F66: 6653 | G66: sem_trimester 2 | H66: Trimester 2 | I66: 247 | J66: 2025eb1100022@bitspilani-digital.edu.in | K66: 2025EB1100022 | L66: SUBHOM KAR | M66: . | N66: TRUE | O66: 120 | P66: BITS Learner | Q66: 0 | R66: 154 | S66: 0 | T66: 0 | U66: 0 | V66: 0 | W66: 0 | X66: 0 | Z66: 0 | AB66: 0 | AD66: 2026-02-03T15:32:41.9600000Z | AE66: 46
A67: 7024 | B67: T2-25_BDSDF101 | C67: Data and the World | D67: BS - Data Science &amp; AI | E67: dept_bs_dsai | F67: 6653 | G67: sem_trimester 2 | H67: Trimester 2 | I67: 247 | J67: 2025eb1100022@bitspilani-digital.edu.in | K67: 2025EB1100022 | L67: SUBHOM KAR | M67: . | N67: TRUE | O67: 120 | P67: BITS Learner | Q67: 0 | R67: 53 | S67: 0 | T67: 0 | U67: 0 | V67: 0 | W67: 0 | X67: 0 | Z67: 0 | AB67: 0 | AD67: 2026-02-03T15:32:41.9600000Z | AE67: 46
A68: 7025 | B68: T2-25_BDSDF108 | C68: Computing Systems | D68: BS - Data Science &amp; AI | E68: dept_bs_dsai | F68: 6653 | G68: sem_trimester 2 | H68: Trimester 2 | I68: 247 | J68: 2025eb1100022@bitspilani-digital.edu.in | K68: 2025EB1100022 | L68: SUBHOM KAR | M68: . | N68: TRUE | O68: 120 | P68: BITS Learner | Q68: 0 | R68: 267 | S68: 0 | T68: 0 | U68: 0 | V68: 0 | W68: 0 | X68: 0 | Z68: 0 | AB68: 0 | AD68: 2026-02-03T15:32:41.9600000Z | AE68: 46
A69: 7024 | B69: T2-25_BDSDF101 | C69: Data and the World | D69: BS - Data Science &amp; AI | E69: dept_bs_dsai | F69: 6653 | G69: sem_trimester 2 | H69: Trimester 2 | I69: 249 | J69: 2025eb1100024@bitspilani-digital.edu.in | K69: 2025EB1100024 | L69: SHOORSEN THIRUNAVUKKARASU K | M69: . | N69: TRUE | O69: 120 | P69: BITS Learner | Q69: 6 | R69: 53 | S69: 0 | T69: 0 | U69: 0 | V69: 0 | W69: 0 | X69: 0 | Z69: 0 | AB69: 396 | AC69: 2026-02-07T13:01:05.0270000Z | AD69: 2026-02-08T06:51:55.3800000Z | AE69: 112 | AH69: 2026-01-29T14:52:13.0470000Z | AI69: 2026-01-29T14:52:13.0600000Z
A70: 7021 | B70: T2-25_BDSDF113 | C70: Computer Programming | D70: BS - Data Science &amp; AI | E70: dept_bs_dsai | F70: 6653 | G70: sem_trimester 2 | H70: Trimester 2 | I70: 249 | J70: 2025eb1100024@bitspilani-digital.edu.in | K70: 2025EB1100024 | L70: SHOORSEN THIRUNAVUKKARASU K | M70: . | N70: TRUE | O70: 120 | P70: BITS Learner | Q70: 13 | R70: 356 | S70: 0 | T70: 4 | U70: 8 | V70: 0 | W70: 0 | X70: 0 | Z70: 0 | AB70: 1785 | AC70: 2026-02-08T06:56:25.9930000Z | AD70: 2026-02-08T06:51:55.3800000Z | AE70: 112 | AG70: 2026-02-08T06:55:52.9500000Z | AH70: 2026-01-29T14:37:14.7270000Z | AI70: 2026-01-29T14:37:14.7370000Z
A71: 7033 | B71: T2-25_BDSDF110 | C71: Linear Algebra | D71: BS - Data Science &amp; AI | E71: dept_bs_dsai | F71: 6653 | G71: sem_trimester 2 | H71: Trimester 2 | I71: 249 | J71: 2025eb1100024@bitspilani-digital.edu.in | K71: 2025EB1100024 | L71: SHOORSEN THIRUNAVUKKARASU K | M71: . | N71: TRUE | O71: 120 | P71: BITS Learner | Q71: 9 | R71: 86 | S71: 0 | T71: 3 | U71: 3 | V71: 0 | W71: 0 | X71: 0 | Z71: 0 | AB71: 4129 | AC71: 2026-02-08T06:59:50.3870000Z | AD71: 2026-02-08T06:51:55.3800000Z | AE71: 112 | AG71: 2026-02-08T06:59:45.8830000Z | AH71: 2026-01-27T13:34:45.6630000Z | AI71: 2026-01-27T13:34:45.6730000Z
A72: 7033 | B72: T2-25_BDSDF110 | C72: Linear Algebra | D72: BS - Data Science &amp; AI | E72: dept_bs_dsai | F72: 6653 | G72: sem_trimester 2 | H72: Trimester 2 | I72: 250 | J72: 2025eb1100025@bitspilani-digital.edu.in | K72: 2025EB1100025 | L72: ADITI G K | M72: . | N72: TRUE | O72: 120 | P72: BITS Learner | Q72: 3 | R72: 86 | S72: 0 | T72: 0 | U72: 0 | V72: 0 | W72: 0 | X72: 0 | Z72: 0 | AB72: 211 | AC72: 2026-02-03T13:02:41.3770000Z | AD72: 2026-02-03T13:01:38.8370000Z | AE72: 48 | AH72: 2026-02-03T13:06:43.4470000Z | AI72: 2026-02-03T13:06:43.4430000Z
A73: 7032 | B73: T2-25_BDSDF107 | C73: Fundamentals of Data Science and Engineering | D73: BS - Data Science &amp; AI | E73: dept_bs_dsai | F73: 6653 | G73: sem_trimester 2 | H73: Trimester 2 | I73: 250 | J73: 2025eb1100025@bitspilani-digital.edu.in | K73: 2025EB1100025 | L73: ADITI G K | M73: . | N73: TRUE | O73: 120 | P73: BITS Learner | Q73: 0 | R73: 112 | S73: 0 | T73: 0 | U73: 0 | V73: 0 | W73: 0 | X73: 0 | Z73: 0 | AB73: 0 | AC73: 2026-02-03T13:02:20.8470000Z | AD73: 2026-02-03T13:01:38.8370000Z | AE73: 48
A74: 7035 | B74: T2-25_BDSDF102 | C74: Data Preprocessing (BS) | D74: BS - Data Science &amp; AI | E74: dept_bs_dsai | F74: 6653 | G74: sem_trimester 2 | H74: Trimester 2 | I74: 250 | J74: 2025eb1100025@bitspilani-digital.edu.in | K74: 2025EB1100025 | L74: ADITI G K | M74: . | N74: TRUE | O74: 120 | P74: BITS Learner | Q74: 0 | R74: 158 | S74: 0 | T74: 0 | U74: 0 | V74: 0 | W74: 0 | X74: 0 | Z74: 0 | AB74: 0 | AC74: 2026-02-03T13:01:52.5970000Z | AD74: 2026-02-03T13:01:38.8370000Z | AE74: 48
A75: 7025 | B75: T2-25_BDSDF108 | C75: Computing Systems | D75: BS - Data Science &amp; AI | E75: dept_bs_dsai | F75: 6653 | G75: sem_trimester 2 | H75: Trimester 2 | I75: 250 | J75: 2025eb1100025@bitspilani-digital.edu.in | K75: 2025EB1100025 | L75: ADITI G K | M75: . | N75: TRUE | O75: 120 | P75: BITS Learner | Q75: 0 | R75: 267 | S75: 0 | T75: 0 | U75: 0 | V75: 0 | W75: 0 | X75: 0 | Z75: 0 | AB75: 0 | AD75: 2026-02-03T13:01:38.8370000Z | AE75: 48
A76: 7035 | B76: T2-25_BDSDF102 | C76: Data Preprocessing (BS) | D76: BS - Data Science &amp; AI | E76: dept_bs_dsai | F76: 6653 | G76: sem_trimester 2 | H76: Trimester 2 | I76: 251 | J76: 2025eb1100026@bitspilani-digital.edu.in | K76: 2025EB1100026 | L76: SWARUP KUMAR PRADHAN | M76: . | N76: TRUE | O76: 120 | P76: BITS Learner | Q76: 11 | R76: 158 | S76: 0 | T76: 4 | U76: 4 | V76: 0 | W76: 0 | X76: 0 | Z76: 0 | AB76: 1740 | AC76: 2026-02-09T14:14:51.3630000Z | AD76: 2026-02-10T03:49:59.1170000Z | AE76: 264 | AG76: 2026-02-08T03:31:43.2300000Z
A77: 7034 | B77: T2-25_BDSDF106 | C77: Data Structures for Data Science | D77: BS - Data Science &amp; AI | E77: dept_bs_dsai | F77: 6653 | G77: sem_trimester 2 | H77: Trimester 2 | I77: 251 | J77: 2025eb1100026@bitspilani-digital.edu.in | K77: 2025EB1100026 | L77: SWARUP KUMAR PRADHAN | M77: . | N77: TRUE | O77: 120 | P77: BITS Learner | Q77: 1 | R77: 154 | S77: 0 | T77: 1 | U77: 1 | V77: 0 | W77: 0 | X77: 0 | Z77: 0 | AB77: 0 | AC77: 2026-02-09T14:05:27.6470000Z | AD77: 2026-02-10T03:49:59.1170000Z | AE77: 264 | AG77: 2026-02-08T03:21:54.7530000Z
A78: 7032 | B78: T2-25_BDSDF107 | C78: Fundamentals of Data Science and Engineering | D78: BS - Data Science &amp; AI | E78: dept_bs_dsai | F78: 6653 | G78: sem_trimester 2 | H78: Trimester 2 | I78: 251 | J78: 2025eb1100026@bitspilani-digital.edu.in | K78: 2025EB1100026 | L78: SWARUP KUMAR PRADHAN | M78: . | N78: TRUE | O78: 120 | P78: BITS Learner | Q78: 3 | R78: 112 | S78: 0 | T78: 2 | U78: 2 | V78: 0 | W78: 0 | X78: 0 | Z78: 0 | AB78: 0 | AC78: 2026-02-09T14:05:49.8030000Z | AD78: 2026-02-10T03:49:59.1170000Z | AE78: 264 | AG78: 2026-02-07T03:19:13.4730000Z
A79: 7033 | B79: T2-25_BDSDF110 | C79: Linear Algebra | D79: BS - Data Science &amp; AI | E79: dept_bs_dsai | F79: 6653 | G79: sem_trimester 2 | H79: Trimester 2 | I79: 251 | J79: 2025eb1100026@bitspilani-digital.edu.in | K79: 2025EB1100026 | L79: SWARUP KUMAR PRADHAN | M79: . | N79: TRUE | O79: 120 | P79: BITS Learner | Q79: 2 | R79: 86 | S79: 0 | T79: 2 | U79: 2 | V79: 0 | W79: 0 | X79: 0 | Z79: 0 | AB79: 31 | AC79: 2026-02-09T14:06:20.6100000Z | AD79: 2026-02-10T03:49:59.1170000Z | AE79: 264 | AG79: 2026-02-08T04:14:05.3230000Z
A80: 7033 | B80: T2-25_BDSDF110 | C80: Linear Algebra | D80: BS - Data Science &amp; AI | E80: dept_bs_dsai | F80: 6653 | G80: sem_trimester 2 | H80: Trimester 2 | I80: 254 | J80: 2025eb1100029@bitspilani-digital.edu.in | K80: 2025EB1100029 | L80: AARUSH SHARMA | M80: . | N80: TRUE | O80: 120 | P80: BITS Learner | Q80: 11 | R80: 86 | S80: 0 | T80: 3 | U80: 3 | V80: 0 | W80: 0 | X80: 0 | Z80: 0 | AB80: 9900 | AC80: 2026-02-09T14:30:34.0530000Z | AD80: 2026-02-09T14:28:55.0800000Z | AE80: 133 | AG80: 2026-02-07T21:13:58.4200000Z | AH80: 2026-02-01T19:40:59.0430000Z | AI80: 2026-02-01T19:40:59.0470000Z
A81: 7032 | B81: T2-25_BDSDF107 | C81: Fundamentals of Data Science and Engineering | D81: BS - Data Science &amp; AI | E81: dept_bs_dsai | F81: 6653 | G81: sem_trimester 2 | H81: Trimester 2 | I81: 254 | J81: 2025eb1100029@bitspilani-digital.edu.in | K81: 2025EB1100029 | L81: AARUSH SHARMA | M81: . | N81: TRUE | O81: 120 | P81: BITS Learner | Q81: 32 | R81: 112 | S81: 0 | T81: 5 | U81: 5 | V81: 0 | W81: 0 | X81: 0 | Z81: 0 | AB81: 60457 | AC81: 2026-02-09T14:30:48.2130000Z | AD81: 2026-02-09T14:28:55.0800000Z | AE81: 133 | AG81: 2026-02-06T19:13:27.0930000Z
A82: 7034 | B82: T2-25_BDSDF106 | C82: Data Structures for Data Science | D82: BS - Data Science &amp; AI | E82: dept_bs_dsai | F82: 6653 | G82: sem_trimester 2 | H82: Trimester 2 | I82: 254 | J82: 2025eb1100029@bitspilani-digital.edu.in | K82: 2025EB1100029 | L82: AARUSH SHARMA | M82: . | N82: TRUE | O82: 120 | P82: BITS Learner | Q82: 4 | R82: 154 | S82: 0 | T82: 1 | U82: 1 | V82: 0 | W82: 0 | X82: 0 | Z82: 0 | AB82: 25 | AC82: 2026-02-09T14:30:02.8730000Z | AD82: 2026-02-09T14:28:55.0800000Z | AE82: 133 | AG82: 2026-02-07T20:53:30.4930000Z | AH82: 2026-01-22T12:39:22.6170000Z | AI82: 2026-01-22T12:39:22.6230000Z
A83: 7035 | B83: T2-25_BDSDF102 | C83: Data Preprocessing (BS) | D83: BS - Data Science &amp; AI | E83: dept_bs_dsai | F83: 6653 | G83: sem_trimester 2 | H83: Trimester 2 | I83: 254 | J83: 2025eb1100029@bitspilani-digital.edu.in | K83: 2025EB1100029 | L83: AARUSH SHARMA | M83: . | N83: TRUE | O83: 120 | P83: BITS Learner | Q83: 19 | R83: 158 | S83: 0 | T83: 7 | U83: 7 | V83: 0 | W83: 0 | X83: 0 | Z83: 0 | AB83: 11829 | AC83: 2026-02-09T14:29:28.6300000Z | AD83: 2026-02-09T14:28:55.0800000Z | AE83: 133 | AG83: 2026-02-07T20:48:59.5630000Z
A84: 7035 | B84: T2-25_BDSDF102 | C84: Data Preprocessing (BS) | D84: BS - Data Science &amp; AI | E84: dept_bs_dsai | F84: 6653 | G84: sem_trimester 2 | H84: Trimester 2 | I84: 255 | J84: 2025eb1100030@bitspilani-digital.edu.in | K84: 2025EB1100030 | L84: KAYITHOJU PRAVARAKYA | M84: . | N84: TRUE | O84: 120 | P84: BITS Learner | Q84: 6 | R84: 158 | S84: 0 | T84: 1 | U84: 1 | V84: 0 | W84: 0 | X84: 0 | Z84: 0 | AB84: 10984 | AC84: 2026-02-09T20:38:48.6800000Z | AD84: 2026-02-09T16:10:18.7430000Z | AE84: 208 | AG84: 2026-02-09T20:38:41.0670000Z
A85: 7034 | B85: T2-25_BDSDF106 | C85: Data Structures for Data Science | D85: BS - Data Science &amp; AI | E85: dept_bs_dsai | F85: 6653 | G85: sem_trimester 2 | H85: Trimester 2 | I85: 255 | J85: 2025eb1100030@bitspilani-digital.edu.in | K85: 2025EB1100030 | L85: KAYITHOJU PRAVARAKYA | M85: . | N85: TRUE | O85: 120 | P85: BITS Learner | Q85: 3 | R85: 154 | S85: 0 | T85: 1 | U85: 1 | V85: 0 | W85: 0 | X85: 0 | Z85: 0 | AB85: 0 | AC85: 2026-02-09T13:57:00.1600000Z | AD85: 2026-02-09T16:10:18.7430000Z | AE85: 208 | AG85: 2026-02-09T13:56:51.3730000Z
A86: 7032 | B86: T2-25_BDSDF107 | C86: Fundamentals of Data Science and Engineering | D86: BS - Data Science &amp; AI | E86: dept_bs_dsai | F86: 6653 | G86: sem_trimester 2 | H86: Trimester 2 | I86: 255 | J86: 2025eb1100030@bitspilani-digital.edu.in | K86: 2025EB1100030 | L86: KAYITHOJU PRAVARAKYA | M86: . | N86: TRUE | O86: 120 | P86: BITS Learner | Q86: 5 | R86: 112 | S86: 0 | T86: 2 | U86: 2 | V86: 0 | W86: 0 | X86: 0 | Z86: 0 | AB86: 273 | AC86: 2026-02-07T18:35:57.3000000Z | AD86: 2026-02-09T16:10:18.7430000Z | AE86: 208 | AG86: 2026-02-07T18:35:20.1930000Z
A87: 7033 | B87: T2-25_BDSDF110 | C87: Linear Algebra | D87: BS - Data Science &amp; AI | E87: dept_bs_dsai | F87: 6653 | G87: sem_trimester 2 | H87: Trimester 2 | I87: 255 | J87: 2025eb1100030@bitspilani-digital.edu.in | K87: 2025EB1100030 | L87: KAYITHOJU PRAVARAKYA | M87: . | N87: TRUE | O87: 120 | P87: BITS Learner | Q87: 4 | R87: 86 | S87: 0 | T87: 1 | U87: 1 | V87: 0 | W87: 0 | X87: 0 | Z87: 0 | AB87: 152 | AC87: 2026-02-09T20:38:58.8900000Z | AD87: 2026-02-09T16:10:18.7430000Z | AE87: 208 | AG87: 2026-02-09T13:34:51.6500000Z | AH87: 2026-01-18T15:51:45.8970000Z | AI87: 2026-01-18T15:51:45.8830000Z
A88: 7033 | B88: T2-25_BDSDF110 | C88: Linear Algebra | D88: BS - Data Science &amp; AI | E88: dept_bs_dsai | F88: 6653 | G88: sem_trimester 2 | H88: Trimester 2 | I88: 256 | J88: 2025eb1100031@bitspilani-digital.edu.in | K88: 2025EB1100031 | L88: KUCHI SAMANVI | M88: . | N88: TRUE | O88: 120 | P88: BITS Learner | Q88: 22 | R88: 86 | S88: 0 | T88: 5 | U88: 6 | V88: 0 | W88: 0 | X88: 0 | Z88: 0 | AB88: 6741 | AC88: 2026-02-09T08:44:26.2100000Z | AD88: 2026-02-09T08:34:26.3900000Z | AE88: 89 | AG88: 2026-02-09T08:44:21.7200000Z | AH88: 2026-01-19T20:46:39.0970000Z | AI88: 2026-01-19T20:56:27.9530000Z
A89: 7032 | B89: T2-25_BDSDF107 | C89: Fundamentals of Data Science and Engineering | D89: BS - Data Science &amp; AI | E89: dept_bs_dsai | F89: 6653 | G89: sem_trimester 2 | H89: Trimester 2 | I89: 256 | J89: 2025eb1100031@bitspilani-digital.edu.in | K89: 2025EB1100031 | L89: KUCHI SAMANVI | M89: . | N89: TRUE | O89: 120 | P89: BITS Learner | Q89: 30 | R89: 112 | S89: 0 | T89: 4 | U89: 4 | V89: 0 | W89: 0 | X89: 0 | Z89: 0 | AB89: 5631 | AC89: 2026-02-07T14:12:37.8600000Z | AD89: 2026-02-09T08:34:26.3900000Z | AE89: 89 | AG89: 2026-02-07T14:12:25.4970000Z
A90: 7034 | B90: T2-25_BDSDF106 | C90: Data Structures for Data Science | D90: BS - Data Science &amp; AI | E90: dept_bs_dsai | F90: 6653 | G90: sem_trimester 2 | H90: Trimester 2 | I90: 256 | J90: 2025eb1100031@bitspilani-digital.edu.in | K90: 2025EB1100031 | L90: KUCHI SAMANVI | M90: . | N90: TRUE | O90: 120 | P90: BITS Learner | Q90: 3 | R90: 154 | S90: 0 | T90: 1 | U90: 1 | V90: 0 | W90: 0 | X90: 0 | Z90: 0 | AB90: 34 | AC90: 2026-02-09T08:48:24.4200000Z | AD90: 2026-02-09T08:34:26.3900000Z | AE90: 89 | AG90: 2026-02-09T08:48:23.4270000Z
A91: 7035 | B91: T2-25_BDSDF102 | C91: Data Preprocessing (BS) | D91: BS - Data Science &amp; AI | E91: dept_bs_dsai | F91: 6653 | G91: sem_trimester 2 | H91: Trimester 2 | I91: 256 | J91: 2025eb1100031@bitspilani-digital.edu.in | K91: 2025EB1100031 | L91: KUCHI SAMANVI | M91: . | N91: TRUE | O91: 120 | P91: BITS Learner | Q91: 26 | R91: 158 | S91: 0 | T91: 6 | U91: 6 | V91: 0 | W91: 0 | X91: 0 | Z91: 0 | AB91: 20009 | AC91: 2026-02-09T08:53:00.2300000Z | AD91: 2026-02-09T08:34:26.3900000Z | AE91: 89 | AG91: 2026-02-09T08:52:52.3970000Z
A92: 7035 | B92: T2-25_BDSDF102 | C92: Data Preprocessing (BS) | D92: BS - Data Science &amp; AI | E92: dept_bs_dsai | F92: 6653 | G92: sem_trimester 2 | H92: Trimester 2 | I92: 257 | J92: 2025eb1100032@bitspilani-digital.edu.in | K92: 2025EB1100032 | L92: GANESH ANKIT | M92: . | N92: TRUE | O92: 120 | P92: BITS Learner | Q92: 68 | R92: 158 | S92: 0 | T92: 18 | U92: 19 | V92: 0 | W92: 0 | X92: 0 | Z92: 0 | AB92: 354 | AC92: 2026-02-08T11:58:58.7570000Z | AD92: 2026-02-08T11:36:33.8600000Z | AE92: 126 | AG92: 2026-02-08T11:57:40.1230000Z
A93: 7034 | B93: T2-25_BDSDF106 | C93: Data Structures for Data Science | D93: BS - Data Science &amp; AI | E93: dept_bs_dsai | F93: 6653 | G93: sem_trimester 2 | H93: Trimester 2 | I93: 257 | J93: 2025eb1100032@bitspilani-digital.edu.in | K93: 2025EB1100032 | L93: GANESH ANKIT | M93: . | N93: TRUE | O93: 120 | P93: BITS Learner | Q93: 98 | R93: 154 | S93: 0 | T93: 20 | U93: 20 | V93: 1 | W93: 0 | X93: 0 | Y93: 2026-02-08T11:45:58.0400000Z | Z93: 0 | AB93: 2827 | AC93: 2026-02-08T11:51:35.5700000Z | AD93: 2026-02-08T11:36:33.8600000Z | AE93: 126 | AG93: 2026-02-08T11:51:25.2600000Z | AH93: 2026-01-24T06:46:47.5170000Z | AI93: 2026-01-24T06:46:49.3930000Z
A94: 7032 | B94: T2-25_BDSDF107 | C94: Fundamentals of Data Science and Engineering | D94: BS - Data Science &amp; AI | E94: dept_bs_dsai | F94: 6653 | G94: sem_trimester 2 | H94: Trimester 2 | I94: 257 | J94: 2025eb1100032@bitspilani-digital.edu.in | K94: 2025EB1100032 | L94: GANESH ANKIT | M94: . | N94: TRUE | O94: 120 | P94: BITS Learner | Q94: 44 | R94: 112 | S94: 0 | T94: 6 | U94: 6 | V94: 0 | W94: 0 | X94: 0 | Z94: 0 | AB94: 302 | AC94: 2026-02-08T11:53:18.9700000Z | AD94: 2026-02-08T11:36:33.8600000Z | AE94: 126 | AG94: 2026-02-08T11:53:02.1830000Z
A95: 7033 | B95: T2-25_BDSDF110 | C95: Linear Algebra | D95: BS - Data Science &amp; AI | E95: dept_bs_dsai | F95: 6653 | G95: sem_trimester 2 | H95: Trimester 2 | I95: 257 | J95: 2025eb1100032@bitspilani-digital.edu.in | K95: 2025EB1100032 | L95: GANESH ANKIT | M95: . | N95: TRUE | O95: 120 | P95: BITS Learner | Q95: 45 | R95: 86 | S95: 0 | T95: 5 | U95: 5 | V95: 1 | W95: 0 | X95: 0 | Y95: 2026-02-08T11:38:55.9270000Z | Z95: 0 | AB95: 505 | AC95: 2026-02-08T11:43:24.0200000Z | AD95: 2026-02-08T11:36:33.8600000Z | AE95: 126 | AG95: 2026-02-08T11:43:07.4570000Z | AH95: 2026-01-24T06:48:02.5530000Z | AI95: 2026-01-24T06:48:05.0470000Z
A96: 7033 | B96: T2-25_BDSDF110 | C96: Linear Algebra | D96: BS - Data Science &amp; AI | E96: dept_bs_dsai | F96: 6653 | G96: sem_trimester 2 | H96: Trimester 2 | I96: 258 | J96: 2025eb1100033@bitspilani-digital.edu.in | K96: 2025EB1100033 | L96: JHANVI KOTHARI | M96: . | N96: TRUE | O96: 120 | P96: BITS Learner | Q96: 19 | R96: 86 | S96: 0 | T96: 4 | U96: 4 | V96: 1 | W96: 0 | X96: 0 | Y96: 2026-01-23T05:18:45.4000000Z | Z96: 0 | AB96: 7207 | AC96: 2026-02-06T15:12:33.3930000Z | AD96: 2026-02-08T11:27:45.0830000Z | AE96: 127 | AG96: 2026-01-23T05:10:33.7870000Z | AH96: 2026-01-28T11:17:38.6000000Z | AI96: 2026-01-28T11:17:38.6070000Z
A97: 7032 | B97: T2-25_BDSDF107 | C97: Fundamentals of Data Science and Engineering | D97: BS - Data Science &amp; AI | E97: dept_bs_dsai | F97: 6653 | G97: sem_trimester 2 | H97: Trimester 2 | I97: 258 | J97: 2025eb1100033@bitspilani-digital.edu.in | K97: 2025EB1100033 | L97: JHANVI KOTHARI | M97: . | N97: TRUE | O97: 120 | P97: BITS Learner | Q97: 22 | R97: 112 | S97: 0 | T97: 2 | U97: 2 | V97: 0 | W97: 0 | X97: 0 | Z97: 0 | AB97: 9360 | AC97: 2026-02-08T11:36:17.8130000Z | AD97: 2026-02-08T11:27:45.0830000Z | AE97: 127 | AG97: 2026-02-08T11:36:05.1730000Z
A98: 7034 | B98: T2-25_BDSDF106 | C98: Data Structures for Data Science | D98: BS - Data Science &amp; AI | E98: dept_bs_dsai | F98: 6653 | G98: sem_trimester 2 | H98: Trimester 2 | I98: 258 | J98: 2025eb1100033@bitspilani-digital.edu.in | K98: 2025EB1100033 | L98: JHANVI KOTHARI | M98: . | N98: TRUE | O98: 120 | P98: BITS Learner | Q98: 23 | R98: 154 | S98: 0 | T98: 6 | U98: 6 | V98: 0 | W98: 0 | X98: 0 | Z98: 0 | AB98: 23162 | AC98: 2026-02-08T13:25:48.7430000Z | AD98: 2026-02-08T11:27:45.0830000Z | AE98: 127 | AG98: 2026-02-08T13:25:40.8400000Z | AH98: 2026-02-08T13:26:40.7170000Z | AI98: 2026-02-08T13:26:40.7200000Z
A99: 7035 | B99: T2-25_BDSDF102 | C99: Data Preprocessing (BS) | D99: BS - Data Science &amp; AI | E99: dept_bs_dsai | F99: 6653 | G99: sem_trimester 2 | H99: Trimester 2 | I99: 258 | J99: 2025eb1100033@bitspilani-digital.edu.in | K99: 2025EB1100033 | L99: JHANVI KOTHARI | M99: . | N99: TRUE | O99: 120 | P99: BITS Learner | Q99: 16 | R99: 158 | S99: 0 | T99: 2 | U99: 2 | V99: 0 | W99: 0 | X99: 0 | Z99: 0 | AB99: 27759 | AC99: 2026-02-04T14:31:51.5230000Z | AD99: 2026-02-08T11:27:45.0830000Z | AE99: 127 | AG99: 2026-02-04T14:31:39.3230000Z
A100: 7035 | B100: T2-25_BDSDF102 | C100: Data Preprocessing (BS) | D100: BS - Data Science &amp; AI | E100: dept_bs_dsai | F100: 6653 | G100: sem_trimester 2 | H100: Trimester 2 | I100: 259 | J100: 2025eb1100034@bitspilani-digital.edu.in | K100: 2025EB1100034 | L100: MEHTA PREET NIRAVKUMAR | M100: . | N100: TRUE | O100: 120 | P100: BITS Learner | Q100: 3 | R100: 158 | S100: 0 | T100: 0 | U100: 0 | V100: 0 | W100: 0 | X100: 0 | Z100: 0 | AB100: 3172 | AC100: 2026-02-08T05:39:38.9530000Z | AD100: 2026-02-09T14:19:43.7800000Z | AE100: 417
...

Sheet Sheet4
A1: Org Defined ID | B1: Username | C1: FirstName | D1: LastName | E1: Score | F1: Out Of | G1: % | H1: Class Average | I1: Class Standard Deviation | J1: IsExempt | K1: Updated
A2: 2025EB1100029 | B2: 2025eb1100029@bitspilani-digital.edu.in | C2: AARUSH SHARMA | D2: . | E2: 10 | F2: 10 | G2: 100 % | H2: 98.94 % | I2: 4.39 % | J2: FALSE | K2: =_xlfn.XLOOKUP(B2,Sheet1!I:I,Sheet1!I:I) -> 2025eb1100029@bitspilani-digital.edu.in
A3: 2025EB1100157 | B3: 2025eb1100157@bitspilani-digital.edu.in | C3: ABARAJITHA RAJAGOPAL | D3: . | E3: 10 | F3: 10 | G3: 100 % | H3: 98.94 % | I3: 4.39 % | J3: FALSE | K3: =_xlfn.XLOOKUP(B3,Sheet1!I:I,Sheet1!I:I) -> 2025eb1100157@bitspilani-digital.edu.in
A4: 2025EB1100060 | B4: 2025eb1100060@bitspilani-digital.edu.in | C4: ABHIJEET MUMMITHI | D4: . | E4: 10 | F4: 10 | G4: 100 % | H4: 98.94 % | I4: 4.39 % | J4: FALSE | K4: =_xlfn.XLOOKUP(B4,Sheet1!I:I,Sheet1!I:I) -> 2025eb1100060@bitspilani-digital.edu.in
A5: 2025EB1100255 | B5: 2025eb1100255@bitspilani-digital.edu.in | C5: ABHIRAM BALARAJ | D5: . | E5: 9 | F5: 10 | G5: 90 % | H5: 98.94 % | I5: 4.39 % | J5: FALSE | K5: =_xlfn.XLOOKUP(B5,Sheet1!I:I,Sheet1!I:I) -> 2025eb1100255@bitspilani-digital.edu.in
A6: 2025EB1100059 | B6: 2025eb1100059@bitspilani-digital.edu.in | C6: ADITI CHANDALIA | D6: . | E6: 9 | F6: 10 | G6: 90 % | H6: 98.94 % | I6: 4.39 % | J6: FALSE | K6: =_xlfn.XLOOKUP(B6,Sheet1!I:I,Sheet1!I:I) -> 2025eb1100059@bitspilani-digital.edu.in
A7: 2025EB1100246 | B7: 2025eb1100246@bitspilani-digital.edu.in | C7: ADITI PAL | D7: . | E7: 10 | F7: 10 | G7: 100 % | H7: 98.94 % | I7: 4.39 % | J7: FALSE | K7: =_xlfn.XLOOKUP(B7,Sheet1!I:I,Sheet1!I:I) -> 2025eb1100246@bitspilani-digital.edu.in
A8: 2025EB1100159 | B8: 2025eb1100159@bitspilani-digital.edu.in | C8: ADRIJA CHATTERJEE | D8: . | E8: 10 | F8: 10 | G8: 100 % | H8: 98.94 % | I8: 4.39 % | J8: FALSE | K8: =_xlfn.XLOOKUP(B8,Sheet1!I:I,Sheet1!I:I) -> 2025eb1100159@bitspilani-digital.edu.in
A9: 2025EB1100231 | B9: 2025eb1100231@bitspilani-digital.edu.in | C9: AKSHIT KUMAR UPADHYAY | D9: . | E9: 10 | F9: 10 | G9: 100 % | H9: 98.94 % | I9: 4.39 % | J9: FALSE | K9: =_xlfn.XLOOKUP(B9,Sheet1!I:I,Sheet1!I:I) -> 2025eb1100231@bitspilani-digital.edu.in
A10: 2025EB1100152 | B10: 2025eb1100152@bitspilani-digital.edu.in | C10: AMAN MANJU | D10: . | E10: 10 | F10: 10 | G10: 100 % | H10: 98.94 % | I10: 4.39 % | J10: FALSE | K10: =_xlfn.XLOOKUP(B10,Sheet1!I:I,Sheet1!I:I) -> 2025eb1100152@bitspilani-digital.edu.in
A11: 2025EB1100212 | B11: 2025eb1100212@bitspilani-digital.edu.in | C11: AMAR MANI | D11: . | E11: 10 | F11: 10 | G11: 100 % | H11: 98.94 % | I11: 4.39 % | J11: FALSE | K11: =_xlfn.XLOOKUP(B11,Sheet1!I:I,Sheet1!I:I) -> 2025eb1100212@bitspilani-digital.edu.in
A12: 2025EB1100292 | B12: 2025eb1100292@bitspilani-digital.edu.in | C12: AMRIT RAJ | D12: . | E12: 10 | F12: 10 | G12: 100 % | H12: 98.94 % | I12: 4.39 % | J12: FALSE | K12: =_xlfn.XLOOKUP(B12,Sheet1!I:I,Sheet1!I:I) -> 2025eb1100292@bitspilani-digital.edu.in
A13: 2025EB1100120 | B13: 2025eb1100120@bitspilani-digital.edu.in | C13: ANKIT SINGH | D13: . | E13: 10 | F13: 10 | G13: 100 % | H13: 98.94 % | I13: 4.39 % | J13: FALSE | K13: =_xlfn.XLOOKUP(B13,Sheet1!I:I,Sheet1!I:I) -> 2025eb1100120@bitspilani-digital.edu.in
... A143: 2025EB1100166 | B143: 2025eb1100166@bitspilani-digital.edu.in | C143: YUVRAJ SINGH RATHORE | D143: . | E143: 10 | F143: 10 | G143: 100 % | H143: 98.94 % | I143: 4.39 % | J143: FALSE | K143: =_xlfn.XLOOKUP(B143,Sheet1!I:I,Sheet1!I:I) -> 2025eb1100166@bitspilani-digital.edu.in

Sheet Graded quiz 1 status
A1: Parent Department Name | B1: BS - Data Science &amp; AI | F1: Learners Progress | G1: BS | H1: MS
F2: 46061 | G2: 0.28 | H2: 0.35
A3: Row Labels | B3: Learners attempted | C3: # students | D3: % | F3: 46062 | G3: 0.37 | H3: 0.4
A4: Computer Programming | B4: 102 | C4: =_xlfn.XLOOKUP(A4,Sheet3!A:A,Sheet3!E:E) -> 170 | D4: =B4/C4 -> 0.6 | F4: 10-02-2026(11 AM) | G4: 0.54 | H4: 0.69
A5: Computing Systems | B5: 105 | C5: =_xlfn.XLOOKUP(A5,Sheet3!A:A,Sheet3!E:E) -> 193 | D5: =B5/C5 -> 0.54404145
A6: Data and the World | B6: 5 | C6: =_xlfn.XLOOKUP(A6,Sheet3!A:A,Sheet3!E:E) -> 160 | D6: =B6/C6 -> 0.03125
A7: Data Preprocessing (BS) | B7: 92 | C7: 154 | D7: =B7/C7 -> 0.5974026
A8: Data Structures for Data Science | B8: 100 | C8: =_xlfn.XLOOKUP(A8,Sheet3!A:A,Sheet3!E:E) -> 160 | D8: =B8/C8 -> 0.625
A9: Fundamentals of Data Science and Engineering | B9: 142 | C9: =_xlfn.XLOOKUP(A9,Sheet3!A:A,Sheet3!E:E) -> 176 | D9: =B9/C9 -> 0.80681818
A10: Linear Algebra | B10: 108 | C10: =_xlfn.XLOOKUP(A10,Sheet3!A:A,Sheet3!E:E) -> 188 | D10: =B10/C10 -> 0.57446809
A11: Probability & Statistics | B11: 87 | C11: =_xlfn.XLOOKUP(A11,Sheet3!A:A,Sheet3!E:E) -> 177 | D11: =B11/C11 -> 0.49152542
A12: Writing Practice | B12: 70 | C12: =_xlfn.XLOOKUP(A12,Sheet3!A:A,Sheet3!E:E) -> 134 | D12: =B12/C12 -> 0.52238806
A13: Grand Total | B13: 811 | C13: =SUM(C4:C12) -> 1512 | D13: =B13/C13 -> 0.53637566
A15: Parent Department Name | B15: MSc - Data Science &amp; AI
A17: Row Labels | B17: Learners attempted | C17: # students | D17: %
A18: Artificial Neural Networks | B18: 248 | C18: =_xlfn.XLOOKUP(A18,Sheet3!A:A,Sheet3!E:E) -> 352 | D18: =B18/C18 -> 0.70454545
A19: Cloud Services & Platforms | B19: 254 | C19: =_xlfn.XLOOKUP(A19,Sheet3!A:A,Sheet3!E:E) -> 357 | D19: =B19/C19 -> 0.71148459
A20: Data Pre-processing (MSc) | B20: 258 | C20: =_xlfn.XLOOKUP(A20,Sheet3!A:A,Sheet3!E:E) -> 389 | D20: =B20/C20 -> 0.66323907
A21: Data Stores & Pipelines | B21: 6 | C21: =_xlfn.XLOOKUP(A21,Sheet3!A:A,Sheet3!E:E) -> 17 | D21: =B21/C21 -> 0.35294118
A22: Data Visualization & Storytelling | B22: 262 | C22: =_xlfn.XLOOKUP(A22,Sheet3!A:A,Sheet3!E:E) -> 390 | D22: =B22/C22 -> 0.67179487
A23: Machine Learning | B23: 271 | C23: =_xlfn.XLOOKUP(A23,Sheet3!A:A,Sheet3!E:E) -> 350 | D23: =B23/C23 -> 0.77428571
A24: Statistical Modelling & Inferencing | B24: 259 | C24: =_xlfn.XLOOKUP(A24,Sheet3!A:A,Sheet3!E:E) -> 395 | D24: =B24/C24 -> 0.6556962
A25: Grand Total | B25: 1558 | C25: =SUM(C18:C24) -> 2250 | D25: =B25/C25 -> 0.69244444

Sheet Sheet1
A1: Course Offering Id | B1: Course Offering Code | C1: Course Offering Name | D1: Parent Department Name | E1: Parent Department Code | F1: Term Id | G1: Semester Code | H1: Semester Name | I1: Username | J1: Org Defined Id | K1: First Name | L1: Last Name | M1: Is Active | N1: Role Id | O1: Role Name | P1: Content Completed | Q1: Content Required | R1: Checklist Completed | S1: Quiz Completed | T1: Total Quiz Attempts | U1: Discussion Post Created | V1: Discussion Post Replies | W1: Discussion Post Read | X1: Last Discussion Post Date | Y1: Number Of Assignment Submissions | Z1: Last Assignment Submission Date | AA1: Total Time Spent In Content | AB1: Last Visited Date | AC1: Last System Login | AD1: Number Of Logins To The System | AE1: Auditor Name | AF1: Last Quiz Attempt Date | AG1: Last Quiz Attempt Date - custom | AH1: Last SCORM Completion Date | AI1: Last SCORM Visit Date
A2: 7034 | B2: T2-25_BDSDF106 | C2: Data Structures for Data Science | D2: BS - Data Science &amp; AI | E2: dept_bs_dsai | F2: 6653 | G2: sem_trimester 2 | H2: Trimester 2 | I2: 2025eb1100001@bitspilani-digital.edu.in | J2: 2025EB1100001 | K2: RUDRA SHARMA | L2: . | M2: TRUE | N2: 120 | O2: BITS Learner | P2: 1 | Q2: 154 | R2: 0 | S2: 1 | T2: 1 | U2: 0 | V2: 0 | W2: 0 | Y2: 0 | AA2: 0 | AB2: 2026-02-08T09:13:59.9530000Z | AC2: 2026-02-09T11:45:19.5500000Z | AD2: 168 | AF2: 2026-02-08T09:04:03.4030000Z | AG2: 2026-02-08
A3: 7035 | B3: T2-25_BDSDF102 | C3: Data Preprocessing (BS) | D3: BS - Data Science &amp; AI | E3: dept_bs_dsai | F3: 6653 | G3: sem_trimester 2 | H3: Trimester 2 | I3: 2025eb1100001@bitspilani-digital.edu.in | J3: 2025EB1100001 | K3: RUDRA SHARMA | L3: . | M3: TRUE | N3: 120 | O3: BITS Learner | P3: 6 | Q3: 158 | R3: 0 | S3: 2 | T3: 3 | U3: 0 | V3: 0 | W3: 0 | Y3: 0 | AA3: 17096 | AB3: 2026-02-08T09:20:40.1530000Z | AC3: 2026-02-09T11:45:19.5500000Z | AD3: 168 | AF3: 2026-02-08T09:20:32.9730000Z | AG3: 2026-02-08
A4: 7033 | B4: T2-25_BDSDF110 | C4: Linear Algebra | D4: BS - Data Science &amp; AI | E4: dept_bs_dsai | F4: 6653 | G4: sem_trimester 2 | H4: Trimester 2 | I4: 2025eb1100001@bitspilani-digital.edu.in | J4: 2025EB1100001 | K4: RUDRA SHARMA | L4: . | M4: TRUE | N4: 120 | O4: BITS Learner | P4: 3 | Q4: 86 | R4: 0 | S4: 1 | T4: 1 | U4: 0 | V4: 0 | W4: 0 | Y4: 0 | AA4: 27 | AB4: 2026-02-08T09:12:57.6770000Z | AC4: 2026-02-09T11:45:19.5500000Z | AD4: 168 | AF4: 2026-02-08T09:12:53.8070000Z | AG4: 2026-02-08 | AH4: 2026-01-23T15:01:45.2470000Z | AI4: 2026-01-23T15:01:48.8770000Z
A5: 7025 | B5: T2-25_BDSDF108 | C5: Computing Systems | D5: BS - Data Science &amp; AI | E5: dept_bs_dsai | F5: 6653 | G5: sem_trimester 2 | H5: Trimester 2 | I5: 2025eb1100001@bitspilani-digital.edu.in | J5: 2025EB1100001 | K5: RUDRA SHARMA | L5: . | M5: TRUE | N5: 120 | O5: BITS Learner | P5: 105 | Q5: 267 | R5: 0 | S5: 35 | T5: 57 | U5: 0 | V5: 0 | W5: 0 | Y5: 0 | AA5: 2449 | AB5: 2026-02-09T12:25:12.1930000Z | AC5: 2026-02-09T11:45:19.5500000Z | AD5: 168 | AF5: 2026-02-09T12:25:03.4370000Z | AG5: 2026-02-09 | AH5: 2026-02-09T11:46:54.2770000Z | AI5: 2026-02-09T11:46:54.2730000Z
A6: 7035 | B6: T2-25_BDSDF102 | C6: Data Preprocessing (BS) | D6: BS - Data Science &amp; AI | E6: dept_bs_dsai | F6: 6653 | G6: sem_trimester 2 | H6: Trimester 2 | I6: 2025eb1100003@bitspilani-digital.edu.in | J6: 2025EB1100003 | K6: AJAYACHANDRAN.E | L6: . | M6: TRUE | N6: 120 | O6: BITS Learner | P6: 45 | Q6: 158 | R6: 0 | S6: 6 | T6: 8 | U6: 3 | V6: 0 | W6: 0 | X6: 2026-02-07T23:08:17.5300000Z | Y6: 0 | AA6: 24234 | AB6: 2026-02-09T00:32:41.3400000Z | AC6: 2026-02-08T23:02:38.0030000Z | AD6: 115 | AF6: 2026-02-09T00:31:45.6730000Z | AG6: 2026-02-09
A7: 7033 | B7: T2-25_BDSDF110 | C7: Linear Algebra | D7: BS - Data Science &amp; AI | E7: dept_bs_dsai | F7: 6653 | G7: sem_trimester 2 | H7: Trimester 2 | I7: 2025eb1100006@bitspilani-digital.edu.in | J7: 2025EB1100006 | K7: JAL PATEL | L7: . | M7: TRUE | N7: 120 | O7: BITS Learner | P7: 1 | Q7: 86 | R7: 0 | S7: 1 | T7: 1 | U7: 0 | V7: 0 | W7: 0 | Y7: 0 | AA7: 0 | AB7: 2026-02-08T08:16:42.7600000Z | AC7: 2026-02-08T07:51:39.3430000Z | AD7: 73 | AF7: 2026-02-08T08:12:38.5830000Z | AG7: 2026-02-08
A8: 7034 | B8: T2-25_BDSDF106 | C8: Data Structures for Data Science | D8: BS - Data Science &amp; AI | E8: dept_bs_dsai | F8: 6653 | G8: sem_trimester 2 | H8: Trimester 2 | I8: 2025eb1100006@bitspilani-digital.edu.in | J8: 2025EB1100006 | K8: JAL PATEL | L8: . | M8: TRUE | N8: 120 | O8: BITS Learner | P8: 1 | Q8: 154 | R8: 0 | S8: 1 | T8: 1 | U8: 0 | V8: 0 | W8: 0 | Y8: 0 | AA8: 0 | AB8: 2026-02-08T08:17:33.9070000Z | AC8: 2026-02-08T07:51:39.3430000Z | AD8: 73 | AF8: 2026-02-08T08:15:45.7230000Z | AG8: 2026-02-08
A9: 7021 | B9: T2-25_BDSDF113 | C9: Computer Programming | D9: BS - Data Science &amp; AI | E9: dept_bs_dsai | F9: 6653 | G9: sem_trimester 2 | H9: Trimester 2 | I9: 2025eb1100007@bitspilani-digital.edu.in | J9: 2025EB1100007 | K9: HARSHVARDHAN SINGH | L9: . | M9: TRUE | N9: 120 | O9: BITS Learner | P9: 10 | Q9: 356 | R9: 0 | S9: 4 | T9: 4 | U9: 0 | V9: 0 | W9: 0 | Y9: 0 | AA9: 24662 | AB9: 2026-02-08T02:54:21.2930000Z | AC9: 2026-02-09T00:57:34.8670000Z | AD9: 67 | AF9: 2026-02-08T02:54:12.8470000Z | AG9: 2026-02-08 | AH9: 2026-01-30T14:05:06.5370000Z | AI9: 2026-02-05T07:23:03.0770000Z
A10: 7022 | B10: T2-25_BDSDF114 | C10: Probability & Statistics | D10: BS - Data Science &amp; AI | E10: dept_bs_dsai | F10: 6653 | G10: sem_trimester 2 | H10: Trimester 2 | I10: 2025eb1100007@bitspilani-digital.edu.in | J10: 2025EB1100007 | K10: HARSHVARDHAN SINGH | L10: . | M10: TRUE | N10: 120 | O10: BITS Learner | P10: 1 | Q10: 326 | R10: 0 | S10: 1 | T10: 1 | U10: 0 | V10: 0 | W10: 0 | Y10: 0 | AA10: 0 | AB10: 2026-02-08T02:56:47.4770000Z | AC10: 2026-02-09T00:57:34.8670000Z | AD10: 67 | AF10: 2026-02-08T02:56:43.8530000Z | AG10: 2026-02-08
A11: 7025 | B11: T2-25_BDSDF108 | C11: Computing Systems | D11: BS - Data Science &amp; AI | E11: dept_bs_dsai | F11: 6653 | G11: sem_trimester 2 | H11: Trimester 2 | I11: 2025eb1100007@bitspilani-digital.edu.in | J11: 2025EB1100007 | K11: HARSHVARDHAN SINGH | L11: . | M11: TRUE | N11: 120 | O11: BITS Learner | P11: 1 | Q11: 267 | R11: 0 | S11: 1 | T11: 1 | U11: 0 | V11: 0 | W11: 0 | Y11: 0 | AA11: 0 | AB11: 2026-02-08T03:02:53.3470000Z | AC11: 2026-02-09T00:57:34.8670000Z | AD11: 67 | AF11: 2026-02-08T03:02:49.6200000Z | AG11: 2026-02-08
A12: 7034 | B12: T2-25_BDSDF106 | C12: Data Structures for Data Science | D12: BS - Data Science &amp; AI | E12: dept_bs_dsai | F12: 6653 | G12: sem_trimester 2 | H12: Trimester 2 | I12: 2025eb1100014@bitspilani-digital.edu.in | J12: 2025EB1100014 | K12: SURYA A | L12: . | M12: TRUE | N12: 120 | O12: BITS Learner | P12: 61 | Q12: 154 | R12: 0 | S12: 8 | T12: 8 | U12: 0 | V12: 0 | W12: 0 | Y12: 0 | AA12: 52849 | AB12: 2026-02-09T15:46:33.2500000Z | AC12: 2026-02-09T15:44:09.7300000Z | AD12: 200 | AF12: 2026-02-09T15:46:22.7570000Z | AG12: 2026-02-09 | AH12: 2026-01-19T09:41:03.9430000Z | AI12: 2026-01-28T20:04:48.0130000Z
A13: 7022 | B13: T2-25_BDSDF114 | C13: Probability & Statistics | D13: BS - Data Science &amp; AI | E13: dept_bs_dsai | F13: 6653 | G13: sem_trimester 2 | H13: Trimester 2 | I13: 2025eb1100014@bitspilani-digital.edu.in | J13: 2025EB1100014 | K13: SURYA A | L13: . | M13: TRUE | N13: 120 | O13: BITS Learner | P13: 13 | Q13: 326 | R13: 0 | S13: 2 | T13: 3 | U13: 0 | V13: 0 | W13: 0 | Y13: 0 | AA13: 7223 | AB13: 2026-02-09T15:49:52.3800000Z | AC13: 2026-02-09T15:44:09.7300000Z | AD13: 200 | AF13: 2026-02-09T15:49:48.9800000Z | AG13: 2026-02-09 | AH13: 2026-01-21T10:07:30.9030000Z | AI13: 2026-01-21T10:07:30.9130000Z
A14: 7034 | B14: T2-25_BDSDF106 | C14: Data Structures for Data Science | D14: BS - Data Science &amp; AI | E14: dept_bs_dsai | F14: 6653 | G14: sem_trimester 2 | H14: Trimester 2 | I14: 2025eb1100015@bitspilani-digital.edu.in | J14: 2025EB1100015 | K14: TADIMALLA ADITI | L14: . | M14: TRUE | N14: 120 | O14: BITS Learner | P14: 13 | Q14: 154 | R14: 0 | S14: 4 | T14: 4 | U14: 0 | V14: 0 | W14: 0 | Y14: 0 | AA14: 43739 | AB14: 2026-02-10T03:06:34.9530000Z | AC14: 2026-02-10T03:06:30.3670000Z | AD14: 239 | AF14: 2026-02-08T17:30:39.1400000Z | AG14: 2026-02-08 | AH14: 2026-02-10T03:20:58.8370000Z | AI14: 2026-02-10T03:20:58.8400000Z
A15: 7033 | B15: T2-25_BDSDF110 | C15: Linear Algebra | D15: BS - Data Science &amp; AI | E15: dept_bs_dsai | F15: 6653 | G15: sem_trimester 2 | H15: Trimester 2 | I15: 2025eb1100015@bitspilani-digital.edu.in | J15: 2025EB1100015 | K15: TADIMALLA ADITI | L15: . | M15: TRUE | N15: 120 | O15: BITS Learner | P15: 41 | Q15: 86 | R15: 0 | S15: 12 | T15: 12 | U15: 0 | V15: 0 | W15: 0 | Y15: 0 | AA15: 7515 | AB15: 2026-02-09T14:17:22.6930000Z | AC15: 2026-02-10T03:06:30.3670000Z | AD15: 239 | AF15: 2026-02-09T14:16:46.7530000Z | AG15: 2026-02-09 | AH15: 2026-02-09T03:13:18.3970000Z | AI15: 2026-02-09T03:13:18.3930000Z
A16: 7033 | B16: T2-25_BDSDF110 | C16: Linear Algebra | D16: BS - Data Science &amp; AI | E16: dept_bs_dsai | F16: 6653 | G16: sem_trimester 2 | H16: Trimester 2 | I16: 2025eb1100018@bitspilani-digital.edu.in | J16: 2025EB1100018 | K16: NIMMAGANTI SUMAHE | L16: . | M16: TRUE | N16: 120 | O16: BITS Learner | P16: 61 | Q16: 86 | R16: 0 | S16: 16 | T16: 17 | U16: 4 | V16: 0 | W16: 0 | X16: 2026-02-08T20:09:50.6830000Z | Y16: 0 | AA16: 25463 | AB16: 2026-02-09T12:51:37.3100000Z | AC16: 2026-02-09T12:50:53.0830000Z | AD16: 322 | AF16: 2026-02-08T20:01:37.7070000Z | AG16: 2026-02-08 | AH16: 2026-02-08T20:01:57.0970000Z | AI16: 2026-02-08T20:01:57.0970000Z
A17: 7035 | B17: T2-25_BDSDF102 | C17: Data Preprocessing (BS) | D17: BS - Data Science &amp; AI | E17: dept_bs_dsai | F17: 6653 | G17: sem_trimester 2 | H17: Trimester 2 | I17: 2025eb1100018@bitspilani-digital.edu.in | J17: 2025EB1100018 | K17: NIMMAGANTI SUMAHE | L17: . | M17: TRUE | N17: 120 | O17: BITS Learner | P17: 81 | Q17: 158 | R17: 0 | S17: 27 | T17: 27 | U17: 0 | V17: 0 | W17: 0 | Y17: 0 | AA17: 28046 | AB17: 2026-02-08T20:10:27.6930000Z | AC17: 2026-02-09T12:50:53.0830000Z | AD17: 322 | AF17: 2026-02-08T14:32:46.4930000Z | AG17: 2026-02-08
A18: 7034 | B18: T2-25_BDSDF106 | C18: Data Structures for Data Science | D18: BS - Data Science &amp; AI | E18: dept_bs_dsai | F18: 6653 | G18: sem_trimester 2 | H18: Trimester 2 | I18: 2025eb1100018@bitspilani-digital.edu.in | J18: 2025EB1100018 | K18: NIMMAGANTI SUMAHE | L18: . | M18: TRUE | N18: 120 | O18: BITS Learner | P18: 91 | Q18: 154 | R18: 0 | S18: 30 | T18: 30 | U18: 0 | V18: 0 | W18: 0 | Y18: 0 | AA18: 29105 | AB18: 2026-02-09T12:52:05.5470000Z | AC18: 2026-02-09T12:50:53.0830000Z | AD18: 322 | AF18: 2026-02-08T14:26:36.0170000Z | AG18: 2026-02-08 | AH18: 2026-02-05T18:26:03.1070000Z | AI18: 2026-02-05T18:36:20.5400000Z
A19: 7022 | B19: T2-25_BDSDF114 | C19: Probability & Statistics | D19: BS - Data Science &amp; AI | E19: dept_bs_dsai | F19: 6653 | G19: sem_trimester 2 | H19: Trimester 2 | I19: 2025eb1100019@bitspilani-digital.edu.in | J19: 2025EB1100019 | K19: NITISH KUMAR | L19: . | M19: TRUE | N19: 120 | O19: BITS Learner | P19: 6 | Q19: 326 | R19: 0 | S19: 1 | T19: 1 | U19: 0 | V19: 0 | W19: 0 | Y19: 0 | AA19: 763 | AB19: 2026-02-08T15:01:55.8400000Z | AC19: 2026-02-09T18:25:38.1170000Z | AD19: 124 | AF19: 2026-02-08T15:01:36.1370000Z | AG19: 2026-02-08
A20: 7025 | B20: T2-25_BDSDF108 | C20: Computing Systems | D20: BS - Data Science &amp; AI | E20: dept_bs_dsai | F20: 6653 | G20: sem_trimester 2 | H20: Trimester 2 | I20: 2025eb1100019@bitspilani-digital.edu.in | J20: 2025EB1100019 | K20: NITISH KUMAR | L20: . | M20: TRUE | N20: 120 | O20: BITS Learner | P20: 15 | Q20: 267 | R20: 0 | S20: 4 | T20: 4 | U20: 0 | V20: 0 | W20: 0 | Y20: 0 | AA20: 9984 | AB20: 2026-02-09T20:04:12.7870000Z | AC20: 2026-02-09T18:25:38.1170000Z | AD20: 124 | AF20: 2026-02-09T20:04:02.3630000Z | AG20: 2026-02-09 | AH20: 2026-02-09T20:04:23.7470000Z | AI20: 2026-02-09T20:04:23.7400000Z
A21: 7025 | B21: T2-25_BDSDF108 | C21: Computing Systems | D21: BS - Data Science &amp; AI | E21: dept_bs_dsai | F21: 6653 | G21: sem_trimester 2 | H21: Trimester 2 | I21: 2025eb1100020@bitspilani-digital.edu.in | J21: 2025EB1100020 | K21: AYUSH JHA | L21: . | M21: TRUE | N21: 120 | O21: BITS Learner | P21: 5 | Q21: 267 | R21: 0 | S21: 1 | T21: 1 | U21: 0 | V21: 0 | W21: 0 | Y21: 0 | AA21: 66 | AB21: 2026-02-08T13:56:05.5670000Z | AC21: 2026-02-09T07:21:41.8230000Z | AD21: 77 | AF21: 2026-02-08T13:55:34.7400000Z | AG21: 2026-02-08 | AH21: 2026-01-24T15:44:23.2600000Z | AI21: 2026-01-24T15:44:23.2670000Z
A22: 7022 | B22: T2-25_BDSDF114 | C22: Probability & Statistics | D22: BS - Data Science &amp; AI | E22: dept_bs_dsai | F22: 6653 | G22: sem_trimester 2 | H22: Trimester 2 | I22: 2025eb1100020@bitspilani-digital.edu.in | J22: 2025EB1100020 | K22: AYUSH JHA | L22: . | M22: TRUE | N22: 120 | O22: BITS Learner | P22: 1 | Q22: 326 | R22: 0 | S22: 1 | T22: 1 | U22: 0 | V22: 0 | W22: 0 | Y22: 0 | AA22: 0 | AB22: 2026-02-08T13:45:37.9530000Z | AC22: 2026-02-09T07:21:41.8230000Z | AD22: 77 | AF22: 2026-02-08T13:45:25.1370000Z | AG22: 2026-02-08
A23: 7021 | B23: T2-25_BDSDF113 | C23: Computer Programming | D23: BS - Data Science &amp; AI | E23: dept_bs_dsai | F23: 6653 | G23: sem_trimester 2 | H23: Trimester 2 | I23: 2025eb1100020@bitspilani-digital.edu.in | J23: 2025EB1100020 | K23: AYUSH JHA | L23: . | M23: TRUE | N23: 120 | O23: BITS Learner | P23: 21 | Q23: 356 | R23: 0 | S23: 6 | T23: 8 | U23: 0 | V23: 0 | W23: 0 | Y23: 0 | AA23: 4646 | AB23: 2026-02-09T07:22:11.7630000Z | AC23: 2026-02-09T07:21:41.8230000Z | AD23: 77 | AF23: 2026-02-08T13:37:04.5700000Z | AG23: 2026-02-08 | AH23: 2026-02-09T07:41:28.0400000Z | AI23: 2026-02-09T07:41:28.0400000Z
A24: 7034 | B24: T2-25_BDSDF106 | C24: Data Structures for Data Science | D24: BS - Data Science &amp; AI | E24: dept_bs_dsai | F24: 6653 | G24: sem_trimester 2 | H24: Trimester 2 | I24: 2025eb1100021@bitspilani-digital.edu.in | J24: 2025EB1100021 | K24: R KUSHAL MEHTA | L24: . | M24: TRUE | N24: 120 | O24: BITS Learner | P24: 23 | Q24: 154 | R24: 0 | S24: 6 | T24: 7 | U24: 0 | V24: 0 | W24: 0 | Y24: 0 | AA24: 7042 | AB24: 2026-02-10T05:22:24.8300000Z | AC24: 2026-02-10T05:04:12.6300000Z | AD24: 274 | AF24: 2026-02-10T05:22:18.0230000Z | AG24: 2026-02-10 | AH24: 2026-02-04T11:22:17.7870000Z | AI24: 2026-02-05T12:29:06.3170000Z
A25: 7035 | B25: T2-25_BDSDF102 | C25: Data Preprocessing (BS) | D25: BS - Data Science &amp; AI | E25: dept_bs_dsai | F25: 6653 | G25: sem_trimester 2 | H25: Trimester 2 | I25: 2025eb1100021@bitspilani-digital.edu.in | J25: 2025EB1100021 | K25: R KUSHAL MEHTA | L25: . | M25: TRUE | N25: 120 | O25: BITS Learner | P25: 29 | Q25: 158 | R25: 0 | S25: 8 | T25: 10 | U25: 0 | V25: 0 | W25: 0 | Y25: 0 | AA25: 13207 | AB25: 2026-02-10T05:27:57.6630000Z | AC25: 2026-02-10T05:04:12.6300000Z | AD25: 274 | AF25: 2026-02-10T05:27:09.6830000Z | AG25: 2026-02-10
A26: 7033 | B26: T2-25_BDSDF110 | C26: Linear Algebra | D26: BS - Data Science &amp; AI | E26: dept_bs_dsai | F26: 6653 | G26: sem_trimester 2 | H26: Trimester 2 | I26: 2025eb1100021@bitspilani-digital.edu.in | J26: 2025EB1100021 | K26: R KUSHAL MEHTA | L26: . | M26: TRUE | N26: 120 | O26: BITS Learner | P26: 7 | Q26: 86 | R26: 0 | S26: 1 | T26: 1 | U26: 0 | V26: 0 | W26: 0 | Y26: 0 | AA26: 1150 | AB26: 2026-02-10T05:18:21.8000000Z | AC26: 2026-02-10T05:04:12.6300000Z | AD26: 274 | AF26: 2026-02-10T05:18:16.5670000Z | AG26: 2026-02-10 | AH26: 2026-01-29T13:05:35.3030000Z | AI26: 2026-01-29T13:05:35.3030000Z
A27: 7021 | B27: T2-25_BDSDF113 | C27: Computer Programming | D27: BS - Data Science &amp; AI | E27: dept_bs_dsai | F27: 6653 | G27: sem_trimester 2 | H27: Trimester 2 | I27: 2025eb1100024@bitspilani-digital.edu.in | J27: 2025EB1100024 | K27: SHOORSEN THIRUNAVUKKARASU K | L27: . | M27: TRUE | N27: 120 | O27: BITS Learner | P27: 13 | Q27: 356 | R27: 0 | S27: 4 | T27: 8 | U27: 0 | V27: 0 | W27: 0 | Y27: 0 | AA27: 1785 | AB27: 2026-02-08T06:56:25.9930000Z | AC27: 2026-02-08T06:51:55.3800000Z | AD27: 112 | AF27: 2026-02-08T06:55:52.9500000Z | AG27: 2026-02-08 | AH27: 2026-01-29T14:37:14.7270000Z | AI27: 2026-01-29T14:37:14.7370000Z
A28: 7033 | B28: T2-25_BDSDF110 | C28: Linear Algebra | D28: BS - Data Science &amp; AI | E28: dept_bs_dsai | F28: 6653 | G28: sem_trimester 2 | H28: Trimester 2 | I28: 2025eb1100024@bitspilani-digital.edu.in | J28: 2025EB1100024 | K28: SHOORSEN THIRUNAVUKKARASU K | L28: . | M28: TRUE | N28: 120 | O28: BITS Learner | P28: 9 | Q28: 86 | R28: 0 | S28: 3 | T28: 3 | U28: 0 | V28: 0 | W28: 0 | Y28: 0 | AA28: 4129 | AB28: 2026-02-08T06:59:50.3870000Z | AC28: 2026-02-08T06:51:55.3800000Z | AD28: 112 | AF28: 2026-02-08T06:59:45.8830000Z | AG28: 2026-02-08 | AH28: 2026-01-27T13:34:45.6630000Z | AI28: 2026-01-27T13:34:45.6730000Z
A29: 7035 | B29: T2-25_BDSDF102 | C29: Data Preprocessing (BS) | D29: BS - Data Science &amp; AI | E29: dept_bs_dsai | F29: 6653 | G29: sem_trimester 2 | H29: Trimester 2 | I29: 2025eb1100026@bitspilani-digital.edu.in | J29: 2025EB1100026 | K29: SWARUP KUMAR PRADHAN | L29: . | M29: TRUE | N29: 120 | O29: BITS Learner | P29: 11 | Q29: 158 | R29: 0 | S29: 4 | T29: 4 | U29: 0 | V29: 0 | W29: 0 | Y29: 0 | AA29: 1740 | AB29: 2026-02-09T14:14:51.3630000Z | AC29: 2026-02-10T03:49:59.1170000Z | AD29: 264 | AF29: 2026-02-08T03:31:43.2300000Z | AG29: 2026-02-08
A30: 7034 | B30: T2-25_BDSDF106 | C30: Data Structures for Data Science | D30: BS - Data Science &amp; AI | E30: dept_bs_dsai | F30: 6653 | G30: sem_trimester 2 | H30: Trimester 2 | I30: 2025eb1100026@bitspilani-digital.edu.in | J30: 2025EB1100026 | K30: SWARUP KUMAR PRADHAN | L30: . | M30: TRUE | N30: 120 | O30: BITS Learner | P30: 1 | Q30: 154 | R30: 0 | S30: 1 | T30: 1 | U30: 0 | V30: 0 | W30: 0 | Y30: 0 | AA30: 0 | AB30: 2026-02-09T14:05:27.6470000Z | AC30: 2026-02-10T03:49:59.1170000Z | AD30: 264 | AF30: 2026-02-08T03:21:54.7530000Z | AG30: 2026-02-08
A31: 7033 | B31: T2-25_BDSDF110 | C31: Linear Algebra | D31: BS - Data Science &amp; AI | E31: dept_bs_dsai | F31: 6653 | G31: sem_trimester 2 | H31: Trimester 2 | I31: 2025eb1100026@bitspilani-digital.edu.in | J31: 2025EB1100026 | K31: SWARUP KUMAR PRADHAN | L31: . | M31: TRUE | N31: 120 | O31: BITS Learner | P31: 2 | Q31: 86 | R31: 0 | S31: 2 | T31: 2 | U31: 0 | V31: 0 | W31: 0 | Y31: 0 | AA31: 31 | AB31: 2026-02-09T14:06:20.6100000Z | AC31: 2026-02-10T03:49:59.1170000Z | AD31: 264 | AF31: 2026-02-08T04:14:05.3230000Z | AG31: 2026-02-08
A32: 7035 | B32: T2-25_BDSDF102 | C32: Data Preprocessing (BS) | D32: BS - Data Science &amp; AI | E32: dept_bs_dsai | F32: 6653 | G32: sem_trimester 2 | H32: Trimester 2 | I32: 2025eb1100030@bitspilani-digital.edu.in | J32: 2025EB1100030 | K32: KAYITHOJU PRAVARAKYA | L32: . | M32: TRUE | N32: 120 | O32: BITS Learner | P32: 6 | Q32: 158 | R32: 0 | S32: 1 | T32: 1 | U32: 0 | V32: 0 | W32: 0 | Y32: 0 | AA32: 10984 | AB32: 2026-02-09T20:38:48.6800000Z | AC32: 2026-02-09T16:10:18.7430000Z | AD32: 208 | AF32: 2026-02-09T20:38:41.0670000Z | AG32: 2026-02-09
A33: 7034 | B33: T2-25_BDSDF106 | C33: Data Structures for Data Science | D33: BS - Data Science &amp; AI | E33: dept_bs_dsai | F33: 6653 | G33: sem_trimester 2 | H33: Trimester 2 | I33: 2025eb1100030@bitspilani-digital.edu.in | J33: 2025EB1100030 | K33: KAYITHOJU PRAVARAKYA | L33: . | M33: TRUE | N33: 120 | O33: BITS Learner | P33: 3 | Q33: 154 | R33: 0 | S33: 1 | T33: 1 | U33: 0 | V33: 0 | W33: 0 | Y33: 0 | AA33: 0 | AB33: 2026-02-09T13:57:00.1600000Z | AC33: 2026-02-09T16:10:18.7430000Z | AD33: 208 | AF33: 2026-02-09T13:56:51.3730000Z | AG33: 2026-02-09
A34: 7033 | B34: T2-25_BDSDF110 | C34: Linear Algebra | D34: BS - Data Science &amp; AI | E34: dept_bs_dsai | F34: 6653 | G34: sem_trimester 2 | H34: Trimester 2 | I34: 2025eb1100030@bitspilani-digital.edu.in | J34: 2025EB1100030 | K34: KAYITHOJU PRAVARAKYA | L34: . | M34: TRUE | N34: 120 | O34: BITS Learner | P34: 4 | Q34: 86 | R34: 0 | S34: 1 | T34: 1 | U34: 0 | V34: 0 | W34: 0 | Y34: 0 | AA34: 152 | AB34: 2026-02-09T20:38:58.8900000Z | AC34: 2026-02-09T16:10:18.7430000Z | AD34: 208 | AF34: 2026-02-09T13:34:51.6500000Z | AG34: 2026-02-09 | AH34: 2026-01-18T15:51:45.8970000Z | AI34: 2026-01-18T15:51:45.8830000Z
A35: 7033 | B35: T2-25_BDSDF110 | C35: Linear Algebra | D35: BS - Data Science &amp; AI | E35: dept_bs_dsai | F35: 6653 | G35: sem_trimester 2 | H35: Trimester 2 | I35: 2025eb1100031@bitspilani-digital.edu.in | J35: 2025EB1100031 | K35: KUCHI SAMANVI | L35: . | M35: TRUE | N35: 120 | O35: BITS Learner | P35: 22 | Q35: 86 | R35: 0 | S35: 5 | T35: 6 | U35: 0 | V35: 0 | W35: 0 | Y35: 0 | AA35: 6741 | AB35: 2026-02-09T08:44:26.2100000Z | AC35: 2026-02-09T08:34:26.3900000Z | AD35: 89 | AF35: 2026-02-09T08:44:21.7200000Z | AG35: 2026-02-09 | AH35: 2026-01-19T20:46:39.0970000Z | AI35: 2026-01-19T20:56:27.9530000Z
A36: 7034 | B36: T2-25_BDSDF106 | C36: Data Structures for Data Science | D36: BS - Data Science &amp; AI | E36: dept_bs_dsai | F36: 6653 | G36: sem_trimester 2 | H36: Trimester 2 | I36: 2025eb1100031@bitspilani-digital.edu.in | J36: 2025EB1100031 | K36: KUCHI SAMANVI | L36: . | M36: TRUE | N36: 120 | O36: BITS Learner | P36: 3 | Q36: 154 | R36: 0 | S36: 1 | T36: 1 | U36: 0 | V36: 0 | W36: 0 | Y36: 0 | AA36: 34 | AB36: 2026-02-09T08:48:24.4200000Z | AC36: 2026-02-09T08:34:26.3900000Z | AD36: 89 | AF36: 2026-02-09T08:48:23.4270000Z | AG36: 2026-02-09
A37: 7035 | B37: T2-25_BDSDF102 | C37: Data Preprocessing (BS) | D37: BS - Data Science &amp; AI | E37: dept_bs_dsai | F37: 6653 | G37: sem_trimester 2 | H37: Trimester 2 | I37: 2025eb1100031@bitspilani-digital.edu.in | J37: 2025EB1100031 | K37: KUCHI SAMANVI | L37: . | M37: TRUE | N37: 120 | O37: BITS Learner | P37: 26 | Q37: 158 | R37: 0 | S37: 6 | T37: 6 | U37: 0 | V37: 0 | W37: 0 | Y37: 0 | AA37: 20009 | AB37: 2026-02-09T08:53:00.2300000Z | AC37: 2026-02-09T08:34:26.3900000Z | AD37: 89 | AF37: 2026-02-09T08:52:52.3970000Z | AG37: 2026-02-09
A38: 7035 | B38: T2-25_BDSDF102 | C38: Data Preprocessing (BS) | D38: BS - Data Science &amp; AI | E38: dept_bs_dsai | F38: 6653 | G38: sem_trimester 2 | H38: Trimester 2 | I38: 2025eb1100032@bitspilani-digital.edu.in | J38: 2025EB1100032 | K38: GANESH ANKIT | L38: . | M38: TRUE | N38: 120 | O38: BITS Learner | P38: 68 | Q38: 158 | R38: 0 | S38: 18 | T38: 19 | U38: 0 | V38: 0 | W38: 0 | Y38: 0 | AA38: 354 | AB38: 2026-02-08T11:58:58.7570000Z | AC38: 2026-02-08T11:36:33.8600000Z | AD38: 126 | AF38: 2026-02-08T11:57:40.1230000Z | AG38: 2026-02-08
A39: 7034 | B39: T2-25_BDSDF106 | C39: Data Structures for Data Science | D39: BS - Data Science &amp; AI | E39: dept_bs_dsai | F39: 6653 | G39: sem_trimester 2 | H39: Trimester 2 | I39: 2025eb1100032@bitspilani-digital.edu.in | J39: 2025EB1100032 | K39: GANESH ANKIT | L39: . | M39: TRUE | N39: 120 | O39: BITS Learner | P39: 98 | Q39: 154 | R39: 0 | S39: 20 | T39: 20 | U39: 1 | V39: 0 | W39: 0 | X39: 2026-02-08T11:45:58.0400000Z | Y39: 0 | AA39: 2827 | AB39: 2026-02-08T11:51:35.5700000Z | AC39: 2026-02-08T11:36:33.8600000Z | AD39: 126 | AF39: 2026-02-08T11:51:25.2600000Z | AG39: 2026-02-08 | AH39: 2026-01-24T06:46:47.5170000Z | AI39: 2026-01-24T06:46:49.3930000Z
A40: 7033 | B40: T2-25_BDSDF110 | C40: Linear Algebra | D40: BS - Data Science &amp; AI | E40: dept_bs_dsai | F40: 6653 | G40: sem_trimester 2 | H40: Trimester 2 | I40: 2025eb1100032@bitspilani-digital.edu.in | J40: 2025EB1100032 | K40: GANESH ANKIT | L40: . | M40: TRUE | N40: 120 | O40: BITS Learner | P40: 45 | Q40: 86 | R40: 0 | S40: 5 | T40: 5 | U40: 1 | V40: 0 | W40: 0 | X40: 2026-02-08T11:38:55.9270000Z | Y40: 0 | AA40: 505 | AB40: 2026-02-08T11:43:24.0200000Z | AC40: 2026-02-08T11:36:33.8600000Z | AD40: 126 | AF40: 2026-02-08T11:43:07.4570000Z | AG40: 2026-02-08 | AH40: 2026-01-24T06:48:02.5530000Z | AI40: 2026-01-24T06:48:05.0470000Z
A41: 7034 | B41: T2-25_BDSDF106 | C41: Data Structures for Data Science | D41: BS - Data Science &amp; AI | E41: dept_bs_dsai | F41: 6653 | G41: sem_trimester 2 | H41: Trimester 2 | I41: 2025eb1100033@bitspilani-digital.edu.in | J41: 2025EB1100033 | K41: JHANVI KOTHARI | L41: . | M41: TRUE | N41: 120 | O41: BITS Learner | P41: 23 | Q41: 154 | R41: 0 | S41: 6 | T41: 6 | U41: 0 | V41: 0 | W41: 0 | Y41: 0 | AA41: 23162 | AB41: 2026-02-08T13:25:48.7430000Z | AC41: 2026-02-08T11:27:45.0830000Z | AD41: 127 | AF41: 2026-02-08T13:25:40.8400000Z | AG41: 2026-02-08 | AH41: 2026-02-08T13:26:40.7170000Z | AI41: 2026-02-08T13:26:40.7200000Z
A42: 7033 | B42: T2-25_BDSDF110 | C42: Linear Algebra | D42: BS - Data Science &amp; AI | E42: dept_bs_dsai | F42: 6653 | G42: sem_trimester 2 | H42: Trimester 2 | I42: 2025eb1100034@bitspilani-digital.edu.in | J42: 2025EB1100034 | K42: MEHTA PREET NIRAVKUMAR | L42: . | M42: TRUE | N42: 120 | O42: BITS Learner | P42: 19 | Q42: 86 | R42: 0 | S42: 9 | T42: 9 | U42: 0 | V42: 0 | W42: 0 | Y42: 0 | AA42: 6532 | AB42: 2026-02-09T14:19:59.5170000Z | AC42: 2026-02-09T14:19:43.7800000Z | AD42: 417 | AF42: 2026-02-08T05:36:49.9470000Z | AG42: 2026-02-08 | AH42: 2026-02-02T13:35:13.8030000Z | AI42: 2026-02-02T13:35:13.8030000Z
A43: 7033 | B43: T2-25_BDSDF110 | C43: Linear Algebra | D43: BS - Data Science &amp; AI | E43: dept_bs_dsai | F43: 6653 | G43: sem_trimester 2 | H43: Trimester 2 | I43: 2025eb1100037@bitspilani-digital.edu.in | J43: 2025EB1100037 | K43: SHIVAM KUMAR | L43: . | M43: TRUE | N43: 120 | O43: BITS Learner | P43: 19 | Q43: 86 | R43: 0 | S43: 1 | T43: 1 | U43: 0 | V43: 0 | W43: 0 | Y43: 0 | AA43: 2532 | AB43: 2026-02-08T04:21:18.8170000Z | AC43: 2026-02-09T09:24:49.1770000Z | AD43: 114 | AF43: 2026-02-08T04:21:12.9030000Z | AG43: 2026-02-08 | AH43: 2026-02-02T14:58:20.9370000Z | AI43: 2026-02-02T14:58:20.9400000Z
A44: 7034 | B44: T2-25_BDSDF106 | C44: Data Structures for Data Science | D44: BS - Data Science &amp; AI | E44: dept_bs_dsai | F44: 6653 | G44: sem_trimester 2 | H44: Trimester 2 | I44: 2025eb1100037@bitspilani-digital.edu.in | J44: 2025EB1100037 | K44: SHIVAM KUMAR | L44: . | M44: TRUE | N44: 120 | O44: BITS Learner | P44: 23 | Q44: 154 | R44: 0 | S44: 1 | T44: 1 | U44: 0 | V44: 0 | W44: 0 | Y44: 0 | AA44: 2909 | AB44: 2026-02-08T04:25:23.6400000Z | AC44: 2026-02-09T09:24:49.1770000Z | AD44: 114 | AF44: 2026-02-08T04:25:12.7330000Z | AG44: 2026-02-08 | AH44: 2026-02-02T15:24:46.8500000Z | AI44: 2026-02-02T15:24:46.8500000Z
A45: 7033 | B45: T2-25_BDSDF110 | C45: Linear Algebra | D45: BS - Data Science &amp; AI | E45: dept_bs_dsai | F45: 6653 | G45: sem_trimester 2 | H45: Trimester 2 | I45: 2025eb1100038@bitspilani-digital.edu.in | J45: 2025EB1100038 | K45: JAANVI KHANNA | L45: . | M45: TRUE | N45: 120 | O45: BITS Learner | P45: 7 | Q45: 86 | R45: 0 | S45: 2 | T45: 2 | U45: 0 | V45: 0 | W45: 0 | Y45: 0 | AA45: 8580 | AB45: 2026-02-08T14:46:37.1600000Z | AC45: 2026-02-09T13:23:37.3930000Z | AD45: 220 | AF45: 2026-02-08T14:46:12.7800000Z | AG45: 2026-02-08 | AH45: 2026-01-21T14:39:34.3430000Z | AI45: 2026-01-23T06:16:48.8470000Z
A46: 7025 | B46: T2-25_BDSDF108 | C46: Computing Systems | D46: BS - Data Science &amp; AI | E46: dept_bs_dsai | F46: 6653 | G46: sem_trimester 2 | H46: Trimester 2 | I46: 2025eb1100038@bitspilani-digital.edu.in | J46: 2025EB1100038 | K46: JAANVI KHANNA | L46: . | M46: TRUE | N46: 120 | O46: BITS Learner | P46: 20 | Q46: 267 | R46: 0 | S46: 3 | T46: 3 | U46: 0 | V46: 0 | W46: 0 | Y46: 0 | AA46: 25315 | AB46: 2026-02-09T13:23:40.3530000Z | AC46: 2026-02-09T13:23:37.3930000Z | AD46: 220 | AF46: 2026-02-08T14:52:49.2770000Z | AG46: 2026-02-08 | AH46: 2026-02-09T04:30:24.7870000Z | AI46: 2026-02-09T04:30:24.7870000Z
A47: 7021 | B47: T2-25_BDSDF113 | C47: Computer Programming | D47: BS - Data Science &amp; AI | E47: dept_bs_dsai | F47: 6653 | G47: sem_trimester 2 | H47: Trimester 2 | I47: 2025eb1100038@bitspilani-digital.edu.in | J47: 2025EB1100038 | K47: JAANVI KHANNA | L47: . | M47: TRUE | N47: 120 | O47: BITS Learner | P47: 1 | Q47: 356 | R47: 0 | S47: 1 | T47: 1 | U47: 0 | V47: 0 | W47: 0 | Y47: 0 | AA47: 0 | AB47: 2026-02-09T04:20:34.0870000Z | AC47: 2026-02-09T13:23:37.3930000Z | AD47: 220 | AF47: 2026-02-09T04:20:33.1330000Z | AG47: 2026-02-09
A48: 7033 | B48: T2-25_BDSDF110 | C48: Linear Algebra | D48: BS - Data Science &amp; AI | E48: dept_bs_dsai | F48: 6653 | G48: sem_trimester 2 | H48: Trimester 2 | I48: 2025eb1100040@bitspilani-digital.edu.in | J48: 2025EB1100040 | K48: MARIA C JOSEPH | L48: . | M48: TRUE | N48: 120 | O48: BITS Learner | P48: 1 | Q48: 86 | R48: 0 | S48: 1 | T48: 1 | U48: 0 | V48: 0 | W48: 0 | Y48: 0 | AA48: 0 | AB48: 2026-02-09T16:21:26.0400000Z | AC48: 2026-02-09T16:35:11.5700000Z | AD48: 119 | AF48: 2026-02-09T16:20:47.0570000Z | AG48: 2026-02-09
A49: 7034 | B49: T2-25_BDSDF106 | C49: Data Structures for Data Science | D49: BS - Data Science &amp; AI | E49: dept_bs_dsai | F49: 6653 | G49: sem_trimester 2 | H49: Trimester 2 | I49: 2025eb1100040@bitspilani-digital.edu.in | J49: 2025EB1100040 | K49: MARIA C JOSEPH | L49: . | M49: TRUE | N49: 120 | O49: BITS Learner | P49: 1 | Q49: 154 | R49: 0 | S49: 1 | T49: 1 | U49: 0 | V49: 0 | W49: 0 | Y49: 0 | AA49: 0 | AB49: 2026-02-09T16:25:41.9070000Z | AC49: 2026-02-09T16:35:11.5700000Z | AD49: 119 | AF49: 2026-02-09T16:25:40.7430000Z | AG49: 2026-02-09
A50: 7034 | B50: T2-25_BDSDF106 | C50: Data Structures for Data Science | D50: BS - Data Science &amp; AI | E50: dept_bs_dsai | F50: 6653 | G50: sem_trimester 2 | H50: Trimester 2 | I50: 2025eb1100041@bitspilani-digital.edu.in | J50: 2025EB1100041 | K50: NISSIE HASINI ALLABOYINA | L50: . | M50: TRUE | N50: 120 | O50: BITS Learner | P50: 98 | Q50: 154 | R50: 0 | S50: 30 | T50: 31 | U50: 3 | V50: 0 | W50: 0 | X50: 2026-02-09T07:12:24.1770000Z | Y50: 0 | AA50: 20314 | AB50: 2026-02-09T07:12:56.9900000Z | AC50: 2026-02-09T13:29:46.4970000Z | AD50: 489 | AF50: 2026-02-09T07:08:02.1970000Z | AG50: 2026-02-09 | AH50: 2026-02-09T07:08:39.8370000Z | AI50: 2026-02-09T07:08:44.5700000Z
A51: 7035 | B51: T2-25_BDSDF102 | C51: Data Preprocessing (BS) | D51: BS - Data Science &amp; AI | E51: dept_bs_dsai | F51: 6653 | G51: sem_trimester 2 | H51: Trimester 2 | I51: 2025eb1100041@bitspilani-digital.edu.in | J51: 2025EB1100041 | K51: NISSIE HASINI ALLABOYINA | L51: . | M51: TRUE | N51: 120 | O51: BITS Learner | P51: 89 | Q51: 158 | R51: 0 | S51: 27 | T51: 27 | U51: 3 | V51: 0 | W51: 6 | X51: 2026-02-09T08:00:58.4230000Z | Y51: 0 | AA51: 57528 | AB51: 2026-02-09T13:30:16.6870000Z | AC51: 2026-02-09T13:29:46.4970000Z | AD51: 489 | AF51: 2026-02-09T06:21:23.9500000Z | AG51: 2026-02-09
A52: 7033 | B52: T2-25_BDSDF110 | C52: Linear Algebra | D52: BS - Data Science &amp; AI | E52: dept_bs_dsai | F52: 6653 | G52: sem_trimester 2 | H52: Trimester 2 | I52: 2025eb1100041@bitspilani-digital.edu.in | J52: 2025EB1100041 | K52: NISSIE HASINI ALLABOYINA | L52: . | M52: TRUE | N52: 120 | O52: BITS Learner | P52: 47 | Q52: 86 | R52: 0 | S52: 12 | T52: 12 | U52: 3 | V52: 0 | W52: 0 | X52: 2026-02-06T10:49:43.0730000Z | Y52: 0 | AA52: 31238 | AB52: 2026-02-09T06:41:04.4000000Z | AC52: 2026-02-09T13:29:46.4970000Z | AD52: 489 | AF52: 2026-02-09T06:29:10.5870000Z | AG52: 2026-02-09 | AH52: 2026-02-06T10:02:23.9500000Z | AI52: 2026-02-06T10:02:23.9500000Z
A53: 7033 | B53: T2-25_BDSDF110 | C53: Linear Algebra | D53: BS - Data Science &amp; AI | E53: dept_bs_dsai | F53: 6653 | G53: sem_trimester 2 | H53: Trimester 2 | I53: 2025eb1100042@bitspilani-digital.edu.in | J53: 2025EB1100042 | K53: SHUBHASHREE SANNIGRAHI | L53: . | M53: TRUE | N53: 120 | O53: BITS Learner | P53: 3 | Q53: 86 | R53: 0 | S53: 1 | T53: 1 | U53: 0 | V53: 0 | W53: 0 | Y53: 0 | AA53: 53 | AB53: 2026-02-08T02:58:15.8470000Z | AC53: 2026-02-10T02:02:20.5230000Z | AD53: 298 | AF53: 2026-02-08T02:58:11.0530000Z | AG53: 2026-02-08 | AH53: 2026-01-17T14:25:11.6030000Z | AI53: 2026-01-17T14:25:11.5900000Z
A54: 7035 | B54: T2-25_BDSDF102 | C54: Data Preprocessing (BS) | D54: BS - Data Science &amp; AI | E54: dept_bs_dsai | F54: 6653 | G54: sem_trimester 2 | H54: Trimester 2 | I54: 2025eb1100042@bitspilani-digital.edu.in | J54: 2025EB1100042 | K54: SHUBHASHREE SANNIGRAHI | L54: . | M54: TRUE | N54: 120 | O54: BITS Learner | P54: 14 | Q54: 158 | R54: 0 | S54: 2 | T54: 2 | U54: 0 | V54: 0 | W54: 0 | Y54: 0 | AA54: 22518 | AB54: 2026-02-10T02:02:21.7630000Z | AC54: 2026-02-10T02:02:20.5230000Z | AD54: 298 | AF54: 2026-02-08T12:35:36.7500000Z | AG54: 2026-02-08
A55: 7034 | B55: T2-25_BDSDF106 | C55: Data Structures for Data Science | D55: BS - Data Science &amp; AI | E55: dept_bs_dsai | F55: 6653 | G55: sem_trimester 2 | H55: Trimester 2 | I55: 2025eb1100042@bitspilani-digital.edu.in | J55: 2025EB1100042 | K55: SHUBHASHREE SANNIGRAHI | L55: . | M55: TRUE | N55: 120 | O55: BITS Learner | P55: 6 | Q55: 154 | R55: 0 | S55: 1 | T55: 1 | U55: 0 | V55: 0 | W55: 0 | Y55: 0 | AA55: 54 | AB55: 2026-02-08T02:55:36.6000000Z | AC55: 2026-02-10T02:02:20.5230000Z | AD55: 298 | AF55: 2026-02-08T02:55:15.9170000Z | AG55: 2026-02-08 | AH55: 2026-01-17T14:22:47.0170000Z | AI55: 2026-01-17T14:22:47.0000000Z
A56: 7034 | B56: T2-25_BDSDF106 | C56: Data Structures for Data Science | D56: BS - Data Science &amp; AI | E56: dept_bs_dsai | F56: 6653 | G56: sem_trimester 2 | H56: Trimester 2 | I56: 2025eb1100043@bitspilani-digital.edu.in | J56: 2025EB1100043 | K56: JAHAGIRDAR ADITYA ASHWIN | L56: . | M56: TRUE | N56: 120 | O56: BITS Learner | P56: 68 | Q56: 154 | R56: 0 | S56: 29 | T56: 29 | U56: 0 | V56: 0 | W56: 0 | Y56: 0 | AA56: 138664 | AB56: 2026-02-08T19:47:58.1870000Z | AC56: 2026-02-09T20:00:32.0430000Z | AD56: 174 | AF56: 2026-02-08T09:40:45.6170000Z | AG56: 2026-02-08 | AH56: 2026-02-08T19:48:43.6470000Z | AI56: 2026-02-08T19:48:43.6500000Z
A57: 7023 | B57: T2-25_BDSDF112 | C57: Writing Practice | D57: BS - Data Science &amp; AI | E57: dept_bs_dsai | F57: 6653 | G57: sem_trimester 2 | H57: Trimester 2 | I57: 2025eb1100043@bitspilani-digital.edu.in | J57: 2025EB1100043 | K57: JAHAGIRDAR ADITYA ASHWIN | L57: . | M57: TRUE | N57: 120 | O57: BITS Learner | P57: 2 | Q57: 209 | R57: 0 | S57: 1 | T57: 1 | U57: 0 | V57: 0 | W57: 0 | Y57: 0 | AA57: 133 | AB57: 2026-02-09T20:10:10.3770000Z | AC57: 2026-02-09T20:00:32.0430000Z | AD57: 174 | AF57: 2026-02-09T20:10:05.9600000Z | AG57: 2026-02-09
A58: 7033 | B58: T2-25_BDSDF110 | C58: Linear Algebra | D58: BS - Data Science &amp; AI | E58: dept_bs_dsai | F58: 6653 | G58: sem_trimester 2 | H58: Trimester 2 | I58: 2025eb1100047@bitspilani-digital.edu.in | J58: 2025EB1100047 | K58: SYED SARIM HASSAN | L58: . | M58: TRUE | N58: 120 | O58: BITS Learner | P58: 44 | Q58: 86 | R58: 0 | S58: 12 | T58: 29 | U58: 0 | V58: 0 | W58: 0 | Y58: 0 | AA58: 20491 | AB58: 2026-02-09T15:02:27.0400000Z | AC58: 2026-02-09T15:01:45.0070000Z | AD58: 227 | AF58: 2026-02-08T14:20:20.2870000Z | AG58: 2026-02-08 | AH58: 2026-02-05T09:32:34.7830000Z | AI58: 2026-02-05T09:32:38.0430000Z
A59: 7034 | B59: T2-25_BDSDF106 | C59: Data Structures for Data Science | D59: BS - Data Science &amp; AI | E59: dept_bs_dsai | F59: 6653 | G59: sem_trimester 2 | H59: Trimester 2 | I59: 2025eb1100047@bitspilani-digital.edu.in | J59: 2025EB1100047 | K59: SYED SARIM HASSAN | L59: . | M59: TRUE | N59: 120 | O59: BITS Learner | P59: 88 | Q59: 154 | R59: 0 | S59: 30 | T59: 68 | U59: 0 | V59: 0 | W59: 0 | Y59: 0 | AA59: 35001 | AB59: 2026-02-08T14:38:20.2530000Z | AC59: 2026-02-09T15:01:45.0070000Z | AD59: 227 | AF59: 2026-02-08T14:27:02.9270000Z | AG59: 2026-02-08 | AH59: 2026-02-04T16:58:43.2170000Z | AI59: 2026-02-04T17:06:47.0100000Z
A60: 7035 | B60: T2-25_BDSDF102 | C60: Data Preprocessing (BS) | D60: BS - Data Science &amp; AI | E60: dept_bs_dsai | F60: 6653 | G60: sem_trimester 2 | H60: Trimester 2 | I60: 2025eb1100047@bitspilani-digital.edu.in | J60: 2025EB1100047 | K60: SYED SARIM HASSAN | L60: . | M60: TRUE | N60: 120 | O60: BITS Learner | P60: 84 | Q60: 158 | R60: 0 | S60: 26 | T60: 54 | U60: 0 | V60: 0 | W60: 0 | Y60: 0 | AA60: 58031 | AB60: 2026-02-09T15:06:21.0600000Z | AC60: 2026-02-09T15:01:45.0070000Z | AD60: 227 | AF60: 2026-02-08T14:36:23.7870000Z | AG60: 2026-02-08
A61: 7025 | B61: T2-25_BDSDF108 | C61: Computing Systems | D61: BS - Data Science &amp; AI | E61: dept_bs_dsai | F61: 6653 | G61: sem_trimester 2 | H61: Trimester 2 | I61: 2025eb1100050@bitspilani-digital.edu.in | J61: 2025EB1100050 | K61: BONAGIRI PRANAV SRIRAM | L61: . | M61: TRUE | N61: 120 | O61: BITS Learner | P61: 3 | Q61: 267 | R61: 0 | S61: 1 | T61: 1 | U61: 0 | V61: 0 | W61: 0 | Y61: 0 | AA61: 1005 | AB61: 2026-02-08T05:04:33.4830000Z | AC61: 2026-02-08T04:53:43.0200000Z | AD61: 87 | AF61: 2026-02-08T05:02:54.2870000Z | AG61: 2026-02-08 | AH61: 2026-01-21T16:09:05.1400000Z | AI61: 2026-02-04T09:40:37.3930000Z
A62: 7033 | B62: T2-25_BDSDF110 | C62: Linear Algebra | D62: BS - Data Science &amp; AI | E62: dept_bs_dsai | F62: 6653 | G62: sem_trimester 2 | H62: Trimester 2 | I62: 2025eb1100052@bitspilani-digital.edu.in | J62: 2025EB1100052 | K62: KANAMARLAPUDI N V S AJAY KUMAR | L62: . | M62: TRUE | N62: 120 | O62: BITS Learner | P62: 19 | Q62: 86 | R62: 0 | S62: 5 | T62: 5 | U62: 1 | V62: 0 | W62: 0 | X62: 2026-01-18T16:03:50.7370000Z | Y62: 0 | AA62: 5059 | AB62: 2026-02-08T05:16:20.3200000Z | AC62: 2026-02-08T18:52:12.6300000Z | AD62: 126 | AF62: 2026-02-08T05:15:22.8700000Z | AG62: 2026-02-08 | AH62: 2026-01-22T12:33:33.3970000Z | AI62: 2026-01-22T12:39:19.0500000Z
A63: 7035 | B63: T2-25_BDSDF102 | C63: Data Preprocessing (BS) | D63: BS - Data Science &amp; AI | E63: dept_bs_dsai | F63: 6653 | G63: sem_trimester 2 | H63: Trimester 2 | I63: 2025eb1100052@bitspilani-digital.edu.in | J63: 2025EB1100052 | K63: KANAMARLAPUDI N V S AJAY KUMAR | L63: . | M63: TRUE | N63: 120 | O63: BITS Learner | P63: 4 | Q63: 158 | R63: 0 | S63: 1 | T63: 1 | U63: 0 | V63: 0 | W63: 0 | Y63: 0 | AA63: 239 | AB63: 2026-02-08T13:28:55.8530000Z | AC63: 2026-02-08T18:52:12.6300000Z | AD63: 126 | AF63: 2026-02-08T13:28:43.4570000Z | AG63: 2026-02-08
A64: 7034 | B64: T2-25_BDSDF106 | C64: Data Structures for Data Science | D64: BS - Data Science &amp; AI | E64: dept_bs_dsai | F64: 6653 | G64: sem_trimester 2 | H64: Trimester 2 | I64: 2025eb1100052@bitspilani-digital.edu.in | J64: 2025EB1100052 | K64: KANAMARLAPUDI N V S AJAY KUMAR | L64: . | M64: TRUE | N64: 120 | O64: BITS Learner | P64: 43 | Q64: 154 | R64: 0 | S64: 13 | T64: 13 | U64: 1 | V64: 0 | W64: 0 | X64: 2026-01-29T15:06:08.0930000Z | Y64: 0 | AA64: 11786 | AB64: 2026-02-08T13:23:58.9200000Z | AC64: 2026-02-08T18:52:12.6300000Z | AD64: 126 | AF64: 2026-02-08T13:23:51.2070000Z | AG64: 2026-02-08 | AH64: 2026-02-02T13:28:14.4530000Z | AI64: 2026-02-02T13:28:19.4900000Z
A65: 7034 | B65: T2-25_BDSDF106 | C65: Data Structures for Data Science | D65: BS - Data Science &amp; AI | E65: dept_bs_dsai | F65: 6653 | G65: sem_trimester 2 | H65: Trimester 2 | I65: 2025eb1100053@bitspilani-digital.edu.in | J65: 2025EB1100053 | K65: SIDHI | L65: . | M65: TRUE | N65: 120 | O65: BITS Learner | P65: 1 | Q65: 154 | R65: 0 | S65: 1 | T65: 1 | U65: 0 | V65: 0 | W65: 0 | Y65: 0 | AA65: 0 | AB65: 2026-02-08T10:11:17.8900000Z | AC65: 2026-02-08T09:21:30.0330000Z | AD65: 116 | AF65: 2026-02-08T10:11:10.6970000Z | AG65: 2026-02-08
A66: 7035 | B66: T2-25_BDSDF102 | C66: Data Preprocessing (BS) | D66: BS - Data Science &amp; AI | E66: dept_bs_dsai | F66: 6653 | G66: sem_trimester 2 | H66: Trimester 2 | I66: 2025eb1100053@bitspilani-digital.edu.in | J66: 2025EB1100053 | K66: SIDHI | L66: . | M66: TRUE | N66: 120 | O66: BITS Learner | P66: 2 | Q66: 158 | R66: 0 | S66: 1 | T66: 1 | U66: 0 | V66: 0 | W66: 0 | Y66: 0 | AA66: 0 | AB66: 2026-02-08T12:23:38.5770000Z | AC66: 2026-02-08T09:21:30.0330000Z | AD66: 116 | AF66: 2026-02-08T10:15:20.5170000Z | AG66: 2026-02-08
A67: 7033 | B67: T2-25_BDSDF110 | C67: Linear Algebra | D67: BS - Data Science &amp; AI | E67: dept_bs_dsai | F67: 6653 | G67: sem_trimester 2 | H67: Trimester 2 | I67: 2025eb1100053@bitspilani-digital.edu.in | J67: 2025EB1100053 | K67: SIDHI | L67: . | M67: TRUE | N67: 120 | O67: BITS Learner | P67: 2 | Q67: 86 | R67: 0 | S67: 1 | T67: 1 | U67: 0 | V67: 0 | W67: 0 | Y67: 0 | AA67: 4 | AB67: 2026-02-08T10:07:48.2900000Z | AC67: 2026-02-08T09:21:30.0330000Z | AD67: 116 | AF67: 2026-02-08T10:07:22.7800000Z | AG67: 2026-02-08 | AH67: 2026-02-01T12:35:54.6600000Z | AI67: 2026-02-04T17:26:40.5330000Z
A68: 7033 | B68: T2-25_BDSDF110 | C68: Linear Algebra | D68: BS - Data Science &amp; AI | E68: dept_bs_dsai | F68: 6653 | G68: sem_trimester 2 | H68: Trimester 2 | I68: 2025eb1100054@bitspilani-digital.edu.in | J68: 2025EB1100054 | K68: PARTH NEGI | L68: . | M68: TRUE | N68: 120 | O68: BITS Learner | P68: 1 | Q68: 86 | R68: 0 | S68: 1 | T68: 1 | U68: 0 | V68: 0 | W68: 0 | Y68: 0 | AA68: 0 | AB68: 2026-02-08T17:07:04.3200000Z | AC68: 2026-02-08T16:48:26.0330000Z | AD68: 137 | AF68: 2026-02-08T17:06:56.8230000Z | AG68: 2026-02-08
A69: 7035 | B69: T2-25_BDSDF102 | C69: Data Preprocessing (BS) | D69: BS - Data Science &amp; AI | E69: dept_bs_dsai | F69: 6653 | G69: sem_trimester 2 | H69: Trimester 2 | I69: 2025eb1100054@bitspilani-digital.edu.in | J69: 2025EB1100054 | K69: PARTH NEGI | L69: . | M69: TRUE | N69: 120 | O69: BITS Learner | P69: 2 | Q69: 158 | R69: 0 | S69: 1 | T69: 1 | U69: 0 | V69: 0 | W69: 0 | Y69: 0 | AA69: 9 | AB69: 2026-02-08T17:03:21.4000000Z | AC69: 2026-02-08T16:48:26.0330000Z | AD69: 137 | AF69: 2026-02-08T17:03:07.7870000Z | AG69: 2026-02-08
A70: 7025 | B70: T2-25_BDSDF108 | C70: Computing Systems | D70: BS - Data Science &amp; AI | E70: dept_bs_dsai | F70: 6653 | G70: sem_trimester 2 | H70: Trimester 2 | I70: 2025eb1100054@bitspilani-digital.edu.in | J70: 2025EB1100054 | K70: PARTH NEGI | L70: . | M70: TRUE | N70: 120 | O70: BITS Learner | P70: 1 | Q70: 267 | R70: 0 | S70: 1 | T70: 1 | U70: 0 | V70: 0 | W70: 0 | Y70: 0 | AA70: 0 | AB70: 2026-02-08T17:07:39.2800000Z | AC70: 2026-02-08T16:48:26.0330000Z | AD70: 137 | AF70: 2026-02-08T17:01:12.4370000Z | AG70: 2026-02-08
A71: 7035 | B71: T2-25_BDSDF102 | C71: Data Preprocessing (BS) | D71: BS - Data Science &amp; AI | E71: dept_bs_dsai | F71: 6653 | G71: sem_trimester 2 | H71: Trimester 2 | I71: 2025eb1100055@bitspilani-digital.edu.in | J71: 2025EB1100055 | K71: DEEPAK | L71: . | M71: TRUE | N71: 120 | O71: BITS Learner | P71: 28 | Q71: 158 | R71: 0 | S71: 9 | T71: 9 | U71: 0 | V71: 0 | W71: 0 | Y71: 0 | AA71: 53820 | AB71: 2026-02-09T17:41:29.5670000Z | AC71: 2026-02-09T16:49:30.3470000Z | AD71: 207 | AF71: 2026-02-09T17:41:07.6270000Z | AG71: 2026-02-09
A72: 7034 | B72: T2-25_BDSDF106 | C72: Data Structures for Data Science | D72: BS - Data Science &amp; AI | E72: dept_bs_dsai | F72: 6653 | G72: sem_trimester 2 | H72: Trimester 2 | I72: 2025eb1100055@bitspilani-digital.edu.in | J72: 2025EB1100055 | K72: DEEPAK | L72: . | M72: TRUE | N72: 120 | O72: BITS Learner | P72: 63 | Q72: 154 | R72: 0 | S72: 20 | T72: 21 | U72: 0 | V72: 0 | W72: 0 | Y72: 0 | AA72: 115702 | AB72: 2026-02-09T17:19:57.3700000Z | AC72: 2026-02-09T16:49:30.3470000Z | AD72: 207 | AF72: 2026-02-09T17:19:16.3100000Z | AG72: 2026-02-09 | AH72: 2026-01-29T17:05:43.9070000Z | AI72: 2026-01-29T17:05:43.9100000Z
A73: 7033 | B73: T2-25_BDSDF110 | C73: Linear Algebra | D73: BS - Data Science &amp; AI | E73: dept_bs_dsai | F73: 6653 | G73: sem_trimester 2 | H73: Trimester 2 | I73: 2025eb1100055@bitspilani-digital.edu.in | J73: 2025EB1100055 | K73: DEEPAK | L73: . | M73: TRUE | N73: 120 | O73: BITS Learner | P73: 5 | Q73: 86 | R73: 0 | S73: 1 | T73: 1 | U73: 0 | V73: 0 | W73: 0 | Y73: 0 | AA73: 26255 | AB73: 2026-02-09T17:10:58.4100000Z | AC73: 2026-02-09T16:49:30.3470000Z | AD73: 207 | AF73: 2026-02-09T17:10:42.3300000Z | AG73: 2026-02-09 | AH73: 2026-02-06T09:04:00.2270000Z | AI73: 2026-02-06T09:04:00.2230000Z
A74: 7033 | B74: T2-25_BDSDF110 | C74: Linear Algebra | D74: BS - Data Science &amp; AI | E74: dept_bs_dsai | F74: 6653 | G74: sem_trimester 2 | H74: Trimester 2 | I74: 2025eb1100056@bitspilani-digital.edu.in | J74: 2025EB1100056 | K74: SAKSHAM RAI | L74: . | M74: TRUE | N74: 120 | O74: BITS Learner | P74: 49 | Q74: 86 | R74: 0 | S74: 12 | T74: 13 | U74: 1 | V74: 0 | W74: 0 | X74: 2026-01-18T16:03:07.5170000Z | Y74: 0 | AA74: 28670 | AB74: 2026-02-08T13:32:01.4900000Z | AC74: 2026-02-10T02:25:22.6470000Z | AD74: 376 | AF74: 2026-02-08T13:19:17.3100000Z | AG74: 2026-02-08 | AH74: 2026-02-02T04:46:51.1670000Z | AI74: 2026-02-02T13:30:03.7930000Z
A75: 7034 | B75: T2-25_BDSDF106 | C75: Data Structures for Data Science | D75: BS - Data Science &amp; AI | E75: dept_bs_dsai | F75: 6653 | G75: sem_trimester 2 | H75: Trimester 2 | I75: 2025eb1100056@bitspilani-digital.edu.in | J75: 2025EB1100056 | K75: SAKSHAM RAI | L75: . | M75: TRUE | N75: 120 | O75: BITS Learner | P75: 102 | Q75: 154 | R75: 0 | S75: 30 | T75: 30 | U75: 1 | V75: 0 | W75: 0 | X75: 2026-01-30T17:28:08.9330000Z | Y75: 0 | AA75: 96755 | AB75: 2026-02-08T13:31:10.9500000Z | AC75: 2026-02-10T02:25:22.6470000Z | AD75: 376 | AF75: 2026-02-08T13:24:10.5900000Z | AG75: 2026-02-08 | AH75: 2026-02-05T17:36:12.0870000Z | AI75: 2026-02-05T17:36:12.0830000Z
A76: 7035 | B76: T2-25_BDSDF102 | C76: Data Preprocessing (BS) | D76: BS - Data Science &amp; AI | E76: dept_bs_dsai | F76: 6653 | G76: sem_trimester 2 | H76: Trimester 2 | I76: 2025eb1100056@bitspilani-digital.edu.in | J76: 2025EB1100056 | K76: SAKSHAM RAI | L76: . | M76: TRUE | N76: 120 | O76: BITS Learner | P76: 51 | Q76: 158 | R76: 0 | S76: 15 | T76: 16 | U76: 0 | V76: 0 | W76: 0 | Y76: 0 | AA76: 89205 | AB76: 2026-02-10T03:11:41.3970000Z | AC76: 2026-02-10T02:25:22.6470000Z | AD76: 376 | AF76: 2026-02-10T03:11:36.1200000Z | AG76: 2026-02-10
A77: 7035 | B77: T2-25_BDSDF102 | C77: Data Preprocessing (BS) | D77: BS - Data Science &amp; AI | E77: dept_bs_dsai | F77: 6653 | G77: sem_trimester 2 | H77: Trimester 2 | I77: 2025eb1100058@bitspilani-digital.edu.in | J77: 2025EB1100058 | K77: MIRIYALA KIRATH VENKATA NAGA MARUTHI | L77: . | M77: TRUE | N77: 120 | O77: BITS Learner | P77: 4 | Q77: 158 | R77: 0 | S77: 1 | T77: 1 | U77: 0 | V77: 0 | W77: 0 | Y77: 0 | AA77: 4534 | AB77: 2026-02-08T19:22:10.7470000Z | AC77: 2026-02-08T19:14:30.5100000Z | AD77: 122 | AF77: 2026-02-08T19:22:01.3970000Z | AG77: 2026-02-08
A78: 7034 | B78: T2-25_BDSDF106 | C78: Data Structures for Data Science | D78: BS - Data Science &amp; AI | E78: dept_bs_dsai | F78: 6653 | G78: sem_trimester 2 | H78: Trimester 2 | I78: 2025eb1100058@bitspilani-digital.edu.in | J78: 2025EB1100058 | K78: MIRIYALA KIRATH VENKATA NAGA MARUTHI | L78: . | M78: TRUE | N78: 120 | O78: BITS Learner | P78: 17 | Q78: 154 | R78: 0 | S78: 6 | T78: 6 | U78: 0 | V78: 0 | W78: 0 | Y78: 0 | AA78: 7097 | AB78: 2026-02-08T19:27:31.1070000Z | AC78: 2026-02-08T19:14:30.5100000Z | AD78: 122 | AF78: 2026-02-08T19:27:30.1070000Z | AG78: 2026-02-08 | AH78: 2026-02-07T05:41:46.5000000Z | AI78: 2026-02-07T05:41:46.5000000Z
A79: 7033 | B79: T2-25_BDSDF110 | C79: Linear Algebra | D79: BS - Data Science &amp; AI | E79: dept_bs_dsai | F79: 6653 | G79: sem_trimester 2 | H79: Trimester 2 | I79: 2025eb1100059@bitspilani-digital.edu.in | J79: 2025EB1100059 | K79: ADITI CHANDALIA | L79: . | M79: TRUE | N79: 120 | O79: BITS Learner | P79: 33 | Q79: 86 | R79: 0 | S79: 10 | T79: 11 | U79: 0 | V79: 0 | W79: 0 | Y79: 0 | AA79: 52631 | AB79: 2026-02-09T04:47:23.1270000Z | AC79: 2026-02-10T04:24:03.3470000Z | AD79: 294 | AF79: 2026-02-09T04:47:19.6800000Z | AG79: 2026-02-09 | AH79: 2026-02-06T10:15:52.3200000Z | AI79: 2026-02-06T10:15:52.3200000Z
A80: 7034 | B80: T2-25_BDSDF106 | C80: Data Structures for Data Science | D80: BS - Data Science &amp; AI | E80: dept_bs_dsai | F80: 6653 | G80: sem_trimester 2 | H80: Trimester 2 | I80: 2025eb1100059@bitspilani-digital.edu.in | J80: 2025EB1100059 | K80: ADITI CHANDALIA | L80: . | M80: TRUE | N80: 120 | O80: BITS Learner | P80: 24 | Q80: 154 | R80: 0 | S80: 8 | T80: 8 | U80: 0 | V80: 0 | W80: 0 | Y80: 0 | AA80: 16736 | AB80: 2026-02-09T05:01:55.2630000Z | AC80: 2026-02-10T04:24:03.3470000Z | AD80: 294 | AF80: 2026-02-09T05:01:28.4300000Z | AG80: 2026-02-09 | AH80: 2026-02-07T06:34:25.6500000Z | AI80: 2026-02-07T06:34:25.6500000Z
A81: 7035 | B81: T2-25_BDSDF102 | C81: Data Preprocessing (BS) | D81: BS - Data Science &amp; AI | E81: dept_bs_dsai | F81: 6653 | G81: sem_trimester 2 | H81: Trimester 2 | I81: 2025eb1100059@bitspilani-digital.edu.in | J81: 2025EB1100059 | K81: ADITI CHANDALIA | L81: . | M81: TRUE | N81: 120 | O81: BITS Learner | P81: 46 | Q81: 158 | R81: 0 | S81: 14 | T81: 17 | U81: 0 | V81: 0 | W81: 0 | Y81: 0 | AA81: 67437 | AB81: 2026-02-10T04:55:36.8800000Z | AC81: 2026-02-10T04:24:03.3470000Z | AD81: 294 | AF81: 2026-02-10T04:55:19.9700000Z | AG81: 2026-02-10
A82: 7033 | B82: T2-25_BDSDF110 | C82: Linear Algebra | D82: BS - Data Science &amp; AI | E82: dept_bs_dsai | F82: 6653 | G82: sem_trimester 2 | H82: Trimester 2 | I82: 2025eb1100061@bitspilani-digital.edu.in | J82: 2025EB1100061 | K82: RAKSHIT SINGH | L82: . | M82: TRUE | N82: 120 | O82: BITS Learner | P82: 41 | Q82: 86 | R82: 0 | S82: 12 | T82: 12 | U82: 0 | V82: 0 | W82: 0 | Y82: 0 | AA82: 54272 | AB82: 2026-02-09T13:45:43.9300000Z | AC82: 2026-02-10T05:28:23.1970000Z | AD82: 288 | AF82: 2026-02-09T07:19:17.8070000Z | AG82: 2026-02-09 | AH82: 2026-02-05T14:34:25.5400000Z | AI82: 2026-02-07T09:45:23.8530000Z
A83: 7034 | B83: T2-25_BDSDF106 | C83: Data Structures for Data Science | D83: BS - Data Science &amp; AI | E83: dept_bs_dsai | F83: 6653 | G83: sem_trimester 2 | H83: Trimester 2 | I83: 2025eb1100061@bitspilani-digital.edu.in | J83: 2025EB1100061 | K83: RAKSHIT SINGH | L83: . | M83: TRUE | N83: 120 | O83: BITS Learner | P83: 86 | Q83: 154 | R83: 0 | S83: 30 | T83: 30 | U83: 0 | V83: 0 | W83: 0 | Y83: 0 | AA83: 67269 | AB83: 2026-02-09T07:50:55.3100000Z | AC83: 2026-02-10T05:28:23.1970000Z | AD83: 288 | AF83: 2026-02-09T07:37:41.5900000Z | AG83: 2026-02-09 | AH83: 2026-02-04T15:32:59.0170000Z | AI83: 2026-02-04T15:33:05.3600000Z
A84: 7035 | B84: T2-25_BDSDF102 | C84: Data Preprocessing (BS) | D84: BS - Data Science &amp; AI | E84: dept_bs_dsai | F84: 6653 | G84: sem_trimester 2 | H84: Trimester 2 | I84: 2025eb1100061@bitspilani-digital.edu.in | J84: 2025EB1100061 | K84: RAKSHIT SINGH | L84: . | M84: TRUE | N84: 120 | O84: BITS Learner | P84: 87 | Q84: 158 | R84: 0 | S84: 28 | T84: 28 | U84: 0 | V84: 0 | W84: 0 | Y84: 0 | AA84: 81883 | AB84: 2026-02-10T05:30:04.6770000Z | AC84: 2026-02-10T05:28:23.1970000Z | AD84: 288 | AF84: 2026-02-09T11:02:52.5230000Z | AG84: 2026-02-09
A85: 7035 | B85: T2-25_BDSDF102 | C85: Data Preprocessing (BS) | D85: BS - Data Science &amp; AI | E85: dept_bs_dsai | F85: 6653 | G85: sem_trimester 2 | H85: Trimester 2 | I85: 2025eb1100063@bitspilani-digital.edu.in | J85: 2025EB1100063 | K85: SHUVROJYOTI SARKAR | L85: . | M85: TRUE | N85: 120 | O85: BITS Learner | P85: 7 | Q85: 158 | R85: 0 | S85: 2 | T85: 2 | U85: 0 | V85: 0 | W85: 0 | Y85: 0 | AA85: 31447 | AB85: 2026-02-09T17:05:39.5970000Z | AC85: 2026-02-09T17:01:39.3730000Z | AD85: 193 | AF85: 2026-02-09T17:05:02.8930000Z | AG85: 2026-02-09
A86: 7034 | B86: T2-25_BDSDF106 | C86: Data Structures for Data Science | D86: BS - Data Science &amp; AI | E86: dept_bs_dsai | F86: 6653 | G86: sem_trimester 2 | H86: Trimester 2 | I86: 2025eb1100063@bitspilani-digital.edu.in | J86: 2025EB1100063 | K86: SHUVROJYOTI SARKAR | L86: . | M86: TRUE | N86: 120 | O86: BITS Learner | P86: 2 | Q86: 154 | R86: 0 | S86: 1 | T86: 1 | U86: 0 | V86: 0 | W86: 0 | Y86: 0 | AA86: 7202 | AB86: 2026-02-09T17:05:19.6500000Z | AC86: 2026-02-09T17:01:39.3730000Z | AD86: 193 | AF86: 2026-02-09T17:03:02.3970000Z | AG86: 2026-02-09
A87: 7033 | B87: T2-25_BDSDF110 | C87: Linear Algebra | D87: BS - Data Science &amp; AI | E87: dept_bs_dsai | F87: 6653 | G87: sem_trimester 2 | H87: Trimester 2 | I87: 2025eb1100063@bitspilani-digital.edu.in | J87: 2025EB1100063 | K87: SHUVROJYOTI SARKAR | L87: . | M87: TRUE | N87: 120 | O87: BITS Learner | P87: 3 | Q87: 86 | R87: 0 | S87: 1 | T87: 1 | U87: 0 | V87: 0 | W87: 0 | Y87: 0 | AA87: 5172 | AB87: 2026-02-09T09:27:53.1670000Z | AC87: 2026-02-09T17:01:39.3730000Z | AD87: 193 | AF87: 2026-02-09T09:27:47.7700000Z | AG87: 2026-02-09
A88: 7033 | B88: T2-25_BDSDF110 | C88: Linear Algebra | D88: BS - Data Science &amp; AI | E88: dept_bs_dsai | F88: 6653 | G88: sem_trimester 2 | H88: Trimester 2 | I88: 2025eb1100066@bitspilani-digital.edu.in | J88: 2025EB1100066 | K88: NAITIK SHARMA | L88: . | M88: TRUE | N88: 120 | O88: BITS Learner | P88: 6 | Q88: 86 | R88: 0 | S88: 1 | T88: 1 | U88: 0 | V88: 0 | W88: 0 | Y88: 0 | AA88: 6220 | AB88: 2026-02-08T13:41:29.1500000Z | AC88: 2026-02-09T15:53:25.1500000Z | AD88: 412 | AF88: 2026-02-08T13:41:24.6300000Z | AG88: 2026-02-08 | AH88: 2026-01-22T06:03:39.8700000Z | AI88: 2026-01-22T06:03:39.8770000Z
A89: 7034 | B89: T2-25_BDSDF106 | C89: Data Structures for Data Science | D89: BS - Data Science &amp; AI | E89: dept_bs_dsai | F89: 6653 | G89: sem_trimester 2 | H89: Trimester 2 | I89: 2025eb1100066@bitspilani-digital.edu.in | J89: 2025EB1100066 | K89: NAITIK SHARMA | L89: . | M89: TRUE | N89: 120 | O89: BITS Learner | P89: 48 | Q89: 154 | R89: 0 | S89: 7 | T89: 7 | U89: 0 | V89: 0 | W89: 0 | Y89: 0 | AA89: 53266 | AB89: 2026-02-09T15:53:24.4500000Z | AC89: 2026-02-09T15:53:25.1500000Z | AD89: 412 | AF89: 2026-02-08T13:43:56.7630000Z | AG89: 2026-02-08 | AH89: 2026-02-09T15:53:34.3200000Z | AI89: 2026-02-09T15:53:34.3230000Z
A90: 7035 | B90: T2-25_BDSDF102 | C90: Data Preprocessing (BS) | D90: BS - Data Science &amp; AI | E90: dept_bs_dsai | F90: 6653 | G90: sem_trimester 2 | H90: Trimester 2 | I90: 2025eb1100066@bitspilani-digital.edu.in | J90: 2025EB1100066 | K90: NAITIK SHARMA | L90: . | M90: TRUE | N90: 120 | O90: BITS Learner | P90: 4 | Q90: 158 | R90: 0 | S90: 1 | T90: 1 | U90: 0 | V90: 0 | W90: 0 | Y90: 0 | AA90: 2532 | AB90: 2026-02-08T15:54:12.4070000Z | AC90: 2026-02-09T15:53:25.1500000Z | AD90: 412 | AF90: 2026-02-08T15:53:53.8870000Z | AG90: 2026-02-08
A91: 7033 | B91: T2-25_BDSDF110 | C91: Linear Algebra | D91: BS - Data Science &amp; AI | E91: dept_bs_dsai | F91: 6653 | G91: sem_trimester 2 | H91: Trimester 2 | I91: 2025eb1100070@bitspilani-digital.edu.in | J91: 2025EB1100070 | K91: GAURAB DUTTA | L91: . | M91: TRUE | N91: 120 | O91: BITS Learner | P91: 6 | Q91: 86 | R91: 0 | S91: 1 | T91: 1 | U91: 0 | V91: 0 | W91: 0 | Y91: 0 | AA91: 240 | AB91: 2026-02-09T19:01:19.9900000Z | AC91: 2026-02-09T19:00:59.8370000Z | AD91: 132 | AF91: 2026-02-09T16:55:01.5100000Z | AG91: 2026-02-09 | AH91: 2026-01-22T19:30:53.2800000Z | AI91: 2026-01-22T19:30:53.2900000Z
A92: 7033 | B92: T2-25_BDSDF110 | C92: Linear Algebra | D92: BS - Data Science &amp; AI | E92: dept_bs_dsai | F92: 6653 | G92: sem_trimester 2 | H92: Trimester 2 | I92: 2025eb1100074@bitspilani-digital.edu.in | J92: 2025EB1100074 | K92: S RUKSHITHA | L92: . | M92: TRUE | N92: 120 | O92: BITS Learner | P92: 1 | Q92: 86 | R92: 0 | S92: 1 | T92: 1 | U92: 0 | V92: 0 | W92: 0 | Y92: 0 | AA92: 0 | AB92: 2026-02-08T07:39:08.8730000Z | AC92: 2026-02-08T06:26:29.4830000Z | AD92: 62 | AF92: 2026-02-08T07:38:59.5500000Z | AG92: 2026-02-08
A93: 7035 | B93: T2-25_BDSDF102 | C93: Data Preprocessing (BS) | D93: BS - Data Science &amp; AI | E93: dept_bs_dsai | F93: 6653 | G93: sem_trimester 2 | H93: Trimester 2 | I93: 2025eb1100074@bitspilani-digital.edu.in | J93: 2025EB1100074 | K93: S RUKSHITHA | L93: . | M93: TRUE | N93: 120 | O93: BITS Learner | P93: 29 | Q93: 158 | R93: 0 | S93: 8 | T93: 8 | U93: 0 | V93: 0 | W93: 0 | Y93: 0 | AA93: 9961 | AB93: 2026-02-08T07:23:33.8670000Z | AC93: 2026-02-08T06:26:29.4830000Z | AD93: 62 | AF93: 2026-02-08T07:23:06.4500000Z | AG93: 2026-02-08
A94: 7025 | B94: T2-25_BDSDF108 | C94: Computing Systems | D94: BS - Data Science &amp; AI | E94: dept_bs_dsai | F94: 6653 | G94: sem_trimester 2 | H94: Trimester 2 | I94: 2025eb1100074@bitspilani-digital.edu.in | J94: 2025EB1100074 | K94: S RUKSHITHA | L94: . | M94: TRUE | N94: 120 | O94: BITS Learner | P94: 1 | Q94: 267 | R94: 0 | S94: 1 | T94: 1 | U94: 0 | V94: 0 | W94: 0 | Y94: 0 | AA94: 0 | AB94: 2026-02-08T07:30:52.0200000Z | AC94: 2026-02-08T06:26:29.4830000Z | AD94: 62 | AF94: 2026-02-08T07:30:47.9400000Z | AG94: 2026-02-08
A95: 7022 | B95: T2-25_BDSDF114 | C95: Probability & Statistics | D95: BS - Data Science &amp; AI | E95: dept_bs_dsai | F95: 6653 | G95: sem_trimester 2 | H95: Trimester 2 | I95: 2025eb1100076@bitspilani-digital.edu.in | J95: 2025EB1100076 | K95: PATIL NIMA ONKAR | L95: . | M95: TRUE | N95: 120 | O95: BITS Learner | P95: 10 | Q95: 326 | R95: 0 | S95: 1 | T95: 1 | U95: 0 | V95: 0 | W95: 0 | Y95: 0 | AA95: 379 | AB95: 2026-02-09T20:37:41.2200000Z | AC95: 2026-02-10T03:45:22.3730000Z | AD95: 173 | AF95: 2026-02-09T20:37:29.9570000Z | AG95: 2026-02-09 | AH95: 2026-01-24T08:14:38.1770000Z | AI95: 2026-01-24T08:14:38.1900000Z
A96: 7021 | B96: T2-25_BDSDF113 | C96: Computer Programming | D96: BS - Data Science &amp; AI | E96: dept_bs_dsai | F96: 6653 | G96: sem_trimester 2 | H96: Trimester 2 | I96: 2025eb1100076@bitspilani-digital.edu.in | J96: 2025EB1100076 | K96: PATIL NIMA ONKAR | L96: . | M96: TRUE | N96: 120 | O96: BITS Learner | P96: 2 | Q96: 356 | R96: 0 | S96: 1 | T96: 1 | U96: 0 | V96: 0 | W96: 0 | Y96: 0 | AA96: 17 | AB96: 2026-02-09T20:54:32.2700000Z | AC96: 2026-02-10T03:45:22.3730000Z | AD96: 173 | AF96: 2026-02-09T20:47:29.5400000Z | AG96: 2026-02-09
A97: 7025 | B97: T2-25_BDSDF108 | C97: Computing Systems | D97: BS - Data Science &amp; AI | E97: dept_bs_dsai | F97: 6653 | G97: sem_trimester 2 | H97: Trimester 2 | I97: 2025eb1100076@bitspilani-digital.edu.in | J97: 2025EB1100076 | K97: PATIL NIMA ONKAR | L97: . | M97: TRUE | N97: 120 | O97: BITS Learner | P97: 18 | Q97: 267 | R97: 0 | S97: 6 | T97: 9 | U97: 0 | V97: 0 | W97: 0 | Y97: 0 | AA97: 7493 | AB97: 2026-02-09T20:54:25.4970000Z | AC97: 2026-02-10T03:45:22.3730000Z | AD97: 173 | AF97: 2026-02-09T20:53:27.4630000Z | AG97: 2026-02-09 | AH97: 2026-02-08T11:58:13.9200000Z | AI97: 2026-02-08T11:58:13.8970000Z
A98: 7035 | B98: T2-25_BDSDF102 | C98: Data Preprocessing (BS) | D98: BS - Data Science &amp; AI | E98: dept_bs_dsai | F98: 6653 | G98: sem_trimester 2 | H98: Trimester 2 | I98: 2025eb1100077@bitspilani-digital.edu.in | J98: 2025EB1100077 | K98: EBA LAHIRI | L98: . | M98: TRUE | N98: 120 | O98: BITS Learner | P98: 32 | Q98: 158 | R98: 0 | S98: 9 | T98: 9 | U98: 0 | V98: 0 | W98: 0 | Y98: 0 | AA98: 28733 | AB98: 2026-02-10T03:22:24.6100000Z | AC98: 2026-02-10T03:21:48.4400000Z | AD98: 825 | AF98: 2026-02-09T18:28:41.2270000Z | AG98: 2026-02-09
A99: 7034 | B99: T2-25_BDSDF106 | C99: Data Structures for Data Science | D99: BS - Data Science &amp; AI | E99: dept_bs_dsai | F99: 6653 | G99: sem_trimester 2 | H99: Trimester 2 | I99: 2025eb1100077@bitspilani-digital.edu.in | J99: 2025EB1100077 | K99: EBA LAHIRI | L99: . | M99: TRUE | N99: 120 | O99: BITS Learner | P99: 72 | Q99: 154 | R99: 0 | S99: 24 | T99: 24 | U99: 0 | V99: 0 | W99: 0 | Y99: 0 | AA99: 25584 | AB99: 2026-02-09T18:20:35.2500000Z | AC99: 2026-02-10T03:21:48.4400000Z | AD99: 825 | AF99: 2026-02-09T18:19:53.3600000Z | AG99: 2026-02-09 | AH99: 2026-02-07T12:18:44.0700000Z | AI99: 2026-02-07T12:18:44.0700000Z
A100: 7033 | B100: T2-25_BDSDF110 | C100: Linear Algebra | D100: BS - Data Science &amp; AI | E100: dept_bs_dsai | F100: 6653 | G100: sem_trimester 2 | H100: Trimester 2 | I100: 2025eb1100077@bitspilani-digital.edu.in | J100: 2025EB1100077 | K100: EBA LAHIRI | L100: . | M100: TRUE | N100: 120 | O100: BITS Learner | P100: 36 | Q100: 86 | R100: 0 | S100: 12 | T100: 14 | U100: 0 | V100: 0 | W100: 0 | Y100: 0 | AA100: 10066 | AB100: 2026-02-08T13:26:57.4430000Z | AC100: 2026-02-10T03:21:48.4400000Z | AD100: 825 | AF100: 2026-02-08T07:21:35.6600000Z | AG100: 2026-02-08 | AH100: 2026-01-20T10:27:02.8130000Z | AI100: 2026-01-20T10:32:19.4730000Z
...

Sheet Sheet3
A1: LIVE SESSION ATTENDANCE
A2: BS (T-2 C-1) & (T-1 C-2) | C2: Trimester-1 (C-2 Jan-2026) (New) | D2: Trimester-2 (C-1 Sep-2025) (Old) | E2: Total
A3: Course | B3: Faculty
A4: Probability & Statistics | B4: Dr. Pushpendra | C4: 109 | D4: 68 | E4: 177
A5: Computer Programming | B5: Dr. Jagat Sesh Challa | C5: 109 | D5: 61 | E5: 170
A6: Writing Practice | B6: Solanki chakraborty | C6: 109 | D6: 25 | E6: 134
A7: Data and the World | B7: Deepankar Garg | C7: 109 | D7: 51 | E7: 160
A8: Computing Systems | B8: Prof. SUNIL KUMAR TEGGIHALLU | C8: 109 | D8: 84 | E8: 193
A11: BS (T-2 C-1) | D11: Trimester-2 (C-1 Sep-2025) (Old) | E11: Total
A12: Course | B12: Faculty
A13: Linear Algebra | B13: Vaibhav Mehandiratta (Goa campus) | D13: 188 | E13: 188
A14: Fundamentals of Data Science and Engineering | B14: Priyanka Banerjee | D14: 176 | E14: 176
A15: Data Structures for Data Science | B15: Jagat Sesh Challa | D15: 160 | E15: 160
A16: Data Preprocessing | B16: Swapnil Saurav | D16: 154 | E16: 154
A19: MSc (T-2 C-1) & (T-1 C-2) | C19: Trimester-1 (C-2 Jan-2026) (New) | D19: Trimester-2 (C-1 Sep-2025) (Old) | E19: Total
A20: Course | B20: Faculty
A21: Statistical Modelling & Inferencing | B21: Dr. Pushpendra Gupta | C21: 356 | D21: 39 | E21: 395
A22: Data Pre-processing (MSc) | B22: Dr. Hemant Rathore | C22: 356 | D22: 33 | E22: 389
A23: Data Visualization & Storytelling | B23: ACV Subrahmaniam | C23: 356 | D23: 34 | E23: 390
A24: Feature Engineering | B24: Prof Naga | C24: 356 | D24: 33 | E24: 389
A26: MSc (T-2 C-1) | C26: Trimester-2 (C-1 Sep-2025) (New courses) | D26: Trimester-2 (C-1 Sep-2025) (Old Courses) | E26: Total
A27: Course | B27: Faculty
A28: Machine Learning | B28: Dr. Hemant Rathore | C28: 350 | E28: 350
A29: Artificial Neural Networks | B29: Deepanshi Seth | C29: 352 | E29: 352
A30: Data Stores & Pipelines | B30: Prof. Praveen | D30: 17 | E30: 17
A31: Cloud Services & Platforms | B31: Mohammad Anees Alam | C31: 357 | E31: 357
A32: Data Annotations and Labelling | B32: Utkarsh Khare | C32: 0 | D32: 0
A34: MATHS | C34: (C-2 Jan-2026) (New)
A35: Course | B35: Faculty
A36: Basic Mathematics | B36: Rahul Dhakad | C36: 77 | E36: 77
A38: Python | C38: (C-2 Jan-2026) (New)
A39: Course | B39: Faculty
A40: Python Programming | B40: MAHIPAL SINGH | C40: 35 | E40: 35
A42: Professional Certificate in AI Engg. and MLOps | C42: (C-2 Jan-2026) (New)
A43: Course | B43: Faculty
A44: Applied AI Engineering Foundations | B44: Prof. Prasad and Ms. Ankita | C44: 99 | E44: 99
