Workbook
Name Slicer_CP_Quiz___Assignment_Status: #N/A
Name Slicer_CS_Quiz___Assignment_Status: #N/A
Name Slicer_DPP_Quiz___Assignment_Status: #N/A
Name Slicer_DSP_Quiz___Assignment_Status: #N/A
Name Slicer_DVS_Quiz___Assignment_Status: #N/A
Name Slicer_FE_Quiz___Assignment_Status: #N/A
Name Slicer_PS_Quiz___Assignment_Status: #N/A
Name Slicer_SMI_Quiz___Assignment_Status: #N/A
Name Slicer_WP_Quiz___Assignment_Status: #N/A

Sheet Main Dashboard
B3: Examination Partcipation (BS-MSc) | C3: BS | D3: %age | E3: MSc | F3: %age | G3: Total Students | H3: Total %age | I3: Remarks
B4: Total Students | C4: 322 | E4: 488 | G4: =SUM(C4+E4) -> 810
B5: Present in All Written Exams | C5: 184 | D5: =$C5/$C$4 -> 0.57142857 | E5: 361 | F5: =$E5/$E$4 -> 0.7397541 | G5: =SUM(C5+E5) -> 545 | H5: =G5/$G$4 -> 0.67283951 | I5: 49 out of 184 have completed all Assignments and Quizzes in BS 168 out of 361 have completed all Assignments and Quizzes in MSc Total-217
B6: Present in 5 Exams | C6: - | D6: - | E6: 361 | F6: =$E6/$E$4 -> 0.7397541 | G6: =E6 -> 361 | H6: =G6/$G$4 -> 0.44567901
B7: Present in 4 Exams | C7: 184 | D7: =$C7/$C$4 -> 0.57142857 | E7: 13 | F7: =$E7/$E$4 -> 0.026639344 | G7: =SUM(C7+E7) -> 197 | H7: =G7/$G$4 -> 0.24320988
B8: Present in 3 Exams | C8: 30 | D8: =$C8/$C$4 -> 0.093167702 | E8: 4 | F8: =$E8/$E$4 -> 0.0081967213 | G8: =SUM(C8+E8) -> 34 | H8: =G8/$G$4 -> 0.041975309
B9: Present in 2 Exams | C9: 14 | D9: =$C9/$C$4 -> 0.043478261 | E9: 7 | F9: =$E9/$E$4 -> 0.014344262 | G9: =SUM(C9+E9) -> 21 | H9: =G9/$G$4 -> 0.025925926
B10: Present in 1 Exam | C10: 21 | D10: =$C10/$C$4 -> 0.065217391 | E10: 10 | F10: =$E10/$E$4 -> 0.020491803 | G10: =SUM(C10+E10) -> 31 | H10: =G10/$G$4 -> 0.038271605
B11: Atleast Present in 1 Exam | C11: =SUM(C7:C10) -> 249 | D11: =$C11/$C$4 -> 0.77329193 | E11: =SUM(E6:E10) -> 395 | F11: =$E11/$E$4 -> 0.80942623 | G11: =SUM(C11+E11) -> 644 | H11: =G11/$G$4 -> 0.79506173
B12: Not Present in Any Written Exam | C12: 73 | D12: =$C12/$C$4 -> 0.22670807 | E12: 93 | F12: =$E12/$E$4 -> 0.19057377 | G12: =SUM(C12+E12) -> 166 | H12: =G12/$G$4 -> 0.20493827
B18: Bifurcation of Absent Students | C18: BS | D18: MSc | E18: Total | H18: =49+14+21 -> 84
B19: Not Appeared in Exam | C19: 29 | D19: 31 | E19: =SUM(C19:D19) -> 60
B20: Slot Preference Not Given | C20: 15 | D20: 7 | E20: =SUM(C20:D20) -> 22
B21: Account not Activated | C21: 29 | D21: 55 | E21: =SUM(C21:D21) -> 84
B22: Total | C22: =SUM(C19:C21) -> 73 | D22: =SUM(D19:D21) -> 93 | E22: =SUM(C22:D22) -> 166

Sheet BS-Dashboard
A1: BS-322 | B1: (Multiple Items)
A2: 73/166 | B2: (All)
A3: Present/Absent/No Data | B3: (All)
A5: Row Labels | B5: Count of BITS ID
A6: Q-0 A-0 || Q Total-4, A Total-1 | B6: 2
A7: Q-1 A-0 || Q Total-4, A Total-1 | B7: 75
A8: Q-1 A-1 || Q Total-4, A Total-1 | B8: 7
A9: Q-2 A-0 || Q Total-4, A Total-1 | B9: 35
A10: Q-2 A-1 || Q Total-4, A Total-1 | B10: 9
A11: Q-3 A-0 || Q Total-4, A Total-1 | B11: 21
A12: Q-3 A-1 || Q Total-4, A Total-1 | B12: 34
A13: Q-4 A-0 || Q Total-4, A Total-1 | B13: 22
A14: Q-4 A-1 || Q Total-4, A Total-1 | B14: 117
A15: Grand Total | B15: 322

Sheet MSc Dashboard
A1: MSc-488 | B1: (Multiple Items)
A2: 93/166 | B2: (All)
A3: Present/Absent/No Data | B3: (All)
A5: Row Labels | B5: Count of ID No.
A6: Q-0 A-0 || Q Total-3, A Total-1 | B6: 40
A7: Q-0 A-1 || Q Total-3, A Total-1 | B7: 2
A8: Q-1 A-0 || Q Total-3, A Total-1 | B8: 26
A9: Q-1 A-1 || Q Total-3, A Total-1 | B9: 14
A10: Q-2 A-0 || Q Total-3, A Total-1 | B10: 25
A11: Q-2 A-1 || Q Total-3, A Total-1 | B11: 57
A12: Q-3 A-0 || Q Total-3, A Total-1 | B12: 14
A13: Q-3 A-1 || Q Total-3, A Total-1 | B13: 310
A14: Grand Total | B14: 488

Sheet BS Attendance
H1: Computer Programming | AH1: Computer Systems | BH1: Probability & Statistics | CG1: Writing Practice | DH1: Data and The World
H2: Graded Quiz | L2: Graded Assignment | M2: BDS DF113-Computer Programming (# Quiz-4, # A-1) | AA2: Computer Programming | AB2: BDSDF113 | AF2: CP-Exam Attendance | AG2: CP-Exam Attendance | AH2: Graded Assignment | AJ2: Graded Quiz | AM2: BDS DF108-Computer Systems (# Quiz-2, # A-2) | BA2: Computer Systems | BB2: BDSDF108 | BF2: CS-Exam Attendance | BG2: CS-Exam Attendance | BH2: Graded Quiz | BK2: Graded Assignment | BL2: BDS DF114-Probability & Statistics (# Quiz-3 # A-1) | BZ2: Probability & Statistics | CA2: BDSDF114 | CE2: PS-Exam Attendance | CF2: PS-Exam Attendance | CG2: Graded Quiz | CI2: Graded Assignment | CK2: Practice Quizes | CL2: Discussion Forums | CM2: BDS DF112-Writing Practice (# Quiz-2, # A-2) | DA2: Writing Practice | DB2: BDSDF112 | DF2: WP-Exam Attendance | DG2: WP-Exam Attendance | DH2: Graded Assignment | DK2: Total Present/Absent/No Data | DM2: Attendance Slot-1/2 Exams - 20/21/27/28 December 2025
A3: Sr. No. | B3: Course | C3: BITS ID | D3: BITS Email ID | E3: First Name | F3: Gender | G3: Phone Number | H3: 1 (8) | I3: 2 (8) | J3: 3 (8) | K3: 4 (8) | L3: 1 (28) | M3: Final Grade Numerator | N3: Final Grade Denominator | O3: Subject | P3: Subject code | Q3: BITS ID + Course Code | R3: Count_of_A_Q | S3: Count_of_A_A | T3: Quiz_Completed | U3: Assignment_Completed | V3: Quiz_Attendance % | W3: Assignment_Attendance % | X3: Count_of_Absent | Y3: Component_Completed | Z3: Attendance % | AA3: CP-Quiz & Assignment Status | AB3: CP-Exam-Slot-1 | AC3: CP-Exam-Slot-2 | AD3: Written Exam Marks | AE3: Total Marks Written | AF3: CP-Present/Absent/No Data | AG3: CP-Status/Slot/Exam Mode | AH3: 1 (15) | AI3: 2 (15) | AJ3: 1 (10) | AK3: 2 (10) | AL3: 3 (10) | AM3: Final Grade Numerator | AN3: Final Grade Denominator | AO3: Subject | AP3: Subject code | AQ3: BITS ID + Course Code | AR3: Count_of_A_Q | AS3: Count_of_A_A | AT3: Quiz_Completed | AU3: Assignment_Completed | AV3: Quiz_Attendance % | AW3: Assignment_Attendance % | AX3: Count_of_Absent | AY3: Component_Completed | AZ3: Attendance % | BA3: CS-Quiz & Assignment Status | BB3: CS-Exam-Slot-1 | BC3: CS-Exam-Slot-2 | BD3: Written Exam Marks | BE3: Total Marks Written | BF3: CS-Present/Absent/No Data | BG3: CS-Status/Slot/Exam Mode | BH3: 1 (10) | BI3: 2 (15) | BJ3: 3 (15) | BK3: 1 (20) | BL3: Final Grade Numerator | BM3: Final Grade Denominator | BN3: Subject | BO3: Subject code | BP3: BITS ID + Course Code | BQ3: Count_of_A_Q | BR3: Count_of_A_A | BS3: Quiz_Completed | BT3: Assignment_Completed | BU3: Quiz_Attendance % | BV3: Assignment_Attendance % | BW3: Count_of_Absent | BX3: Component_Completed | BY3: Attendance % | BZ3: PS-Quiz & Assignment Status | CA3: PS-Slot-1 | CB3: PS-Slot-2 | CC3: Written Exam Marks | CD3: Total Marks Written | CE3: PS-Present/Absent/No Data | CF3: PS-Status/Slot/Exam Mode | CG3: 1 (5) | CH3: 2 (5) | CI3: 1 (10) | CJ3: 2 (10) | CK3: 1 (10) | CL3: 1 (10) | CM3: Calculated Final Grade Numerator | CN3: Calculated Final Grade Denominator | CO3: Subject | CP3: Subject code | CQ3: BITS ID + Course Code | CR3: Count_of_A_Q | CS3: Count_of_A_A | CT3: Quiz_Completed | CU3: Assignment_Completed | CV3: Quiz_Attendance % | CW3: Assignment_Attendance % | CX3: Count_of_A | CY3: Component_Completed | CZ3: Attendance % | DA3: WP-Quiz & Assignment Status | DB3: WP-Slot-1 | DC3: WP-Slot-2 | DD3: Written Exam Marks | DE3: Total Marks Written | DF3: WP-Present/Absent/No Data | DG3: WP-Status-Slot-Exam Mode | DH3: 1 (100) | DI3: Calculated Final Grade Numerator | DJ3: Calculated Final Grade Denominator | DK3: Total Exam Slot-1 | DL3: Total Exam Slot-2 | DM3: BDSDF113 | DN3: BDSDF112 | DO3: BDSDF108 | DP3: BDSDF114 | DQ3: Present/Absent/No Data | DR3: Quiz+Assignment | DS3: Account Status | DT3: Final Status | DU3: BS-322 | DV3: 73/166
A4: 1 | B4: BS DS-AI | C4: 2025EB1100001 | D4: 2025eb1100001@bitspilani-digital.edu.in | E4: RUDRA SHARMA | F4: MALE | G4: `+91-6376182075 | H4: 8 | I4: 7.2 | J4: A | K4: A | L4: A | M4: 15.2 | N4: 60 | O4: Computer Programming | P4: BDSDF113 | Q4: =CONCATENATE($C4,"-",$P4) -> 2025EB1100001-BDSDF113 | R4: =COUNTIF($H4:$K4,"A") & " " & "missed" -> 2 missed | S4: =COUNTIF(L4,"A") & " " & "missed" -> 1 missed | T4: =4-COUNTIF($H4:$K4,"A") -> 2 | U4: =1-COUNTIF($L4,"A") -> 0 | V4: =$T4/4 -> 0.5 | W4: =$U4/1 -> 0 | X4: =COUNTIF($H4:$L4, "A") & " " &"missed" -> 3 missed | Y4: =5- COUNTIF($H4:$L4, "A") -> 2 | Z4: =$Y4/5 -> 0.4 | AA4: =CONCATENATE("Q-",$T4," A-",$U4," || Q Total-4, A Total-1") -> Q-2 A-0 || Q Total-4, A Total-1 | AB4: {=IFERROR(INDEX('Attendance-Slot-1'!$Q$2:$Q$1112,MATCH(1,('Attendance-Slot-1'!$A$2:$A$1112=$C4)*('Attendance-Slot-1'!$G$2:$G$1112=AB$2),0)),"No Data")} -> No Data | AC4: {=IFERROR(INDEX('Attendance-Slot-2'!$Q$2:$Q$2595,MATCH(1,('Attendance-Slot-2'!$A$2:$A$2595=$C4)*('Attendance-Slot-2'!$G$2:$G$2595=AB$2),0)),"No Data")} -> P-S2_Onsite | AD4: =VLOOKUP($Q4,'Written Exam Marks'!$H:$Q,10,FALSE) -> 40 | AE4: =VLOOKUP($Q4,'Written Exam Marks'!$H:$Q,9,FALSE) -> 40 | AF4: =IF(COUNTIF($AB4:$AC4,"P-*")>0,"Present", IF(COUNTIF($AB4:$AC4,"A-*")>0,"Absent", IF(COUNTIF($AB4:$AC4,"No Data")>0,"No Data",""))) -> Present | AG4: =IF(LEFT($AB4,2)="P-",$AB4,IF(LEFT($AC4,2)="P-",$AC4,IF(LEFT($AB4,2)="A-",$AB4,IF(LEFT($AC4,2)="A-",$AC4,IF($AB4="No Data",$AB4,IF($AC4="No Data",$AC4,"")))))) -> P-S2_Onsite | AH4: A | AI4: A | AJ4: A | AK4: A | AL4: A | AM4: 0 | AN4: 60 | AO4: 60 | AP4: 60 | AQ4: 60 | AR4: 60 | AS4: 60 | AT4: 60 | AU4: 60 | AV4: 60 | AW4: 60 | AX4: 60 | AY4: 60 | AZ4: 60 | BA4: =CONCATENATE("Q-",$AT4," A-",$AU4," || Q Total-3, A Total-2") -> Q-60 A-60 || Q Total-3, A Total-2 | BB4: {=IFERROR(INDEX('Attendance-Slot-1'!$Q$2:$Q$1112,MATCH(1,('Attendance-Slot-1'!$A$2:$A$1112=$C4)*('Attendance-Slot-1'!$G$2:$G$1112=BB$2),0)),"No Data")} -> No Data | BC4: {=IFERROR(INDEX('Attendance-Slot-2'!$Q$2:$Q$2595,MATCH(1,('Attendance-Slot-2'!$A$2:$A$2595=$C4)*('Attendance-Slot-2'!$G$2:$G$2595=BB$2),0)),"No Data")} -> P-S2_Onsite | BD4: =VLOOKUP($AQ4,'Written Exam Marks'!$H:$Q,10,FALSE) -> #N/A | BE4: =VLOOKUP($AQ4,'Written Exam Marks'!$H:$Q,9,FALSE) -> #N/A | BF4: =IF(COUNTIF($BB4:$BC4,"P-*")>0,"Present", IF(COUNTIF($BB4:$BC4,"A-*")>0,"Absent", IF(COUNTIF($BB4:$BC4,"No Data")>0,"No Data",""))) -> Present | BG4: =IF(LEFT($BB4,2)="P-",$BB4,IF(LEFT($BC4,2)="P-",$BC4,IF(LEFT($BB4,2)="A-",$BB4,IF(LEFT($BC4,2)="A-",$BC4,IF($BB4="No Data",$BB4,IF($BC4="No Data",$BC4,"")))))) -> P-S2_Onsite | BH4: 9 | BI4: 12 | BJ4: A | BK4: A | BL4: 21 | BM4: 60 | BN4: Probability & Statistics | BO4: BDSDF114 | BP4: =CONCATENATE($C4,"-",$BO4) -> 2025EB1100001-BDSDF114 | BQ4: =COUNTIF($BH4:$BJ4,"A") & " " & "missed" -> 1 missed | BR4: =COUNTIF($BK4,"A") & " " & "missed" -> 1 missed | BS4: =3-COUNTIF($BH4:$BJ4,"A") -> 2 | BT4: =1-COUNTIF($BK4,"A") -> 0 | BU4: =$BS4/3 -> 0.66666667 | BV4: =$BT4/1 -> 0 | BW4: =COUNTIF($BH4:$BK4, "A") & " " &"missed" -> 2 missed | BX4: =4- COUNTIF(BH4:BK4, "A") -> 2 | BY4: =$BX4/4 -> 0.5 | BZ4: =CONCATENATE("Q-",$BS4," A-",$BT4," || Q Total-3, A Total-1") -> Q-2 A-0 || Q Total-3, A Total-1 | CA4: {=IFERROR(INDEX('Attendance-Slot-1'!$Q$2:$Q$1112,MATCH(1,('Attendance-Slot-1'!$A$2:$A$1112=$C4)*('Attendance-Slot-1'!$G$2:$G$1112=CA$2),0)),"No Data")} -> No Data | CB4: {=IFERROR(INDEX('Attendance-Slot-2'!$Q$2:$Q$2595,MATCH(1,('Attendance-Slot-2'!$A$2:$A$2595=$C4)*('Attendance-Slot-2'!$G$2:$G$2595=CA$2),0)),"No Data")} -> P-S2_Onsite | CC4: =VLOOKUP($BP4,'Written Exam Marks'!$H:$Q,10,FALSE) -> 32 | CD4: =VLOOKUP($BP4,'Written Exam Marks'!$H:$Q,9,FALSE) -> 40 | CE4: =IF(COUNTIF($CA4:$CB4,"P-*")>0,"Present", IF(COUNTIF($CA4:$CB4,"A-*")>0,"Absent", IF(COUNTIF($CA4:$CB4,"No Data")>0,"No Data",""))) -> Present | CF4: =IF(LEFT($CA4,2)="P-",$CA4,IF(LEFT($CB4,2)="P-",$CB4,IF(LEFT($CA4,2)="A-",$CA4,IF(LEFT($CB4,2)="A-",$CB4,IF($CA4="No Data",$CA4,IF($CB4="No Data",$CB4,"")))))) -> P-S2_Onsite | CG4: 5 | CH4: 4 | CI4: A | CJ4: A | CK4: A | CL4: A | CM4: 9 | CN4: 50 | CO4: Writing Practice | CP4: BDSDF112 | CQ4: =CONCATENATE($C4,"-",$CP4) -> 2025EB1100001-BDSDF112 | CR4: =COUNTIF($CG4:$CH4,"A") & " " & "missed" -> 0 missed | CS4: =COUNTIF($CI4:$CJ4,"A") & " " & "missed" -> 2 missed | CT4: =2-COUNTIF($CG4:$CH4,"A") -> 2 | CU4: =2-COUNTIF($CI4:$CJ4,"A") -> 0 | CV4: =$CT4/2 -> 1 | CW4: =$CU4/2 -> 0 | CX4: =COUNTIF($CG4:$CJ4, "A") & " " &"missed" -> 2 missed | CY4: =4- COUNTIF($CG4:$CJ4, "A") -> 2 | CZ4: =$CY4/4 -> 0.5 | DA4: =CONCATENATE("Q-",$CT4," A-",$CU4," || Q Total-2, A Total-2") -> Q-2 A-0 || Q Total-2, A Total-2 | DB4: {=IFERROR(INDEX('Attendance-Slot-1'!$Q$2:$Q$1112,MATCH(1,('Attendance-Slot-1'!$A$2:$A$1112=$C4)*('Attendance-Slot-1'!$G$2:$G$1112=DB$2),0)),"No Data")} -> No Data | DC4: {=IFERROR(INDEX('Attendance-Slot-2'!$Q$2:$Q$2595,MATCH(1,('Attendance-Slot-2'!$A$2:$A$2595=$C4)*('Attendance-Slot-2'!$G$2:$G$2595=DB$2),0)),"No Data")} -> P-S2_Onsite | DD4: =VLOOKUP($CQ4,'Written Exam Marks'!$H:$Q,10,FALSE) -> 25 | DE4: =VLOOKUP($CQ4,'Written Exam Marks'!$H:$Q,9,FALSE) -> 50 | DF4: =IF(COUNTIF($DB4:$DC4,"P-*")>0,"Present", IF(COUNTIF($DB4:$DC4,"A-*")>0,"Absent", IF(COUNTIF($DB4:$DC4,"No Data")>0,"No Data",""))) -> Present | DG4: =IF(LEFT($DB4,2)="P-",$DB4,IF(LEFT($DC4,2)="P-",$DC4,IF(LEFT($DB4,2)="A-",$DB4,IF(LEFT($DC4,2)="A-",$DC4,IF($DB4="No Data",$DB4,IF($DC4="No Data",$DC4,"")))))) -> P-S2_Onsite | DH4: 90 | DI4: 90 | DJ4: 100 | DK4: ="P-"&(COUNTIF($AB4,"P-*")+COUNTIF($BB4,"P-*")+COUNTIF($CA4,"P-*")+COUNTIF($DB4,"P-*"))&", A-"&(COUNTIF($AB4,"A-*")+COUNTIF($BB4,"A-*")+COUNTIF($CA4,"A-*")+COUNTIF($DB4,"A-*"))&", No Data-"&(COUNTIF($AB4,"No Data")+COUNTIF($BB4,"No Data")+COUNTIF($CA4,"No Data")+COUNTIF($DB4,"No Data")) -> P-0, A-0, No Data-4 | DL4: ="P-"&(COUNTIF($AC4,"P-*")+COUNTIF($BC4,"P-*")+COUNTIF($CB4,"P-*")+COUNTIF($DC4,"P-*"))&", A-"&(COUNTIF($AC4,"A-*")+COUNTIF($BC4,"A-*")+COUNTIF($CB4,"A-*")+COUNTIF($DC4,"A-*"))&", No Data-"&(COUNTIF($AC4,"No Data")+COUNTIF($BC4,"No Data")+COUNTIF($CB4,"No Data")+COUNTIF($DC4,"No Data")) -> P-4, A-0, No Data-0 | DM4: =IF(LEFT($AB4,2)="P-",$AB4, IF(LEFT($AC4,2)="P-",$AC4, IF(LEFT($AB4,2)="A-",$AB4, IF(LEFT($AC4,2)="A-",$AC4, IF($AB4="No Data",$AB4, IF($AC4="No Data",$AC4,"")))))) -> P-S2_Onsite | DN4: =IF(LEFT($DB4,2)="P-",$DB4, IF(LEFT($DC4,2)="P-",$DC4, IF(LEFT($DB4,2)="A-",$DB4, IF(LEFT($DC4,2)="A-",$DC4, IF($DB4="No Data",$DB4, IF($DC4="No Data",$DC4,"")))))) -> P-S2_Onsite | DO4: =IF(LEFT($BB4,2)="P-",$BB4, IF(LEFT($BC4,2)="P-",$BC4, IF(LEFT($BB4,2)="A-",$BB4, IF(LEFT($BC4,2)="A-",$BC4, IF($BB4="No Data",$BB4, IF($BC4="No Data",$BC4,"")))))) -> P-S2_Onsite | DP4: =IF(LEFT($CA4,2)="P-",$CA4, IF(LEFT($CB4,2)="P-",$CB4, IF(LEFT($CA4,2)="A-",$CA4, IF(LEFT($CB4,2)="A-",$CB4, IF($CA4="No Data",$CA4, IF($CB4="No Data",$CB4,"")))))) -> P-S2_Onsite | DQ4: ="P-"&COUNTIF($DM4:$DP4,"P-*")&", A-"&COUNTIF($DM4:$DP4,"A-*")&", No Data-"&COUNTIF($DM4:$DP4,"No Data") -> P-4, A-0, No Data-0 | DR4: =IF( AND( $AA4="Q-4 A-1 || Q Total-4, A Total-1", $BA4="Q-3 A-2 || Q Total-3, A Total-2", $BZ4="Q-3 A-1 || Q Total-3, A Total-1", $DA4="Q-2 A-2 || Q Total-2, A Total-2" ), 1, 0 ) -> 0 | DS4: Activated | DT4: Exam Given | DU4: 2025EB1100001
A5: 2 | B5: BS DS-AI | C5: 2025EB1100002 | D5: 2025eb1100002@bitspilani-digital.edu.in | E5: BANDREDDY BHAWIN SAI KOUSHIK | F5: MALE | G5: `+91-8790640060 | H5: 8 | I5: 4.8 | J5: 6.4 | K5: A | L5: A | M5: 19.2 | N5: 60 | O5: Computer Programming | P5: BDSDF113 | Q5: =CONCATENATE($C5,"-",$P5) -> 2025EB1100002-BDSDF113 | R5: =COUNTIF($H5:$K5,"A") & " " & "missed" -> 1 missed | S5: =COUNTIF(L5,"A") & " " & "missed" -> 1 missed | T5: =4-COUNTIF($H5:$K5,"A") -> 3 | U5: =1-COUNTIF($L5,"A") -> 0 | V5: =$T5/4 -> 0.75 | W5: =$U5/1 -> 0 | X5: =COUNTIF($H5:$L5, "A") & " " &"missed" -> 2 missed | Y5: =5- COUNTIF($H5:$L5, "A") -> 3 | Z5: =$Y5/5 -> 0.6 | AA5: =CONCATENATE("Q-",$T5," A-",$U5," || Q Total-4, A Total-1") -> Q-3 A-0 || Q Total-4, A Total-1 | AB5: {=IFERROR(INDEX('Attendance-Slot-1'!$Q$2:$Q$1112,MATCH(1,('Attendance-Slot-1'!$A$2:$A$1112=$C5)*('Attendance-Slot-1'!$G$2:$G$1112=AB$2),0)),"No Data")} -> No Data | AC5: {=IFERROR(INDEX('Attendance-Slot-2'!$Q$2:$Q$2595,MATCH(1,('Attendance-Slot-2'!$A$2:$A$2595=$C5)*('Attendance-Slot-2'!$G$2:$G$2595=AB$2),0)),"No Data")} -> A-S2_Onsite | AD5: =VLOOKUP($Q5,'Written Exam Marks'!$H:$Q,10,FALSE) -> #N/A | AE5: =VLOOKUP($Q5,'Written Exam Marks'!$H:$Q,9,FALSE) -> #N/A | AF5: =IF(COUNTIF($AB5:$AC5,"P-*")>0,"Present", IF(COUNTIF($AB5:$AC5,"A-*")>0,"Absent", IF(COUNTIF($AB5:$AC5,"No Data")>0,"No Data",""))) -> Absent | AG5: =IF(LEFT($AB5,2)="P-",$AB5,IF(LEFT($AC5,2)="P-",$AC5,IF(LEFT($AB5,2)="A-",$AB5,IF(LEFT($AC5,2)="A-",$AC5,IF($AB5="No Data",$AB5,IF($AC5="No Data",$AC5,"")))))) -> A-S2_Onsite | AH5: A | AI5: A | AJ5: A | AK5: A | AL5: A | AM5: 0 | AN5: 60 | AO5: Computer Systems | AP5: BDSDF108 | AQ5: =CONCATENATE($C5,"-",$AP5) -> 2025EB1100002-BDSDF108 | AR5: =COUNTIF($AJ5:$AL5,"A") & " " & "missed" -> 3 missed | AS5: =COUNTIF($AH5:$AI5,"A") & " " & "missed" -> 2 missed | AT5: =3-COUNTIF(AJ5:AL5,"A") -> 0 | AU5: =2-COUNTIF($AH5:$AI5,"A") -> 0 | AV5: =$AT5/3 -> 0 | AW5: =$AU5/2 -> 0 | AX5: =COUNTIF($AH5:$AL5, "A") & " " &"missed" -> 5 missed | AY5: =5- COUNTIF($AH5:$AL5, "A") -> 0 | AZ5: =$AY5/5 -> 0 | BA5: =CONCATENATE("Q-",$AT5," A-",$AU5," || Q Total-3, A Total-2") -> Q-0 A-0 || Q Total-3, A Total-2 | BB5: {=IFERROR(INDEX('Attendance-Slot-1'!$Q$2:$Q$1112,MATCH(1,('Attendance-Slot-1'!$A$2:$A$1112=$C5)*('Attendance-Slot-1'!$G$2:$G$1112=BB$2),0)),"No Data")} -> No Data | BC5: {=IFERROR(INDEX('Attendance-Slot-2'!$Q$2:$Q$2595,MATCH(1,('Attendance-Slot-2'!$A$2:$A$2595=$C5)*('Attendance-Slot-2'!$G$2:$G$2595=BB$2),0)),"No Data")} -> A-S2_Onsite | BD5: =VLOOKUP($AQ5,'Written Exam Marks'!$H:$Q,10,FALSE) -> #N/A | BE5: =VLOOKUP($AQ5,'Written Exam Marks'!$H:$Q,9,FALSE) -> #N/A | BF5: =IF(COUNTIF($BB5:$BC5,"P-*")>0,"Present", IF(COUNTIF($BB5:$BC5,"A-*")>0,"Absent", IF(COUNTIF($BB5:$BC5,"No Data")>0,"No Data",""))) -> Absent | BG5: =IF(LEFT($BB5,2)="P-",$BB5,IF(LEFT($BC5,2)="P-",$BC5,IF(LEFT($BB5,2)="A-",$BB5,IF(LEFT($BC5,2)="A-",$BC5,IF($BB5="No Data",$BB5,IF($BC5="No Data",$BC5,"")))))) -> A-S2_Onsite | BH5: A | BI5: A | BJ5: A | BK5: A | BL5: 0 | BM5: 60 | BN5: Probability & Statistics | BO5: BDSDF114 | BP5: =CONCATENATE($C5,"-",$BO5) -> 2025EB1100002-BDSDF114 | BQ5: =COUNTIF($BH5:$BJ5,"A") & " " & "missed" -> 3 missed | BR5: =COUNTIF($BK5,"A") & " " & "missed" -> 1 missed | BS5: =3-COUNTIF($BH5:$BJ5,"A") -> 0 | BT5: =1-COUNTIF($BK5,"A") -> 0 | BU5: =$BS5/3 -> 0 | BV5: =$BT5/1 -> 0 | BW5: =COUNTIF($BH5:$BK5, "A") & " " &"missed" -> 4 missed | BX5: =4- COUNTIF(BH5:BK5, "A") -> 0 | BY5: =$BX5/4 -> 0 | BZ5: =CONCATENATE("Q-",$BS5," A-",$BT5," || Q Total-3, A Total-1") -> Q-0 A-0 || Q Total-3, A Total-1 | CA5: {=IFERROR(INDEX('Attendance-Slot-1'!$Q$2:$Q$1112,MATCH(1,('Attendance-Slot-1'!$A$2:$A$1112=$C5)*('Attendance-Slot-1'!$G$2:$G$1112=CA$2),0)),"No Data")} -> No Data | CB5: {=IFERROR(INDEX('Attendance-Slot-2'!$Q$2:$Q$2595,MATCH(1,('Attendance-Slot-2'!$A$2:$A$2595=$C5)*('Attendance-Slot-2'!$G$2:$G$2595=CA$2),0)),"No Data")} -> A-S2_Onsite | CC5: =VLOOKUP($BP5,'Written Exam Marks'!$H:$Q,10,FALSE) -> #N/A | CD5: =VLOOKUP($BP5,'Written Exam Marks'!$H:$Q,9,FALSE) -> #N/A | CE5: =IF(COUNTIF($CA5:$CB5,"P-*")>0,"Present", IF(COUNTIF($CA5:$CB5,"A-*")>0,"Absent", IF(COUNTIF($CA5:$CB5,"No Data")>0,"No Data",""))) -> Absent | CF5: =IF(LEFT($CA5,2)="P-",$CA5,IF(LEFT($CB5,2)="P-",$CB5,IF(LEFT($CA5,2)="A-",$CA5,IF(LEFT($CB5,2)="A-",$CB5,IF($CA5="No Data",$CA5,IF($CB5="No Data",$CB5,"")))))) -> A-S2_Onsite | CG5: 4.5 | CH5: A | CI5: A | CJ5: A | CK5: A | CL5: A | CM5: 4.5 | CN5: 50 | CO5: Writing Practice | CP5: BDSDF112 | CQ5: =CONCATENATE($C5,"-",$CP5) -> 2025EB1100002-BDSDF112 | CR5: =COUNTIF($CG5:$CH5,"A") & " " & "missed" -> 1 missed | CS5: =COUNTIF($CI5:$CJ5,"A") & " " & "missed" -> 2 missed | CT5: =2-COUNTIF($CG5:$CH5,"A") -> 1 | CU5: =2-COUNTIF($CI5:$CJ5,"A") -> 0 | CV5: =$CT5/2 -> 0.5 | CW5: =$CU5/2 -> 0 | CX5: =COUNTIF($CG5:$CJ5, "A") & " " &"missed" -> 3 missed | CY5: =4- COUNTIF($CG5:$CJ5, "A") -> 1 | CZ5: =$CY5/4 -> 0.25 | DA5: =CONCATENATE("Q-",$CT5," A-",$CU5," || Q Total-2, A Total-2") -> Q-1 A-0 || Q Total-2, A Total-2 | DB5: {=IFERROR(INDEX('Attendance-Slot-1'!$Q$2:$Q$1112,MATCH(1,('Attendance-Slot-1'!$A$2:$A$1112=$C5)*('Attendance-Slot-1'!$G$2:$G$1112=DB$2),0)),"No Data")} -> No Data | DC5: {=IFERROR(INDEX('Attendance-Slot-2'!$Q$2:$Q$2595,MATCH(1,('Attendance-Slot-2'!$A$2:$A$2595=$C5)*('Attendance-Slot-2'!$G$2:$G$2595=DB$2),0)),"No Data")} -> A-S2_Onsite | DD5: =VLOOKUP($CQ5,'Written Exam Marks'!$H:$Q,10,FALSE) -> #N/A | DE5: =VLOOKUP($CQ5,'Written Exam Marks'!$H:$Q,9,FALSE) -> #N/A | DF5: =IF(COUNTIF($DB5:$DC5,"P-*")>0,"Present", IF(COUNTIF($DB5:$DC5,"A-*")>0,"Absent", IF(COUNTIF($DB5:$DC5,"No Data")>0,"No Data",""))) -> Absent | DG5: =IF(LEFT($DB5,2)="P-",$DB5,IF(LEFT($DC5,2)="P-",$DC5,IF(LEFT($DB5,2)="A-",$DB5,IF(LEFT($DC5,2)="A-",$DC5,IF($DB5="No Data",$DB5,IF($DC5="No Data",$DC5,"")))))) -> A-S2_Onsite | DH5: 85 | DI5: 85 | DJ5: 100 | DK5: ="P-"&(COUNTIF($AB5,"P-*")+COUNTIF($BB5,"P-*")+COUNTIF($CA5,"P-*")+COUNTIF($DB5,"P-*"))&", A-"&(COUNTIF($AB5,"A-*")+COUNTIF($BB5,"A-*")+COUNTIF($CA5,"A-*")+COUNTIF($DB5,"A-*"))&", No Data-"&(COUNTIF($AB5,"No Data")+COUNTIF($BB5,"No Data")+COUNTIF($CA5,"No Data")+COUNTIF($DB5,"No Data")) -> P-0, A-0, No Data-4 | DL5: ="P-"&(COUNTIF($AC5,"P-*")+COUNTIF($BC5,"P-*")+COUNTIF($CB5,"P-*")+COUNTIF($DC5,"P-*"))&", A-"&(COUNTIF($AC5,"A-*")+COUNTIF($BC5,"A-*")+COUNTIF($CB5,"A-*")+COUNTIF($DC5,"A-*"))&", No Data-"&(COUNTIF($AC5,"No Data")+COUNTIF($BC5,"No Data")+COUNTIF($CB5,"No Data")+COUNTIF($DC5,"No Data")) -> P-0, A-4, No Data-0 | DM5: =IF(LEFT($AB5,2)="P-",$AB5, IF(LEFT($AC5,2)="P-",$AC5, IF(LEFT($AB5,2)="A-",$AB5, IF(LEFT($AC5,2)="A-",$AC5, IF($AB5="No Data",$AB5, IF($AC5="No Data",$AC5,"")))))) -> A-S2_Onsite | DN5: =IF(LEFT($DB5,2)="P-",$DB5, IF(LEFT($DC5,2)="P-",$DC5, IF(LEFT($DB5,2)="A-",$DB5, IF(LEFT($DC5,2)="A-",$DC5, IF($DB5="No Data",$DB5, IF($DC5="No Data",$DC5,"")))))) -> A-S2_Onsite | DO5: =IF(LEFT($BB5,2)="P-",$BB5, IF(LEFT($BC5,2)="P-",$BC5, IF(LEFT($BB5,2)="A-",$BB5, IF(LEFT($BC5,2)="A-",$BC5, IF($BB5="No Data",$BB5, IF($BC5="No Data",$BC5,"")))))) -> A-S2_Onsite | DP5: =IF(LEFT($CA5,2)="P-",$CA5, IF(LEFT($CB5,2)="P-",$CB5, IF(LEFT($CA5,2)="A-",$CA5, IF(LEFT($CB5,2)="A-",$CB5, IF($CA5="No Data",$CA5, IF($CB5="No Data",$CB5,"")))))) -> A-S2_Onsite | DQ5: ="P-"&COUNTIF($DM5:$DP5,"P-*")&", A-"&COUNTIF($DM5:$DP5,"A-*")&", No Data-"&COUNTIF($DM5:$DP5,"No Data") -> P-0, A-4, No Data-0 | DR5: =IF( AND( $AA5="Q-4 A-1 || Q Total-4, A Total-1", $BA5="Q-3 A-2 || Q Total-3, A Total-2", $BZ5="Q-3 A-1 || Q Total-3, A Total-1", $DA5="Q-2 A-2 || Q Total-2, A Total-2" ), 1, 0 ) -> 0 | DS5: Activated | DT5: Absent | DU5: 2025EB1100002 | DV5: Absent
A6: 3 | B6: BS DS-AI | C6: 2025EB1100003 | D6: 2025eb1100003@bitspilani-digital.edu.in | E6: AJAYACHANDRAN.E | F6: MALE | G6: `+971-521052060 | H6: 7.2 | I6: A | J6: A | K6: A | L6: A | M6: 7.2 | N6: 60 | O6: Computer Programming | P6: BDSDF113 | Q6: =CONCATENATE($C6,"-",$P6) -> 2025EB1100003-BDSDF113 | R6: =COUNTIF($H6:$K6,"A") & " " & "missed" -> 3 missed | S6: =COUNTIF(L6,"A") & " " & "missed" -> 1 missed | T6: =4-COUNTIF($H6:$K6,"A") -> 1 | U6: =1-COUNTIF($L6,"A") -> 0 | V6: =$T6/4 -> 0.25 | W6: =$U6/1 -> 0 | X6: =COUNTIF($H6:$L6, "A") & " " &"missed" -> 4 missed | Y6: =5- COUNTIF($H6:$L6, "A") -> 1 | Z6: =$Y6/5 -> 0.2 | AA6: =CONCATENATE("Q-",$T6," A-",$U6," || Q Total-4, A Total-1") -> Q-1 A-0 || Q Total-4, A Total-1 | AB6: {=IFERROR(INDEX('Attendance-Slot-1'!$Q$2:$Q$1112,MATCH(1,('Attendance-Slot-1'!$A$2:$A$1112=$C6)*('Attendance-Slot-1'!$G$2:$G$1112=AB$2),0)),"No Data")} -> P-S1_Online | AC6: {=IFERROR(INDEX('Attendance-Slot-2'!$Q$2:$Q$2595,MATCH(1,('Attendance-Slot-2'!$A$2:$A$2595=$C6)*('Attendance-Slot-2'!$G$2:$G$2595=AB$2),0)),"No Data")} -> No Data | AD6: =VLOOKUP($Q6,'Written Exam Marks'!$H:$Q,10,FALSE) -> 0 | AE6: =VLOOKUP($Q6,'Written Exam Marks'!$H:$Q,9,FALSE) -> 40 | AF6: =IF(COUNTIF($AB6:$AC6,"P-*")>0,"Present", IF(COUNTIF($AB6:$AC6,"A-*")>0,"Absent", IF(COUNTIF($AB6:$AC6,"No Data")>0,"No Data",""))) -> Present | AG6: =IF(LEFT($AB6,2)="P-",$AB6,IF(LEFT($AC6,2)="P-",$AC6,IF(LEFT($AB6,2)="A-",$AB6,IF(LEFT($AC6,2)="A-",$AC6,IF($AB6="No Data",$AB6,IF($AC6="No Data",$AC6,"")))))) -> P-S1_Online | AH6: 14 | AI6: 12 | AJ6: 8 | AK6: A | AL6: A | AM6: 34 | AN6: 60 | AO6: Computer Systems | AP6: BDSDF108 | AQ6: =CONCATENATE($C6,"-",$AP6) -> 2025EB1100003-BDSDF108 | AR6: =COUNTIF($AJ6:$AL6,"A") & " " & "missed" -> 2 missed | AS6: =COUNTIF($AH6:$AI6,"A") & " " & "missed" -> 0 missed | AT6: =3-COUNTIF(AJ6:AL6,"A") -> 1 | AU6: =2-COUNTIF($AH6:$AI6,"A") -> 2 | AV6: =$AT6/3 -> 0.33333333 | AW6: =$AU6/2 -> 1 | AX6: =COUNTIF($AH6:$AL6, "A") & " " &"missed" -> 2 missed | AY6: =5- COUNTIF($AH6:$AL6, "A") -> 3 | AZ6: =$AY6/5 -> 0.6 | BA6: =CONCATENATE("Q-",$AT6," A-",$AU6," || Q Total-3, A Total-2") -> Q-1 A-2 || Q Total-3, A Total-2 | BB6: {=IFERROR(INDEX('Attendance-Slot-1'!$Q$2:$Q$1112,MATCH(1,('Attendance-Slot-1'!$A$2:$A$1112=$C6)*('Attendance-Slot-1'!$G$2:$G$1112=BB$2),0)),"No Data")} -> P-S1_Online | BC6: {=IFERROR(INDEX('Attendance-Slot-2'!$Q$2:$Q$2595,MATCH(1,('Attendance-Slot-2'!$A$2:$A$2595=$C6)*('Attendance-Slot-2'!$G$2:$G$2595=BB$2),0)),"No Data")} -> No Data | BD6: =VLOOKUP($AQ6,'Written Exam Marks'!$H:$Q,10,FALSE) -> 3.5 | BE6: =VLOOKUP($AQ6,'Written Exam Marks'!$H:$Q,9,FALSE) -> 40 | BF6: =IF(COUNTIF($BB6:$BC6,"P-*")>0,"Present", IF(COUNTIF($BB6:$BC6,"A-*")>0,"Absent", IF(COUNTIF($BB6:$BC6,"No Data")>0,"No Data",""))) -> Present | BG6: =IF(LEFT($BB6,2)="P-",$BB6,IF(LEFT($BC6,2)="P-",$BC6,IF(LEFT($BB6,2)="A-",$BB6,IF(LEFT($BC6,2)="A-",$BC6,IF($BB6="No Data",$BB6,IF($BC6="No Data",$BC6,"")))))) -> P-S1_Online | BH6: 10 | BI6: A | BJ6: 15 | BK6: A | BL6: 25 | BM6: 60 | BN6: Probability & Statistics | BO6: BDSDF114 | BP6: =CONCATENATE($C6,"-",$BO6) -> 2025EB1100003-BDSDF114 | BQ6: =COUNTIF($BH6:$BJ6,"A") & " " & "missed" -> 1 missed | BR6: =COUNTIF($BK6,"A") & " " & "missed" -> 1 missed | BS6: =3-COUNTIF($BH6:$BJ6,"A") -> 2 | BT6: =1-COUNTIF($BK6,"A") -> 0 | BU6: =$BS6/3 -> 0.66666667 | BV6: =$BT6/1 -> 0 | BW6: =COUNTIF($BH6:$BK6, "A") & " " &"missed" -> 2 missed | BX6: =4- COUNTIF(BH6:BK6, "A") -> 2 | BY6: =$BX6/4 -> 0.5 | BZ6: =CONCATENATE("Q-",$BS6," A-",$BT6," || Q Total-3, A Total-1") -> Q-2 A-0 || Q Total-3, A Total-1 | CA6: {=IFERROR(INDEX('Attendance-Slot-1'!$Q$2:$Q$1112,MATCH(1,('Attendance-Slot-1'!$A$2:$A$1112=$C6)*('Attendance-Slot-1'!$G$2:$G$1112=CA$2),0)),"No Data")} -> No Data | CB6: {=IFERROR(INDEX('Attendance-Slot-2'!$Q$2:$Q$2595,MATCH(1,('Attendance-Slot-2'!$A$2:$A$2595=$C6)*('Attendance-Slot-2'!$G$2:$G$2595=CA$2),0)),"No Data")} -> A-S2_Online | CC6: =VLOOKUP($BP6,'Written Exam Marks'!$H:$Q,10,FALSE) -> #N/A | CD6: =VLOOKUP($BP6,'Written Exam Marks'!$H:$Q,9,FALSE) -> #N/A | CE6: =IF(COUNTIF($CA6:$CB6,"P-*")>0,"Present", IF(COUNTIF($CA6:$CB6,"A-*")>0,"Absent", IF(COUNTIF($CA6:$CB6,"No Data")>0,"No Data",""))) -> Absent | CF6: =IF(LEFT($CA6,2)="P-",$CA6,IF(LEFT($CB6,2)="P-",$CB6,IF(LEFT($CA6,2)="A-",$CA6,IF(LEFT($CB6,2)="A-",$CB6,IF($CA6="No Data",$CA6,IF($CB6="No Data",$CB6,"")))))) -> A-S2_Online | CG6: 5 | CH6: 4.5 | CI6: A | CJ6: A | CK6: A | CL6: A | CM6: 9.5 | CN6: 50 | CO6: Writing Practice | CP6: BDSDF112 | CQ6: =CONCATENATE($C6,"-",$CP6) -> 2025EB1100003-BDSDF112 | CR6: =COUNTIF($CG6:$CH6,"A") & " " & "missed" -> 0 missed | CS6: =COUNTIF($CI6:$CJ6,"A") & " " & "missed" -> 2 missed | CT6: =2-COUNTIF($CG6:$CH6,"A") -> 2 | CU6: =2-COUNTIF($CI6:$CJ6,"A") -> 0 | CV6: =$CT6/2 -> 1 | CW6: =$CU6/2 -> 0 | CX6: =COUNTIF($CG6:$CJ6, "A") & " " &"missed" -> 2 missed | CY6: =4- COUNTIF($CG6:$CJ6, "A") -> 2 | CZ6: =$CY6/4 -> 0.5 | DA6: =CONCATENATE("Q-",$CT6," A-",$CU6," || Q Total-2, A Total-2") -> Q-2 A-0 || Q Total-2, A Total-2 | DB6: {=IFERROR(INDEX('Attendance-Slot-1'!$Q$2:$Q$1112,MATCH(1,('Attendance-Slot-1'!$A$2:$A$1112=$C6)*('Attendance-Slot-1'!$G$2:$G$1112=DB$2),0)),"No Data")} -> P-S1_Online | DC6: {=IFERROR(INDEX('Attendance-Slot-2'!$Q$2:$Q$2595,MATCH(1,('Attendance-Slot-2'!$A$2:$A$2595=$C6)*('Attendance-Slot-2'!$G$2:$G$2595=DB$2),0)),"No Data")} -> No Data | DD6: =VLOOKUP($CQ6,'Written Exam Marks'!$H:$Q,10,FALSE) -> 16 | DE6: =VLOOKUP($CQ6,'Written Exam Marks'!$H:$Q,9,FALSE) -> 50 | DF6: =IF(COUNTIF($DB6:$DC6,"P-*")>0,"Present", IF(COUNTIF($DB6:$DC6,"A-*")>0,"Absent", IF(COUNTIF($DB6:$DC6,"No Data")>0,"No Data",""))) -> Present | DG6: =IF(LEFT($DB6,2)="P-",$DB6,IF(LEFT($DC6,2)="P-",$DC6,IF(LEFT($DB6,2)="A-",$DB6,IF(LEFT($DC6,2)="A-",$DC6,IF($DB6="No Data",$DB6,IF($DC6="No Data",$DC6,"")))))) -> P-S1_Online | DH6: 95 | DI6: 95 | DJ6: 100 | DK6: ="P-"&(COUNTIF($AB6,"P-*")+COUNTIF($BB6,"P-*")+COUNTIF($CA6,"P-*")+COUNTIF($DB6,"P-*"))&", A-"&(COUNTIF($AB6,"A-*")+COUNTIF($BB6,"A-*")+COUNTIF($CA6,"A-*")+COUNTIF($DB6,"A-*"))&", No Data-"&(COUNTIF($AB6,"No Data")+COUNTIF($BB6,"No Data")+COUNTIF($CA6,"No Data")+COUNTIF($DB6,"No Data")) -> P-3, A-0, No Data-1 | DL6: ="P-"&(COUNTIF($AC6,"P-*")+COUNTIF($BC6,"P-*")+COUNTIF($CB6,"P-*")+COUNTIF($DC6,"P-*"))&", A-"&(COUNTIF($AC6,"A-*")+COUNTIF($BC6,"A-*")+COUNTIF($CB6,"A-*")+COUNTIF($DC6,"A-*"))&", No Data-"&(COUNTIF($AC6,"No Data")+COUNTIF($BC6,"No Data")+COUNTIF($CB6,"No Data")+COUNTIF($DC6,"No Data")) -> P-0, A-1, No Data-3 | DM6: =IF(LEFT($AB6,2)="P-",$AB6, IF(LEFT($AC6,2)="P-",$AC6, IF(LEFT($AB6,2)="A-",$AB6, IF(LEFT($AC6,2)="A-",$AC6, IF($AB6="No Data",$AB6, IF($AC6="No Data",$AC6,"")))))) -> P-S1_Online | DN6: =IF(LEFT($DB6,2)="P-",$DB6, IF(LEFT($DC6,2)="P-",$DC6, IF(LEFT($DB6,2)="A-",$DB6, IF(LEFT($DC6,2)="A-",$DC6, IF($DB6="No Data",$DB6, IF($DC6="No Data",$DC6,"")))))) -> P-S1_Online | DO6: =IF(LEFT($BB6,2)="P-",$BB6, IF(LEFT($BC6,2)="P-",$BC6, IF(LEFT($BB6,2)="A-",$BB6, IF(LEFT($BC6,2)="A-",$BC6, IF($BB6="No Data",$BB6, IF($BC6="No Data",$BC6,"")))))) -> P-S1_Online | DP6: =IF(LEFT($CA6,2)="P-",$CA6, IF(LEFT($CB6,2)="P-",$CB6, IF(LEFT($CA6,2)="A-",$CA6, IF(LEFT($CB6,2)="A-",$CB6, IF($CA6="No Data",$CA6, IF($CB6="No Data",$CB6,"")))))) -> A-S2_Online | DQ6: ="P-"&COUNTIF($DM6:$DP6,"P-*")&", A-"&COUNTIF($DM6:$DP6,"A-*")&", No Data-"&COUNTIF($DM6:$DP6,"No Data") -> P-3, A-1, No Data-0 | DR6: =IF( AND( $AA6="Q-4 A-1 || Q Total-4, A Total-1", $BA6="Q-3 A-2 || Q Total-3, A Total-2", $BZ6="Q-3 A-1 || Q Total-3, A Total-1", $DA6="Q-2 A-2 || Q Total-2, A Total-2" ), 1, 0 ) -> 0 | DS6: Activated | DT6: Exam Given | DU6: 2025EB1100003
A7: 4 | B7: BS DS-AI | C7: 2025EB1100004 | D7: 2025eb1100004@bitspilani-digital.edu.in | E7: ARUNLAL P | F7: MALE | G7: `+91-9444088435 | H7: 8 | I7: 6.4 | J7: A | K7: 7.2 | L7: 28 | M7: 49.6 | N7: 60 | O7: Computer Programming | P7: BDSDF113 | Q7: =CONCATENATE($C7,"-",$P7) -> 2025EB1100004-BDSDF113 | R7: =COUNTIF($H7:$K7,"A") & " " & "missed" -> 1 missed | S7: =COUNTIF(L7,"A") & " " & "missed" -> 0 missed | T7: =4-COUNTIF($H7:$K7,"A") -> 3 | U7: =1-COUNTIF($L7,"A") -> 1 | V7: =$T7/4 -> 0.75 | W7: =$U7/1 -> 1 | X7: =COUNTIF($H7:$L7, "A") & " " &"missed" -> 1 missed | Y7: =5- COUNTIF($H7:$L7, "A") -> 4 | Z7: =$Y7/5 -> 0.8 | AA7: =CONCATENATE("Q-",$T7," A-",$U7," || Q Total-4, A Total-1") -> Q-3 A-1 || Q Total-4, A Total-1 | AB7: {=IFERROR(INDEX('Attendance-Slot-1'!$Q$2:$Q$1112,MATCH(1,('Attendance-Slot-1'!$A$2:$A$1112=$C7)*('Attendance-Slot-1'!$G$2:$G$1112=AB$2),0)),"No Data")} -> No Data | AC7: {=IFERROR(INDEX('Attendance-Slot-2'!$Q$2:$Q$2595,MATCH(1,('Attendance-Slot-2'!$A$2:$A$2595=$C7)*('Attendance-Slot-2'!$G$2:$G$2595=AB$2),0)),"No Data")} -> P-S2_Onsite | AD7: =VLOOKUP($Q7,'Written Exam Marks'!$H:$Q,10,FALSE) -> 6 | AE7: =VLOOKUP($Q7,'Written Exam Marks'!$H:$Q,9,FALSE) -> 40 | AF7: =IF(COUNTIF($AB7:$AC7,"P-*")>0,"Present", IF(COUNTIF($AB7:$AC7,"A-*")>0,"Absent", IF(COUNTIF($AB7:$AC7,"No Data")>0,"No Data",""))) -> Present | AG7: =IF(LEFT($AB7,2)="P-",$AB7,IF(LEFT($AC7,2)="P-",$AC7,IF(LEFT($AB7,2)="A-",$AB7,IF(LEFT($AC7,2)="A-",$AC7,IF($AB7="No Data",$AB7,IF($AC7="No Data",$AC7,"")))))) -> P-S2_Onsite | AH7: 15 | AI7: 6 | AJ7: 8 | AK7: A | AL7: 8 | AM7: 37 | AN7: 60 | AO7: Computer Systems | AP7: BDSDF108 | AQ7: =CONCATENATE($C7,"-",$AP7) -> 2025EB1100004-BDSDF108 | AR7: =COUNTIF($AJ7:$AL7,"A") & " " & "missed" -> 1 missed | AS7: =COUNTIF($AH7:$AI7,"A") & " " & "missed" -> 0 missed | AT7: =3-COUNTIF(AJ7:AL7,"A") -> 2 | AU7: =2-COUNTIF($AH7:$AI7,"A") -> 2 | AV7: =$AT7/3 -> 0.66666667 | AW7: =$AU7/2 -> 1 | AX7: =COUNTIF($AH7:$AL7, "A") & " " &"missed" -> 1 missed | AY7: =5- COUNTIF($AH7:$AL7, "A") -> 4 | AZ7: =$AY7/5 -> 0.8 | BA7: =CONCATENATE("Q-",$AT7," A-",$AU7," || Q Total-3, A Total-2") -> Q-2 A-2 || Q Total-3, A Total-2 | BB7: {=IFERROR(INDEX('Attendance-Slot-1'!$Q$2:$Q$1112,MATCH(1,('Attendance-Slot-1'!$A$2:$A$1112=$C7)*('Attendance-Slot-1'!$G$2:$G$1112=BB$2),0)),"No Data")} -> No Data | BC7: {=IFERROR(INDEX('Attendance-Slot-2'!$Q$2:$Q$2595,MATCH(1,('Attendance-Slot-2'!$A$2:$A$2595=$C7)*('Attendance-Slot-2'!$G$2:$G$2595=BB$2),0)),"No Data")} -> P-S2_Onsite | BD7: =VLOOKUP($AQ7,'Written Exam Marks'!$H:$Q,10,FALSE) -> 12 | BE7: =VLOOKUP($AQ7,'Written Exam Marks'!$H:$Q,9,FALSE) -> 40 | BF7: =IF(COUNTIF($BB7:$BC7,"P-*")>0,"Present", IF(COUNTIF($BB7:$BC7,"A-*")>0,"Absent", IF(COUNTIF($BB7:$BC7,"No Data")>0,"No Data",""))) -> Present | BG7: =IF(LEFT($BB7,2)="P-",$BB7,IF(LEFT($BC7,2)="P-",$BC7,IF(LEFT($BB7,2)="A-",$BB7,IF(LEFT($BC7,2)="A-",$BC7,IF($BB7="No Data",$BB7,IF($BC7="No Data",$BC7,"")))))) -> P-S2_Onsite | BH7: 10 | BI7: 15 | BJ7: 15 | BK7: 20 | BL7: 60 | BM7: 60 | BN7: Probability & Statistics | BO7: BDSDF114 | BP7: =CONCATENATE($C7,"-",$BO7) -> 2025EB1100004-BDSDF114 | BQ7: =COUNTIF($BH7:$BJ7,"A") & " " & "missed" -> 0 missed | BR7: =COUNTIF($BK7,"A") & " " & "missed" -> 0 missed | BS7: =3-COUNTIF($BH7:$BJ7,"A") -> 3 | BT7: =1-COUNTIF($BK7,"A") -> 1 | BU7: =$BS7/3 -> 1 | BV7: =$BT7/1 -> 1 | BW7: =COUNTIF($BH7:$BK7, "A") & " " &"missed" -> 0 missed | BX7: =4- COUNTIF(BH7:BK7, "A") -> 4 | BY7: =$BX7/4 -> 1 | BZ7: =CONCATENATE("Q-",$BS7," A-",$BT7," || Q Total-3, A Total-1") -> Q-3 A-1 || Q Total-3, A Total-1 | CA7: {=IFERROR(INDEX('Attendance-Slot-1'!$Q$2:$Q$1112,MATCH(1,('Attendance-Slot-1'!$A$2:$A$1112=$C7)*('Attendance-Slot-1'!$G$2:$G$1112=CA$2),0)),"No Data")} -> P-S1_Onsite | CB7: {=IFERROR(INDEX('Attendance-Slot-2'!$Q$2:$Q$2595,MATCH(1,('Attendance-Slot-2'!$A$2:$A$2595=$C7)*('Attendance-Slot-2'!$G$2:$G$2595=CA$2),0)),"No Data")} -> No Data | CC7: =VLOOKUP($BP7,'Written Exam Marks'!$H:$Q,10,FALSE) -> 14 | CD7: =VLOOKUP($BP7,'Written Exam Marks'!$H:$Q,9,FALSE) -> 40 | CE7: =IF(COUNTIF($CA7:$CB7,"P-*")>0,"Present", IF(COUNTIF($CA7:$CB7,"A-*")>0,"Absent", IF(COUNTIF($CA7:$CB7,"No Data")>0,"No Data",""))) -> Present | CF7: =IF(LEFT($CA7,2)="P-",$CA7,IF(LEFT($CB7,2)="P-",$CB7,IF(LEFT($CA7,2)="A-",$CA7,IF(LEFT($CB7,2)="A-",$CB7,IF($CA7="No Data",$CA7,IF($CB7="No Data",$CB7,"")))))) -> P-S1_Onsite | CG7: 5 | CH7: 4.5 | CI7: 8.5 | CJ7: A | CK7: 10 | CL7: A | CM7: 28 | CN7: 50 | CO7: Writing Practice | CP7: BDSDF112 | CQ7: =CONCATENATE($C7,"-",$CP7) -> 2025EB1100004-BDSDF112 | CR7: =COUNTIF($CG7:$CH7,"A") & " " & "missed" -> 0 missed | CS7: =COUNTIF($CI7:$CJ7,"A") & " " & "missed" -> 1 missed | CT7: =2-COUNTIF($CG7:$CH7,"A") -> 2 | CU7: =2-COUNTIF($CI7:$CJ7,"A") -> 1 | CV7: =$CT7/2 -> 1 | CW7: =$CU7/2 -> 0.5 | CX7: =COUNTIF($CG7:$CJ7, "A") & " " &"missed" -> 1 missed | CY7: =4- COUNTIF($CG7:$CJ7, "A") -> 3 | CZ7: =$CY7/4 -> 0.75 | DA7: =CONCATENATE("Q-",$CT7," A-",$CU7," || Q Total-2, A Total-2") -> Q-2 A-1 || Q Total-2, A Total-2 | DB7: {=IFERROR(INDEX('Attendance-Slot-1'!$Q$2:$Q$1112,MATCH(1,('Attendance-Slot-1'!$A$2:$A$1112=$C7)*('Attendance-Slot-1'!$G$2:$G$1112=DB$2),0)),"No Data")} -> P-S1_Onsite | DC7: {=IFERROR(INDEX('Attendance-Slot-2'!$Q$2:$Q$2595,MATCH(1,('Attendance-Slot-2'!$A$2:$A$2595=$C7)*('Attendance-Slot-2'!$G$2:$G$2595=DB$2),0)),"No Data")} -> No Data | DD7: =VLOOKUP($CQ7,'Written Exam Marks'!$H:$Q,10,FALSE) -> 29 | DE7: =VLOOKUP($CQ7,'Written Exam Marks'!$H:$Q,9,FALSE) -> 50 | DF7: =IF(COUNTIF($DB7:$DC7,"P-*")>0,"Present", IF(COUNTIF($DB7:$DC7,"A-*")>0,"Absent", IF(COUNTIF($DB7:$DC7,"No Data")>0,"No Data",""))) -> Present | DG7: =IF(LEFT($DB7,2)="P-",$DB7,IF(LEFT($DC7,2)="P-",$DC7,IF(LEFT($DB7,2)="A-",$DB7,IF(LEFT($DC7,2)="A-",$DC7,IF($DB7="No Data",$DB7,IF($DC7="No Data",$DC7,"")))))) -> P-S1_Onsite | DH7: 90 | DI7: 90 | DJ7: 100 | DK7: ="P-"&(COUNTIF($AB7,"P-*")+COUNTIF($BB7,"P-*")+COUNTIF($CA7,"P-*")+COUNTIF($DB7,"P-*"))&", A-"&(COUNTIF($AB7,"A-*")+COUNTIF($BB7,"A-*")+COUNTIF($CA7,"A-*")+COUNTIF($DB7,"A-*"))&", No Data-"&(COUNTIF($AB7,"No Data")+COUNTIF($BB7,"No Data")+COUNTIF($CA7,"No Data")+COUNTIF($DB7,"No Data")) -> P-2, A-0, No Data-2 | DL7: ="P-"&(COUNTIF($AC7,"P-*")+COUNTIF($BC7,"P-*")+COUNTIF($CB7,"P-*")+COUNTIF($DC7,"P-*"))&", A-"&(COUNTIF($AC7,"A-*")+COUNTIF($BC7,"A-*")+COUNTIF($CB7,"A-*")+COUNTIF($DC7,"A-*"))&", No Data-"&(COUNTIF($AC7,"No Data")+COUNTIF($BC7,"No Data")+COUNTIF($CB7,"No Data")+COUNTIF($DC7,"No Data")) -> P-2, A-0, No Data-2 | DM7: =IF(LEFT($AB7,2)="P-",$AB7, IF(LEFT($AC7,2)="P-",$AC7, IF(LEFT($AB7,2)="A-",$AB7, IF(LEFT($AC7,2)="A-",$AC7, IF($AB7="No Data",$AB7, IF($AC7="No Data",$AC7,"")))))) -> P-S2_Onsite | DN7: =IF(LEFT($DB7,2)="P-",$DB7, IF(LEFT($DC7,2)="P-",$DC7, IF(LEFT($DB7,2)="A-",$DB7, IF(LEFT($DC7,2)="A-",$DC7, IF($DB7="No Data",$DB7, IF($DC7="No Data",$DC7,"")))))) -> P-S1_Onsite | DO7: =IF(LEFT($BB7,2)="P-",$BB7, IF(LEFT($BC7,2)="P-",$BC7, IF(LEFT($BB7,2)="A-",$BB7, IF(LEFT($BC7,2)="A-",$BC7, IF($BB7="No Data",$BB7, IF($BC7="No Data",$BC7,"")))))) -> P-S2_Onsite | DP7: =IF(LEFT($CA7,2)="P-",$CA7, IF(LEFT($CB7,2)="P-",$CB7, IF(LEFT($CA7,2)="A-",$CA7, IF(LEFT($CB7,2)="A-",$CB7, IF($CA7="No Data",$CA7, IF($CB7="No Data",$CB7,"")))))) -> P-S1_Onsite | DQ7: ="P-"&COUNTIF($DM7:$DP7,"P-*")&", A-"&COUNTIF($DM7:$DP7,"A-*")&", No Data-"&COUNTIF($DM7:$DP7,"No Data") -> P-4, A-0, No Data-0 | DR7: =IF( AND( $AA7="Q-4 A-1 || Q Total-4, A Total-1", $BA7="Q-3 A-2 || Q Total-3, A Total-2", $BZ7="Q-3 A-1 || Q Total-3, A Total-1", $DA7="Q-2 A-2 || Q Total-2, A Total-2" ), 1, 0 ) -> 0 | DS7: Activated | DT7: Exam Given | DU7: 2025EB1100004
A8: 5 | B8: BS DS-AI | C8: 2025EB1100005 | D8: 2025eb1100005@bitspilani-digital.edu.in | E8: RUPEN TAK | F8: MALE | G8: `+91-9729809711 | H8: A | I8: A | J8: A | K8: A | L8: A | M8: 1.6 | N8: 60 | O8: Computer Programming | P8: BDSDF113 | Q8: =CONCATENATE($C8,"-",$P8) -> 2025EB1100005-BDSDF113 | R8: =COUNTIF($H8:$K8,"A") & " " & "missed" -> 4 missed | S8: =COUNTIF(L8,"A") & " " & "missed" -> 1 missed | T8: =4-COUNTIF($H8:$K8,"A") -> 0 | U8: =1-COUNTIF($L8,"A") -> 0 | V8: =$T8/4 -> 0 | W8: =$U8/1 -> 0 | X8: =COUNTIF($H8:$L8, "A") & " " &"missed" -> 5 missed | Y8: =5- COUNTIF($H8:$L8, "A") -> 0 | Z8: =$Y8/5 -> 0 | AA8: =CONCATENATE("Q-",$T8," A-",$U8," || Q Total-4, A Total-1") -> Q-0 A-0 || Q Total-4, A Total-1 | AB8: {=IFERROR(INDEX('Attendance-Slot-1'!$Q$2:$Q$1112,MATCH(1,('Attendance-Slot-1'!$A$2:$A$1112=$C8)*('Attendance-Slot-1'!$G$2:$G$1112=AB$2),0)),"No Data")} -> No Data | AC8: {=IFERROR(INDEX('Attendance-Slot-2'!$Q$2:$Q$2595,MATCH(1,('Attendance-Slot-2'!$A$2:$A$2595=$C8)*('Attendance-Slot-2'!$G$2:$G$2595=AB$2),0)),"No Data")} -> P-S2_Onsite | AD8: =VLOOKUP($Q8,'Written Exam Marks'!$H:$Q,10,FALSE) -> 3 | AE8: =VLOOKUP($Q8,'Written Exam Marks'!$H:$Q,9,FALSE) -> 40 | AF8: =IF(COUNTIF($AB8:$AC8,"P-*")>0,"Present", IF(COUNTIF($AB8:$AC8,"A-*")>0,"Absent", IF(COUNTIF($AB8:$AC8,"No Data")>0,"No Data",""))) -> Present | AG8: =IF(LEFT($AB8,2)="P-",$AB8,IF(LEFT($AC8,2)="P-",$AC8,IF(LEFT($AB8,2)="A-",$AB8,IF(LEFT($AC8,2)="A-",$AC8,IF($AB8="No Data",$AB8,IF($AC8="No Data",$AC8,"")))))) -> P-S2_Onsite | AH8: A | AI8: A | AJ8: A | AK8: A | AL8: 7 | AM8: 7 | AN8: 60 | AO8: Computer Systems | AP8: BDSDF108 | AQ8: =CONCATENATE($C8,"-",$AP8) -> 2025EB1100005-BDSDF108 | AR8: =COUNTIF($AJ8:$AL8,"A") & " " & "missed" -> 2 missed | AS8: =COUNTIF($AH8:$AI8,"A") & " " & "missed" -> 2 missed | AT8: =3-COUNTIF(AJ8:AL8,"A") -> 1 | AU8: =2-COUNTIF($AH8:$AI8,"A") -> 0 | AV8: =$AT8/3 -> 0.33333333 | AW8: =$AU8/2 -> 0 | AX8: =COUNTIF($AH8:$AL8, "A") & " " &"missed" -> 4 missed | AY8: =5- COUNTIF($AH8:$AL8, "A") -> 1 | AZ8: =$AY8/5 -> 0.2 | BA8: =CONCATENATE("Q-",$AT8," A-",$AU8," || Q Total-3, A Total-2") -> Q-1 A-0 || Q Total-3, A Total-2 | BB8: {=IFERROR(INDEX('Attendance-Slot-1'!$Q$2:$Q$1112,MATCH(1,('Attendance-Slot-1'!$A$2:$A$1112=$C8)*('Attendance-Slot-1'!$G$2:$G$1112=BB$2),0)),"No Data")} -> P-S1_Onsite | BC8: {=IFERROR(INDEX('Attendance-Slot-2'!$Q$2:$Q$2595,MATCH(1,('Attendance-Slot-2'!$A$2:$A$2595=$C8)*('Attendance-Slot-2'!$G$2:$G$2595=BB$2),0)),"No Data")} -> No Data | BD8: =VLOOKUP($AQ8,'Written Exam Marks'!$H:$Q,10,FALSE) -> 14 | BE8: =VLOOKUP($AQ8,'Written Exam Marks'!$H:$Q,9,FALSE) -> 40 | BF8: =IF(COUNTIF($BB8:$BC8,"P-*")>0,"Present", IF(COUNTIF($BB8:$BC8,"A-*")>0,"Absent", IF(COUNTIF($BB8:$BC8,"No Data")>0,"No Data",""))) -> Present | BG8: =IF(LEFT($BB8,2)="P-",$BB8,IF(LEFT($BC8,2)="P-",$BC8,IF(LEFT($BB8,2)="A-",$BB8,IF(LEFT($BC8,2)="A-",$BC8,IF($BB8="No Data",$BB8,IF($BC8="No Data",$BC8,"")))))) -> P-S1_Onsite | BH8: 5 | BI8: A | BJ8: A | BK8: A | BL8: 5 | BM8: 60 | BN8: Probability & Statistics | BO8: BDSDF114 | BP8: =CONCATENATE($C8,"-",$BO8) -> 2025EB1100005-BDSDF114 | BQ8: =COUNTIF($BH8:$BJ8,"A") & " " & "missed" -> 2 missed | BR8: =COUNTIF($BK8,"A") & " " & "missed" -> 1 missed | BS8: =3-COUNTIF($BH8:$BJ8,"A") -> 1 | BT8: =1-COUNTIF($BK8,"A") -> 0 | BU8: =$BS8/3 -> 0.33333333 | BV8: =$BT8/1 -> 0 | BW8: =COUNTIF($BH8:$BK8, "A") & " " &"missed" -> 3 missed | BX8: =4- COUNTIF(BH8:BK8, "A") -> 1 | BY8: =$BX8/4 -> 0.25 | BZ8: =CONCATENATE("Q-",$BS8," A-",$BT8," || Q Total-3, A Total-1") -> Q-1 A-0 || Q Total-3, A Total-1 | CA8: {=IFERROR(INDEX('Attendance-Slot-1'!$Q$2:$Q$1112,MATCH(1,('Attendance-Slot-1'!$A$2:$A$1112=$C8)*('Attendance-Slot-1'!$G$2:$G$1112=CA$2),0)),"No Data")} -> No Data | CB8: {=IFERROR(INDEX('Attendance-Slot-2'!$Q$2:$Q$2595,MATCH(1,('Attendance-Slot-2'!$A$2:$A$2595=$C8)*('Attendance-Slot-2'!$G$2:$G$2595=CA$2),0)),"No Data")} -> P-S2_Onsite | CC8: =VLOOKUP($BP8,'Written Exam Marks'!$H:$Q,10,FALSE) -> 4 | CD8: =VLOOKUP($BP8,'Written Exam Marks'!$H:$Q,9,FALSE) -> 40 | CE8: =IF(COUNTIF($CA8:$CB8,"P-*")>0,"Present", IF(COUNTIF($CA8:$CB8,"A-*")>0,"Absent", IF(COUNTIF($CA8:$CB8,"No Data")>0,"No Data",""))) -> Present | CF8: =IF(LEFT($CA8,2)="P-",$CA8,IF(LEFT($CB8,2)="P-",$CB8,IF(LEFT($CA8,2)="A-",$CA8,IF(LEFT($CB8,2)="A-",$CB8,IF($CA8="No Data",$CA8,IF($CB8="No Data",$CB8,"")))))) -> P-S2_Onsite | CG8: 1.5 | CH8: A | CI8: A | CJ8: A | CK8: A | CL8: A | CM8: 1.5 | CN8: 50 | CO8: Writing Practice | CP8: BDSDF112 | CQ8: =CONCATENATE($C8,"-",$CP8) -> 2025EB1100005-BDSDF112 | CR8: =COUNTIF($CG8:$CH8,"A") & " " & "missed" -> 1 missed | CS8: =COUNTIF($CI8:$CJ8,"A") & " " & "missed" -> 2 missed | CT8: =2-COUNTIF($CG8:$CH8,"A") -> 1 | CU8: =2-COUNTIF($CI8:$CJ8,"A") -> 0 | CV8: =$CT8/2 -> 0.5 | CW8: =$CU8/2 -> 0 | CX8: =COUNTIF($CG8:$CJ8, "A") & " " &"missed" -> 3 missed | CY8: =4- COUNTIF($CG8:$CJ8, "A") -> 1 | CZ8: =$CY8/4 -> 0.25 | DA8: =CONCATENATE("Q-",$CT8," A-",$CU8," || Q Total-2, A Total-2") -> Q-1 A-0 || Q Total-2, A Total-2 | DB8: {=IFERROR(INDEX('Attendance-Slot-1'!$Q$2:$Q$1112,MATCH(1,('Attendance-Slot-1'!$A$2:$A$1112=$C8)*('Attendance-Slot-1'!$G$2:$G$1112=DB$2),0)),"No Data")} -> P-S1_Onsite | DC8: {=IFERROR(INDEX('Attendance-Slot-2'!$Q$2:$Q$2595,MATCH(1,('Attendance-Slot-2'!$A$2:$A$2595=$C8)*('Attendance-Slot-2'!$G$2:$G$2595=DB$2),0)),"No Data")} -> No Data | DD8: =VLOOKUP($CQ8,'Written Exam Marks'!$H:$Q,10,FALSE) -> 24 | DE8: =VLOOKUP($CQ8,'Written Exam Marks'!$H:$Q,9,FALSE) -> 50 | DF8: =IF(COUNTIF($DB8:$DC8,"P-*")>0,"Present", IF(COUNTIF($DB8:$DC8,"A-*")>0,"Absent", IF(COUNTIF($DB8:$DC8,"No Data")>0,"No Data",""))) -> Present | DG8: =IF(LEFT($DB8,2)="P-",$DB8,IF(LEFT($DC8,2)="P-",$DC8,IF(LEFT($DB8,2)="A-",$DB8,IF(LEFT($DC8,2)="A-",$DC8,IF($DB8="No Data",$DB8,IF($DC8="No Data",$DC8,"")))))) -> P-S1_Onsite | DH8: 90 | DI8: 90 | DJ8: 100 | DK8: ="P-"&(COUNTIF($AB8,"P-*")+COUNTIF($BB8,"P-*")+COUNTIF($CA8,"P-*")+COUNTIF($DB8,"P-*"))&", A-"&(COUNTIF($AB8,"A-*")+COUNTIF($BB8,"A-*")+COUNTIF($CA8,"A-*")+COUNTIF($DB8,"A-*"))&", No Data-"&(COUNTIF($AB8,"No Data")+COUNTIF($BB8,"No Data")+COUNTIF($CA8,"No Data")+COUNTIF($DB8,"No Data")) -> P-2, A-0, No Data-2 | DL8: ="P-"&(COUNTIF($AC8,"P-*")+COUNTIF($BC8,"P-*")+COUNTIF($CB8,"P-*")+COUNTIF($DC8,"P-*"))&", A-"&(COUNTIF($AC8,"A-*")+COUNTIF($BC8,"A-*")+COUNTIF($CB8,"A-*")+COUNTIF($DC8,"A-*"))&", No Data-"&(COUNTIF($AC8,"No Data")+COUNTIF($BC8,"No Data")+COUNTIF($CB8,"No Data")+COUNTIF($DC8,"No Data")) -> P-2, A-0, No Data-2 | DM8: =IF(LEFT($AB8,2)="P-",$AB8, IF(LEFT($AC8,2)="P-",$AC8, IF(LEFT($AB8,2)="A-",$AB8, IF(LEFT($AC8,2)="A-",$AC8, IF($AB8="No Data",$AB8, IF($AC8="No Data",$AC8,"")))))) -> P-S2_Onsite | DN8: =IF(LEFT($DB8,2)="P-",$DB8, IF(LEFT($DC8,2)="P-",$DC8, IF(LEFT($DB8,2)="A-",$DB8, IF(LEFT($DC8,2)="A-",$DC8, IF($DB8="No Data",$DB8, IF($DC8="No Data",$DC8,"")))))) -> P-S1_Onsite | DO8: =IF(LEFT($BB8,2)="P-",$BB8, IF(LEFT($BC8,2)="P-",$BC8, IF(LEFT($BB8,2)="A-",$BB8, IF(LEFT($BC8,2)="A-",$BC8, IF($BB8="No Data",$BB8, IF($BC8="No Data",$BC8,"")))))) -> P-S1_Onsite | DP8: =IF(LEFT($CA8,2)="P-",$CA8, IF(LEFT($CB8,2)="P-",$CB8, IF(LEFT($CA8,2)="A-",$CA8, IF(LEFT($CB8,2)="A-",$CB8, IF($CA8="No Data",$CA8, IF($CB8="No Data",$CB8,"")))))) -> P-S2_Onsite | DQ8: ="P-"&COUNTIF($DM8:$DP8,"P-*")&", A-"&COUNTIF($DM8:$DP8,"A-*")&", No Data-"&COUNTIF($DM8:$DP8,"No Data") -> P-4, A-0, No Data-0 | DR8: =IF( AND( $AA8="Q-4 A-1 || Q Total-4, A Total-1", $BA8="Q-3 A-2 || Q Total-3, A Total-2", $BZ8="Q-3 A-1 || Q Total-3, A Total-1", $DA8="Q-2 A-2 || Q Total-2, A Total-2" ), 1, 0 ) -> 0 | DS8: Activated | DT8: Exam Given | DU8: 2025EB1100005
A9: 6 | B9: BS DS-AI | C9: 2025EB1100006 | D9: 2025eb1100006@bitspilani-digital.edu.in | E9: JAL PATEL | F9: MALE | G9: `+91-6356170830 | H9: 5.6 | I9: A | J9: 8 | K9: 8 | L9: 28 | M9: 49.6 | N9: 60 | O9: Computer Programming | P9: BDSDF113 | Q9: =CONCATENATE($C9,"-",$P9) -> 2025EB1100006-BDSDF113 | R9: =COUNTIF($H9:$K9,"A") & " " & "missed" -> 1 missed | S9: =COUNTIF(L9,"A") & " " & "missed" -> 0 missed | T9: =4-COUNTIF($H9:$K9,"A") -> 3 | U9: =1-COUNTIF($L9,"A") -> 1 | V9: =$T9/4 -> 0.75 | W9: =$U9/1 -> 1 | X9: =COUNTIF($H9:$L9, "A") & " " &"missed" -> 1 missed | Y9: =5- COUNTIF($H9:$L9, "A") -> 4 | Z9: =$Y9/5 -> 0.8 | AA9: =CONCATENATE("Q-",$T9," A-",$U9," || Q Total-4, A Total-1") -> Q-3 A-1 || Q Total-4, A Total-1 | AB9: {=IFERROR(INDEX('Attendance-Slot-1'!$Q$2:$Q$1112,MATCH(1,('Attendance-Slot-1'!$A$2:$A$1112=$C9)*('Attendance-Slot-1'!$G$2:$G$1112=AB$2),0)),"No Data")} -> P-S1_Onsite | AC9: {=IFERROR(INDEX('Attendance-Slot-2'!$Q$2:$Q$2595,MATCH(1,('Attendance-Slot-2'!$A$2:$A$2595=$C9)*('Attendance-Slot-2'!$G$2:$G$2595=AB$2),0)),"No Data")} -> No Data | AD9: =VLOOKUP($Q9,'Written Exam Marks'!$H:$Q,10,FALSE) -> 10 | AE9: =VLOOKUP($Q9,'Written Exam Marks'!$H:$Q,9,FALSE) -> 40 | AF9: =IF(COUNTIF($AB9:$AC9,"P-*")>0,"Present", IF(COUNTIF($AB9:$AC9,"A-*")>0,"Absent", IF(COUNTIF($AB9:$AC9,"No Data")>0,"No Data",""))) -> Present | AG9: =IF(LEFT($AB9,2)="P-",$AB9,IF(LEFT($AC9,2)="P-",$AC9,IF(LEFT($AB9,2)="A-",$AB9,IF(LEFT($AC9,2)="A-",$AC9,IF($AB9="No Data",$AB9,IF($AC9="No Data",$AC9,"")))))) -> P-S1_Onsite | AH9: 14 | AI9: 13 | AJ9: 9.3333333 | AK9: 10 | AL9: 10 | AM9: 56.333333 | AN9: 60 | AO9: Computer Systems | AP9: BDSDF108 | AQ9: =CONCATENATE($C9,"-",$AP9) -> 2025EB1100006-BDSDF108 | AR9: =COUNTIF($AJ9:$AL9,"A") & " " & "missed" -> 0 missed | AS9: =COUNTIF($AH9:$AI9,"A") & " " & "missed" -> 0 missed | AT9: =3-COUNTIF(AJ9:AL9,"A") -> 3 | AU9: =2-COUNTIF($AH9:$AI9,"A") -> 2 | AV9: =$AT9/3 -> 1 | AW9: =$AU9/2 -> 1 | AX9: =COUNTIF($AH9:$AL9, "A") & " " &"missed" -> 0 missed | AY9: =5- COUNTIF($AH9:$AL9, "A") -> 5 | AZ9: =$AY9/5 -> 1 | BA9: =CONCATENATE("Q-",$AT9," A-",$AU9," || Q Total-3, A Total-2") -> Q-3 A-2 || Q Total-3, A Total-2 | BB9: {=IFERROR(INDEX('Attendance-Slot-1'!$Q$2:$Q$1112,MATCH(1,('Attendance-Slot-1'!$A$2:$A$1112=$C9)*('Attendance-Slot-1'!$G$2:$G$1112=BB$2),0)),"No Data")} -> P-S1_Onsite | BC9: {=IFERROR(INDEX('Attendance-Slot-2'!$Q$2:$Q$2595,MATCH(1,('Attendance-Slot-2'!$A$2:$A$2595=$C9)*('Attendance-Slot-2'!$G$2:$G$2595=BB$2),0)),"No Data")} -> No Data | BD9: =VLOOKUP($AQ9,'Written Exam Marks'!$H:$Q,10,FALSE) -> 10.5 | BE9: =VLOOKUP($AQ9,'Written Exam Marks'!$H:$Q,9,FALSE) -> 40 | BF9: =IF(COUNTIF($BB9:$BC9,"P-*")>0,"Present", IF(COUNTIF($BB9:$BC9,"A-*")>0,"Absent", IF(COUNTIF($BB9:$BC9,"No Data")>0,"No Data",""))) -> Present | BG9: =IF(LEFT($BB9,2)="P-",$BB9,IF(LEFT($BC9,2)="P-",$BC9,IF(LEFT($BB9,2)="A-",$BB9,IF(LEFT($BC9,2)="A-",$BC9,IF($BB9="No Data",$BB9,IF($BC9="No Data",$BC9,"")))))) -> P-S1_Onsite | BH9: 10 | BI9: 15 | BJ9: 15 | BK9: 17 | BL9: 57 | BM9: 60 | BN9: Probability & Statistics | BO9: BDSDF114 | BP9: =CONCATENATE($C9,"-",$BO9) -> 2025EB1100006-BDSDF114 | BQ9: =COUNTIF($BH9:$BJ9,"A") & " " & "missed" -> 0 missed | BR9: =COUNTIF($BK9,"A") & " " & "missed" -> 0 missed | BS9: =3-COUNTIF($BH9:$BJ9,"A") -> 3 | BT9: =1-COUNTIF($BK9,"A") -> 1 | BU9: =$BS9/3 -> 1 | BV9: =$BT9/1 -> 1 | BW9: =COUNTIF($BH9:$BK9, "A") & " " &"missed" -> 0 missed | BX9: =4- COUNTIF(BH9:BK9, "A") -> 4 | BY9: =$BX9/4 -> 1 | BZ9: =CONCATENATE("Q-",$BS9," A-",$BT9," || Q Total-3, A Total-1") -> Q-3 A-1 || Q Total-3, A Total-1 | CA9: {=IFERROR(INDEX('Attendance-Slot-1'!$Q$2:$Q$1112,MATCH(1,('Attendance-Slot-1'!$A$2:$A$1112=$C9)*('Attendance-Slot-1'!$G$2:$G$1112=CA$2),0)),"No Data")} -> P-S1_Onsite | CB9: {=IFERROR(INDEX('Attendance-Slot-2'!$Q$2:$Q$2595,MATCH(1,('Attendance-Slot-2'!$A$2:$A$2595=$C9)*('Attendance-Slot-2'!$G$2:$G$2595=CA$2),0)),"No Data")} -> No Data | CC9: =VLOOKUP($BP9,'Written Exam Marks'!$H:$Q,10,FALSE) -> 19.5 | CD9: =VLOOKUP($BP9,'Written Exam Marks'!$H:$Q,9,FALSE) -> 40 | CE9: =IF(COUNTIF($CA9:$CB9,"P-*")>0,"Present", IF(COUNTIF($CA9:$CB9,"A-*")>0,"Absent", IF(COUNTIF($CA9:$CB9,"No Data")>0,"No Data",""))) -> Present | CF9: =IF(LEFT($CA9,2)="P-",$CA9,IF(LEFT($CB9,2)="P-",$CB9,IF(LEFT($CA9,2)="A-",$CA9,IF(LEFT($CB9,2)="A-",$CB9,IF($CA9="No Data",$CA9,IF($CB9="No Data",$CB9,"")))))) -> P-S1_Onsite | CG9: 4.5 | CH9: 4 | CI9: 7 | CJ9: 8 | CK9: A | CL9: A | CM9: 23.5 | CN9: 50 | CO9: Writing Practice | CP9: BDSDF112 | CQ9: =CONCATENATE($C9,"-",$CP9) -> 2025EB1100006-BDSDF112 | CR9: =COUNTIF($CG9:$CH9,"A") & " " & "missed" -> 0 missed | CS9: =COUNTIF($CI9:$CJ9,"A") & " " & "missed" -> 0 missed | CT9: =2-COUNTIF($CG9:$CH9,"A") -> 2 | CU9: =2-COUNTIF($CI9:$CJ9,"A") -> 2 | CV9: =$CT9/2 -> 1 | CW9: =$CU9/2 -> 1 | CX9: =COUNTIF($CG9:$CJ9, "A") & " " &"missed" -> 0 missed | CY9: =4- COUNTIF($CG9:$CJ9, "A") -> 4 | CZ9: =$CY9/4 -> 1 | DA9: =CONCATENATE("Q-",$CT9," A-",$CU9," || Q Total-2, A Total-2") -> Q-2 A-2 || Q Total-2, A Total-2 | DB9: {=IFERROR(INDEX('Attendance-Slot-1'!$Q$2:$Q$1112,MATCH(1,('Attendance-Slot-1'!$A$2:$A$1112=$C9)*('Attendance-Slot-1'!$G$2:$G$1112=DB$2),0)),"No Data")} -> P-S1_Onsite | DC9: {=IFERROR(INDEX('Attendance-Slot-2'!$Q$2:$Q$2595,MATCH(1,('Attendance-Slot-2'!$A$2:$A$2595=$C9)*('Attendance-Slot-2'!$G$2:$G$2595=DB$2),0)),"No Data")} -> No Data | DD9: =VLOOKUP($CQ9,'Written Exam Marks'!$H:$Q,10,FALSE) -> 30 | DE9: =VLOOKUP($CQ9,'Written Exam Marks'!$H:$Q,9,FALSE) -> 50 | DF9: =IF(COUNTIF($DB9:$DC9,"P-*")>0,"Present", IF(COUNTIF($DB9:$DC9,"A-*")>0,"Absent", IF(COUNTIF($DB9:$DC9,"No Data")>0,"No Data",""))) -> Present | DG9: =IF(LEFT($DB9,2)="P-",$DB9,IF(LEFT($DC9,2)="P-",$DC9,IF(LEFT($DB9,2)="A-",$DB9,IF(LEFT($DC9,2)="A-",$DC9,IF($DB9="No Data",$DB9,IF($DC9="No Data",$DC9,"")))))) -> P-S1_Onsite | DH9: 90 | DI9: 90 | DJ9: 100 | DK9: ="P-"&(COUNTIF($AB9,"P-*")+COUNTIF($BB9,"P-*")+COUNTIF($CA9,"P-*")+COUNTIF($DB9,"P-*"))&", A-"&(COUNTIF($AB9,"A-*")+COUNTIF($BB9,"A-*")+COUNTIF($CA9,"A-*")+COUNTIF($DB9,"A-*"))&", No Data-"&(COUNTIF($AB9,"No Data")+COUNTIF($BB9,"No Data")+COUNTIF($CA9,"No Data")+COUNTIF($DB9,"No Data")) -> P-4, A-0, No Data-0 | DL9: ="P-"&(COUNTIF($AC9,"P-*")+COUNTIF($BC9,"P-*")+COUNTIF($CB9,"P-*")+COUNTIF($DC9,"P-*"))&", A-"&(COUNTIF($AC9,"A-*")+COUNTIF($BC9,"A-*")+COUNTIF($CB9,"A-*")+COUNTIF($DC9,"A-*"))&", No Data-"&(COUNTIF($AC9,"No Data")+COUNTIF($BC9,"No Data")+COUNTIF($CB9,"No Data")+COUNTIF($DC9,"No Data")) -> P-0, A-0, No Data-4 | DM9: =IF(LEFT($AB9,2)="P-",$AB9, IF(LEFT($AC9,2)="P-",$AC9, IF(LEFT($AB9,2)="A-",$AB9, IF(LEFT($AC9,2)="A-",$AC9, IF($AB9="No Data",$AB9, IF($AC9="No Data",$AC9,"")))))) -> P-S1_Onsite | DN9: =IF(LEFT($DB9,2)="P-",$DB9, IF(LEFT($DC9,2)="P-",$DC9, IF(LEFT($DB9,2)="A-",$DB9, IF(LEFT($DC9,2)="A-",$DC9, IF($DB9="No Data",$DB9, IF($DC9="No Data",$DC9,"")))))) -> P-S1_Onsite | DO9: =IF(LEFT($BB9,2)="P-",$BB9, IF(LEFT($BC9,2)="P-",$BC9, IF(LEFT($BB9,2)="A-",$BB9, IF(LEFT($BC9,2)="A-",$BC9, IF($BB9="No Data",$BB9, IF($BC9="No Data",$BC9,"")))))) -> P-S1_Onsite | DP9: =IF(LEFT($CA9,2)="P-",$CA9, IF(LEFT($CB9,2)="P-",$CB9, IF(LEFT($CA9,2)="A-",$CA9, IF(LEFT($CB9,2)="A-",$CB9, IF($CA9="No Data",$CA9, IF($CB9="No Data",$CB9,"")))))) -> P-S1_Onsite | DQ9: ="P-"&COUNTIF($DM9:$DP9,"P-*")&", A-"&COUNTIF($DM9:$DP9,"A-*")&", No Data-"&COUNTIF($DM9:$DP9,"No Data") -> P-4, A-0, No Data-0 | DR9: =IF( AND( $AA9="Q-4 A-1 || Q Total-4, A Total-1", $BA9="Q-3 A-2 || Q Total-3, A Total-2", $BZ9="Q-3 A-1 || Q Total-3, A Total-1", $DA9="Q-2 A-2 || Q Total-2, A Total-2" ), 1, 0 ) -> 0 | DS9: Activated | DT9: Exam Given | DU9: 2025EB1100006
A10: 7 | B10: BS DS-AI | C10: 2025EB1100007 | D10: 2025eb1100007@bitspilani-digital.edu.in | E10: HARSHVARDHAN SINGH | F10: MALE | G10: `+91-8239528046 | H10: A | I10: A | J10: A | K10: A | L10: A | M10: 1.6 | N10: 60 | O10: Computer Programming | P10: BDSDF113 | Q10: =CONCATENATE($C10,"-",$P10) -> 2025EB1100007-BDSDF113 | R10: =COUNTIF($H10:$K10,"A") & " " & "missed" -> 4 missed | S10: =COUNTIF(L10,"A") & " " & "missed" -> 1 missed | T10: =4-COUNTIF($H10:$K10,"A") -> 0 | U10: =1-COUNTIF($L10,"A") -> 0 | V10: =$T10/4 -> 0 | W10: =$U10/1 -> 0 | X10: =COUNTIF($H10:$L10, "A") & " " &"missed" -> 5 missed | Y10: =5- COUNTIF($H10:$L10, "A") -> 0 | Z10: =$Y10/5 -> 0 | AA10: =CONCATENATE("Q-",$T10," A-",$U10," || Q Total-4, A Total-1") -> Q-0 A-0 || Q Total-4, A Total-1 | AB10: {=IFERROR(INDEX('Attendance-Slot-1'!$Q$2:$Q$1112,MATCH(1,('Attendance-Slot-1'!$A$2:$A$1112=$C10)*('Attendance-Slot-1'!$G$2:$G$1112=AB$2),0)),"No Data")} -> P-S1_Onsite | AC10: {=IFERROR(INDEX('Attendance-Slot-2'!$Q$2:$Q$2595,MATCH(1,('Attendance-Slot-2'!$A$2:$A$2595=$C10)*('Attendance-Slot-2'!$G$2:$G$2595=AB$2),0)),"No Data")} -> No Data | AD10: =VLOOKUP($Q10,'Written Exam Marks'!$H:$Q,10,FALSE) -> 8 | AE10: =VLOOKUP($Q10,'Written Exam Marks'!$H:$Q,9,FALSE) -> 40 | AF10: =IF(COUNTIF($AB10:$AC10,"P-*")>0,"Present", IF(COUNTIF($AB10:$AC10,"A-*")>0,"Absent", IF(COUNTIF($AB10:$AC10,"No Data")>0,"No Data",""))) -> Present | AG10: =IF(LEFT($AB10,2)="P-",$AB10,IF(LEFT($AC10,2)="P-",$AC10,IF(LEFT($AB10,2)="A-",$AB10,IF(LEFT($AC10,2)="A-",$AC10,IF($AB10="No Data",$AB10,IF($AC10="No Data",$AC10,"")))))) -> P-S1_Onsite | AH10: A | AI10: A | AJ10: A | AK10: A | AL10: A | AM10: 0 | AN10: 60 | AO10: Computer Systems | AP10: BDSDF108 | AQ10: =CONCATENATE($C10,"-",$AP10) -> 2025EB1100007-BDSDF108 | AR10: =COUNTIF($AJ10:$AL10,"A") & " " & "missed" -> 3 missed | AS10: =COUNTIF($AH10:$AI10,"A") & " " & "missed" -> 2 missed | AT10: =3-COUNTIF(AJ10:AL10,"A") -> 0 | AU10: =2-COUNTIF($AH10:$AI10,"A") -> 0 | AV10: =$AT10/3 -> 0 | AW10: =$AU10/2 -> 0 | AX10: =COUNTIF($AH10:$AL10, "A") & " " &"missed" -> 5 missed | AY10: =5- COUNTIF($AH10:$AL10, "A") -> 0 | AZ10: =$AY10/5 -> 0 | BA10: =CONCATENATE("Q-",$AT10," A-",$AU10," || Q Total-3, A Total-2") -> Q-0 A-0 || Q Total-3, A Total-2 | BB10: {=IFERROR(INDEX('Attendance-Slot-1'!$Q$2:$Q$1112,MATCH(1,('Attendance-Slot-1'!$A$2:$A$1112=$C10)*('Attendance-Slot-1'!$G$2:$G$1112=BB$2),0)),"No Data")} -> P-S1_Onsite | BC10: {=IFERROR(INDEX('Attendance-Slot-2'!$Q$2:$Q$2595,MATCH(1,('Attendance-Slot-2'!$A$2:$A$2595=$C10)*('Attendance-Slot-2'!$G$2:$G$2595=BB$2),0)),"No Data")} -> No Data | BD10: =VLOOKUP($AQ10,'Written Exam Marks'!$H:$Q,10,FALSE) -> 15.25 | BE10: =VLOOKUP($AQ10,'Written Exam Marks'!$H:$Q,9,FALSE) -> 40 | BF10: =IF(COUNTIF($BB10:$BC10,"P-*")>0,"Present", IF(COUNTIF($BB10:$BC10,"A-*")>0,"Absent", IF(COUNTIF($BB10:$BC10,"No Data")>0,"No Data",""))) -> Present | BG10: =IF(LEFT($BB10,2)="P-",$BB10,IF(LEFT($BC10,2)="P-",$BC10,IF(LEFT($BB10,2)="A-",$BB10,IF(LEFT($BC10,2)="A-",$BC10,IF($BB10="No Data",$BB10,IF($BC10="No Data",$BC10,"")))))) -> P-S1_Onsite | BH10: A | BI10: A | BJ10: A | BK10: A | BL10: 0 | BM10: 60 | BN10: Probability & Statistics | BO10: BDSDF114 | BP10: =CONCATENATE($C10,"-",$BO10) -> 2025EB1100007-BDSDF114 | BQ10: =COUNTIF($BH10:$BJ10,"A") & " " & "missed" -> 3 missed | BR10: =COUNTIF($BK10,"A") & " " & "missed" -> 1 missed | BS10: =3-COUNTIF($BH10:$BJ10,"A") -> 0 | BT10: =1-COUNTIF($BK10,"A") -> 0 | BU10: =$BS10/3 -> 0 | BV10: =$BT10/1 -> 0 | BW10: =COUNTIF($BH10:$BK10, "A") & " " &"missed" -> 4 missed | BX10: =4- COUNTIF(BH10:BK10, "A") -> 0 | BY10: =$BX10/4 -> 0 | BZ10: =CONCATENATE("Q-",$BS10," A-",$BT10," || Q Total-3, A Total-1") -> Q-0 A-0 || Q Total-3, A Total-1 | CA10: {=IFERROR(INDEX('Attendance-Slot-1'!$Q$2:$Q$1112,MATCH(1,('Attendance-Slot-1'!$A$2:$A$1112=$C10)*('Attendance-Slot-1'!$G$2:$G$1112=CA$2),0)),"No Data")} -> No Data | CB10: {=IFERROR(INDEX('Attendance-Slot-2'!$Q$2:$Q$2595,MATCH(1,('Attendance-Slot-2'!$A$2:$A$2595=$C10)*('Attendance-Slot-2'!$G$2:$G$2595=CA$2),0)),"No Data")} -> P-S2_Onsite | CC10: =VLOOKUP($BP10,'Written Exam Marks'!$H:$Q,10,FALSE) -> 8 | CD10: =VLOOKUP($BP10,'Written Exam Marks'!$H:$Q,9,FALSE) -> 40 | CE10: =IF(COUNTIF($CA10:$CB10,"P-*")>0,"Present", IF(COUNTIF($CA10:$CB10,"A-*")>0,"Absent", IF(COUNTIF($CA10:$CB10,"No Data")>0,"No Data",""))) -> Present | CF10: =IF(LEFT($CA10,2)="P-",$CA10,IF(LEFT($CB10,2)="P-",$CB10,IF(LEFT($CA10,2)="A-",$CA10,IF(LEFT($CB10,2)="A-",$CB10,IF($CA10="No Data",$CA10,IF($CB10="No Data",$CB10,"")))))) -> P-S2_Onsite | CG10: 4.5 | CH10: A | CI10: A | CJ10: A | CK10: A | CL10: A | CM10: 4.5 | CN10: 50 | CO10: Writing Practice | CP10: BDSDF112 | CQ10: =CONCATENATE($C10,"-",$CP10) -> 2025EB1100007-BDSDF112 | CR10: =COUNTIF($CG10:$CH10,"A") & " " & "missed" -> 1 missed | CS10: =COUNTIF($CI10:$CJ10,"A") & " " & "missed" -> 2 missed | CT10: =2-COUNTIF($CG10:$CH10,"A") -> 1 | CU10: =2-COUNTIF($CI10:$CJ10,"A") -> 0 | CV10: =$CT10/2 -> 0.5 | CW10: =$CU10/2 -> 0 | CX10: =COUNTIF($CG10:$CJ10, "A") & " " &"missed" -> 3 missed | CY10: =4- COUNTIF($CG10:$CJ10, "A") -> 1 | CZ10: =$CY10/4 -> 0.25 | DA10: =CONCATENATE("Q-",$CT10," A-",$CU10," || Q Total-2, A Total-2") -> Q-1 A-0 || Q Total-2, A Total-2 | DB10: {=IFERROR(INDEX('Attendance-Slot-1'!$Q$2:$Q$1112,MATCH(1,('Attendance-Slot-1'!$A$2:$A$1112=$C10)*('Attendance-Slot-1'!$G$2:$G$1112=DB$2),0)),"No Data")} -> No Data | DC10: {=IFERROR(INDEX('Attendance-Slot-2'!$Q$2:$Q$2595,MATCH(1,('Attendance-Slot-2'!$A$2:$A$2595=$C10)*('Attendance-Slot-2'!$G$2:$G$2595=DB$2),0)),"No Data")} -> P-S2_Onsite | DD10: =VLOOKUP($CQ10,'Written Exam Marks'!$H:$Q,10,FALSE) -> 25.5 | DE10: =VLOOKUP($CQ10,'Written Exam Marks'!$H:$Q,9,FALSE) -> 50 | DF10: =IF(COUNTIF($DB10:$DC10,"P-*")>0,"Present", IF(COUNTIF($DB10:$DC10,"A-*")>0,"Absent", IF(COUNTIF($DB10:$DC10,"No Data")>0,"No Data",""))) -> Present | DG10: =IF(LEFT($DB10,2)="P-",$DB10,IF(LEFT($DC10,2)="P-",$DC10,IF(LEFT($DB10,2)="A-",$DB10,IF(LEFT($DC10,2)="A-",$DC10,IF($DB10="No Data",$DB10,IF($DC10="No Data",$DC10,"")))))) -> P-S2_Onsite | DH10: A | DI10: 0 | DJ10: 100 | DK10: ="P-"&(COUNTIF($AB10,"P-*")+COUNTIF($BB10,"P-*")+COUNTIF($CA10,"P-*")+COUNTIF($DB10,"P-*"))&", A-"&(COUNTIF($AB10,"A-*")+COUNTIF($BB10,"A-*")+COUNTIF($CA10,"A-*")+COUNTIF($DB10,"A-*"))&", No Data-"&(COUNTIF($AB10,"No Data")+COUNTIF($BB10,"No Data")+COUNTIF($CA10,"No Data")+COUNTIF($DB10,"No Data")) -> P-2, A-0, No Data-2 | DL10: ="P-"&(COUNTIF($AC10,"P-*")+COUNTIF($BC10,"P-*")+COUNTIF($CB10,"P-*")+COUNTIF($DC10,"P-*"))&", A-"&(COUNTIF($AC10,"A-*")+COUNTIF($BC10,"A-*")+COUNTIF($CB10,"A-*")+COUNTIF($DC10,"A-*"))&", No Data-"&(COUNTIF($AC10,"No Data")+COUNTIF($BC10,"No Data")+COUNTIF($CB10,"No Data")+COUNTIF($DC10,"No Data")) -> P-2, A-0, No Data-2 | DM10: =IF(LEFT($AB10,2)="P-",$AB10, IF(LEFT($AC10,2)="P-",$AC10, IF(LEFT($AB10,2)="A-",$AB10, IF(LEFT($AC10,2)="A-",$AC10, IF($AB10="No Data",$AB10, IF($AC10="No Data",$AC10,"")))))) -> P-S1_Onsite | DN10: =IF(LEFT($DB10,2)="P-",$DB10, IF(LEFT($DC10,2)="P-",$DC10, IF(LEFT($DB10,2)="A-",$DB10, IF(LEFT($DC10,2)="A-",$DC10, IF($DB10="No Data",$DB10, IF($DC10="No Data",$DC10,"")))))) -> P-S2_Onsite | DO10: =IF(LEFT($BB10,2)="P-",$BB10, IF(LEFT($BC10,2)="P-",$BC10, IF(LEFT($BB10,2)="A-",$BB10, IF(LEFT($BC10,2)="A-",$BC10, IF($BB10="No Data",$BB10, IF($BC10="No Data",$BC10,"")))))) -> P-S1_Onsite | DP10: =IF(LEFT($CA10,2)="P-",$CA10, IF(LEFT($CB10,2)="P-",$CB10, IF(LEFT($CA10,2)="A-",$CA10, IF(LEFT($CB10,2)="A-",$CB10, IF($CA10="No Data",$CA10, IF($CB10="No Data",$CB10,"")))))) -> P-S2_Onsite | DQ10: ="P-"&COUNTIF($DM10:$DP10,"P-*")&", A-"&COUNTIF($DM10:$DP10,"A-*")&", No Data-"&COUNTIF($DM10:$DP10,"No Data") -> P-4, A-0, No Data-0 | DR10: =IF( AND( $AA10="Q-4 A-1 || Q Total-4, A Total-1", $BA10="Q-3 A-2 || Q Total-3, A Total-2", $BZ10="Q-3 A-1 || Q Total-3, A Total-1", $DA10="Q-2 A-2 || Q Total-2, A Total-2" ), 1, 0 ) -> 0 | DS10: Activated | DT10: Exam Given | DU10: 2025EB1100007
A11: 8 | B11: BS DS-AI | C11: 2025EB1100008 | D11: 2025eb1100008@bitspilani-digital.edu.in | E11: KALYANE VENKATESH NISHIKANT | F11: MALE | G11: `+91-9823075005 | H11: 7.2 | I11: 6.4 | J11: 6.4 | K11: 8 | L11: 28 | M11: 56 | N11: 60 | O11: Computer Programming | P11: BDSDF113 | Q11: =CONCATENATE($C11,"-",$P11) -> 2025EB1100008-BDSDF113 | R11: =COUNTIF($H11:$K11,"A") & " " & "missed" -> 0 missed | S11: =COUNTIF(L11,"A") & " " & "missed" -> 0 missed | T11: =4-COUNTIF($H11:$K11,"A") -> 4 | U11: =1-COUNTIF($L11,"A") -> 1 | V11: =$T11/4 -> 1 | W11: =$U11/1 -> 1 | X11: =COUNTIF($H11:$L11, "A") & " " &"missed" -> 0 missed | Y11: =5- COUNTIF($H11:$L11, "A") -> 5 | Z11: =$Y11/5 -> 1 | AA11: =CONCATENATE("Q-",$T11," A-",$U11," || Q Total-4, A Total-1") -> Q-4 A-1 || Q Total-4, A Total-1 | AB11: {=IFERROR(INDEX('Attendance-Slot-1'!$Q$2:$Q$1112,MATCH(1,('Attendance-Slot-1'!$A$2:$A$1112=$C11)*('Attendance-Slot-1'!$G$2:$G$1112=AB$2),0)),"No Data")} -> P-S1_Onsite | AC11: {=IFERROR(INDEX('Attendance-Slot-2'!$Q$2:$Q$2595,MATCH(1,('Attendance-Slot-2'!$A$2:$A$2595=$C11)*('Attendance-Slot-2'!$G$2:$G$2595=AB$2),0)),"No Data")} -> No Data | AD11: =VLOOKUP($Q11,'Written Exam Marks'!$H:$Q,10,FALSE) -> 15 | AE11: =VLOOKUP($Q11,'Written Exam Marks'!$H:$Q,9,FALSE) -> 40 | AF11: =IF(COUNTIF($AB11:$AC11,"P-*")>0,"Present", IF(COUNTIF($AB11:$AC11,"A-*")>0,"Absent", IF(COUNTIF($AB11:$AC11,"No Data")>0,"No Data",""))) -> Present | AG11: =IF(LEFT($AB11,2)="P-",$AB11,IF(LEFT($AC11,2)="P-",$AC11,IF(LEFT($AB11,2)="A-",$AB11,IF(LEFT($AC11,2)="A-",$AC11,IF($AB11="No Data",$AB11,IF($AC11="No Data",$AC11,"")))))) -> P-S1_Onsite | AH11: 11 | AI11: 14 | AJ11: A | AK11: 10 | AL11: 10 | AM11: 45 | AN11: 60 | AO11: Computer Systems | AP11: BDSDF108 | AQ11: =CONCATENATE($C11,"-",$AP11) -> 2025EB1100008-BDSDF108 | AR11: =COUNTIF($AJ11:$AL11,"A") & " " & "missed" -> 1 missed | AS11: =COUNTIF($AH11:$AI11,"A") & " " & "missed" -> 0 missed | AT11: =3-COUNTIF(AJ11:AL11,"A") -> 2 | AU11: =2-COUNTIF($AH11:$AI11,"A") -> 2 | AV11: =$AT11/3 -> 0.66666667 | AW11: =$AU11/2 -> 1 | AX11: =COUNTIF($AH11:$AL11, "A") & " " &"missed" -> 1 missed | AY11: =5- COUNTIF($AH11:$AL11, "A") -> 4 | AZ11: =$AY11/5 -> 0.8 | BA11: =CONCATENATE("Q-",$AT11," A-",$AU11," || Q Total-3, A Total-2") -> Q-2 A-2 || Q Total-3, A Total-2 | BB11: {=IFERROR(INDEX('Attendance-Slot-1'!$Q$2:$Q$1112,MATCH(1,('Attendance-Slot-1'!$A$2:$A$1112=$C11)*('Attendance-Slot-1'!$G$2:$G$1112=BB$2),0)),"No Data")} -> P-S1_Onsite | BC11: {=IFERROR(INDEX('Attendance-Slot-2'!$Q$2:$Q$2595,MATCH(1,('Attendance-Slot-2'!$A$2:$A$2595=$C11)*('Attendance-Slot-2'!$G$2:$G$2595=BB$2),0)),"No Data")} -> No Data | BD11: =VLOOKUP($AQ11,'Written Exam Marks'!$H:$Q,10,FALSE) -> 18.75 | BE11: =VLOOKUP($AQ11,'Written Exam Marks'!$H:$Q,9,FALSE) -> 40 | BF11: =IF(COUNTIF($BB11:$BC11,"P-*")>0,"Present", IF(COUNTIF($BB11:$BC11,"A-*")>0,"Absent", IF(COUNTIF($BB11:$BC11,"No Data")>0,"No Data",""))) -> Present | BG11: =IF(LEFT($BB11,2)="P-",$BB11,IF(LEFT($BC11,2)="P-",$BC11,IF(LEFT($BB11,2)="A-",$BB11,IF(LEFT($BC11,2)="A-",$BC11,IF($BB11="No Data",$BB11,IF($BC11="No Data",$BC11,"")))))) -> P-S1_Onsite | BH11: 10 | BI11: 15 | BJ11: 15 | BK11: 17 | BL11: 57 | BM11: 60 | BN11: Probability & Statistics | BO11: BDSDF114 | BP11: =CONCATENATE($C11,"-",$BO11) -> 2025EB1100008-BDSDF114 | BQ11: =COUNTIF($BH11:$BJ11,"A") & " " & "missed" -> 0 missed | BR11: =COUNTIF($BK11,"A") & " " & "missed" -> 0 missed | BS11: =3-COUNTIF($BH11:$BJ11,"A") -> 3 | BT11: =1-COUNTIF($BK11,"A") -> 1 | BU11: =$BS11/3 -> 1 | BV11: =$BT11/1 -> 1 | BW11: =COUNTIF($BH11:$BK11, "A") & " " &"missed" -> 0 missed | BX11: =4- COUNTIF(BH11:BK11, "A") -> 4 | BY11: =$BX11/4 -> 1 | BZ11: =CONCATENATE("Q-",$BS11," A-",$BT11," || Q Total-3, A Total-1") -> Q-3 A-1 || Q Total-3, A Total-1 | CA11: {=IFERROR(INDEX('Attendance-Slot-1'!$Q$2:$Q$1112,MATCH(1,('Attendance-Slot-1'!$A$2:$A$1112=$C11)*('Attendance-Slot-1'!$G$2:$G$1112=CA$2),0)),"No Data")} -> P-S1_Onsite | CB11: {=IFERROR(INDEX('Attendance-Slot-2'!$Q$2:$Q$2595,MATCH(1,('Attendance-Slot-2'!$A$2:$A$2595=$C11)*('Attendance-Slot-2'!$G$2:$G$2595=CA$2),0)),"No Data")} -> No Data | CC11: =VLOOKUP($BP11,'Written Exam Marks'!$H:$Q,10,FALSE) -> 2.25 | CD11: =VLOOKUP($BP11,'Written Exam Marks'!$H:$Q,9,FALSE) -> 40 | CE11: =IF(COUNTIF($CA11:$CB11,"P-*")>0,"Present", IF(COUNTIF($CA11:$CB11,"A-*")>0,"Absent", IF(COUNTIF($CA11:$CB11,"No Data")>0,"No Data",""))) -> Present | CF11: =IF(LEFT($CA11,2)="P-",$CA11,IF(LEFT($CB11,2)="P-",$CB11,IF(LEFT($CA11,2)="A-",$CA11,IF(LEFT($CB11,2)="A-",$CB11,IF($CA11="No Data",$CA11,IF($CB11="No Data",$CB11,"")))))) -> P-S1_Onsite | CG11: 4 | CH11: 5 | CI11: 9 | CJ11: 7 | CK11: A | CL11: A | CM11: 25 | CN11: 50 | CO11: Writing Practice | CP11: BDSDF112 | CQ11: =CONCATENATE($C11,"-",$CP11) -> 2025EB1100008-BDSDF112 | CR11: =COUNTIF($CG11:$CH11,"A") & " " & "missed" -> 0 missed | CS11: =COUNTIF($CI11:$CJ11,"A") & " " & "missed" -> 0 missed | CT11: =2-COUNTIF($CG11:$CH11,"A") -> 2 | CU11: =2-COUNTIF($CI11:$CJ11,"A") -> 2 | CV11: =$CT11/2 -> 1 | CW11: =$CU11/2 -> 1 | CX11: =COUNTIF($CG11:$CJ11, "A") & " " &"missed" -> 0 missed | CY11: =4- COUNTIF($CG11:$CJ11, "A") -> 4 | CZ11: =$CY11/4 -> 1 | DA11: =CONCATENATE("Q-",$CT11," A-",$CU11," || Q Total-2, A Total-2") -> Q-2 A-2 || Q Total-2, A Total-2 | DB11: {=IFERROR(INDEX('Attendance-Slot-1'!$Q$2:$Q$1112,MATCH(1,('Attendance-Slot-1'!$A$2:$A$1112=$C11)*('Attendance-Slot-1'!$G$2:$G$1112=DB$2),0)),"No Data")} -> P-S1_Onsite | DC11: {=IFERROR(INDEX('Attendance-Slot-2'!$Q$2:$Q$2595,MATCH(1,('Attendance-Slot-2'!$A$2:$A$2595=$C11)*('Attendance-Slot-2'!$G$2:$G$2595=DB$2),0)),"No Data")} -> No Data | DD11: =VLOOKUP($CQ11,'Written Exam Marks'!$H:$Q,10,FALSE) -> 19.5 | DE11: =VLOOKUP($CQ11,'Written Exam Marks'!$H:$Q,9,FALSE) -> 50 | DF11: =IF(COUNTIF($DB11:$DC11,"P-*")>0,"Present", IF(COUNTIF($DB11:$DC11,"A-*")>0,"Absent", IF(COUNTIF($DB11:$DC11,"No Data")>0,"No Data",""))) -> Present | DG11: =IF(LEFT($DB11,2)="P-",$DB11,IF(LEFT($DC11,2)="P-",$DC11,IF(LEFT($DB11,2)="A-",$DB11,IF(LEFT($DC11,2)="A-",$DC11,IF($DB11="No Data",$DB11,IF($DC11="No Data",$DC11,"")))))) -> P-S1_Onsite | DH11: 90 | DI11: 90 | DJ11: 100 | DK11: ="P-"&(COUNTIF($AB11,"P-*")+COUNTIF($BB11,"P-*")+COUNTIF($CA11,"P-*")+COUNTIF($DB11,"P-*"))&", A-"&(COUNTIF($AB11,"A-*")+COUNTIF($BB11,"A-*")+COUNTIF($CA11,"A-*")+COUNTIF($DB11,"A-*"))&", No Data-"&(COUNTIF($AB11,"No Data")+COUNTIF($BB11,"No Data")+COUNTIF($CA11,"No Data")+COUNTIF($DB11,"No Data")) -> P-4, A-0, No Data-0 | DL11: ="P-"&(COUNTIF($AC11,"P-*")+COUNTIF($BC11,"P-*")+COUNTIF($CB11,"P-*")+COUNTIF($DC11,"P-*"))&", A-"&(COUNTIF($AC11,"A-*")+COUNTIF($BC11,"A-*")+COUNTIF($CB11,"A-*")+COUNTIF($DC11,"A-*"))&", No Data-"&(COUNTIF($AC11,"No Data")+COUNTIF($BC11,"No Data")+COUNTIF($CB11,"No Data")+COUNTIF($DC11,"No Data")) -> P-0, A-0, No Data-4 | DM11: =IF(LEFT($AB11,2)="P-",$AB11, IF(LEFT($AC11,2)="P-",$AC11, IF(LEFT($AB11,2)="A-",$AB11, IF(LEFT($AC11,2)="A-",$AC11, IF($AB11="No Data",$AB11, IF($AC11="No Data",$AC11,"")))))) -> P-S1_Onsite | DN11: =IF(LEFT($DB11,2)="P-",$DB11, IF(LEFT($DC11,2)="P-",$DC11, IF(LEFT($DB11,2)="A-",$DB11, IF(LEFT($DC11,2)="A-",$DC11, IF($DB11="No Data",$DB11, IF($DC11="No Data",$DC11,"")))))) -> P-S1_Onsite | DO11: =IF(LEFT($BB11,2)="P-",$BB11, IF(LEFT($BC11,2)="P-",$BC11, IF(LEFT($BB11,2)="A-",$BB11, IF(LEFT($BC11,2)="A-",$BC11, IF($BB11="No Data",$BB11, IF($BC11="No Data",$BC11,"")))))) -> P-S1_Onsite | DP11: =IF(LEFT($CA11,2)="P-",$CA11, IF(LEFT($CB11,2)="P-",$CB11, IF(LEFT($CA11,2)="A-",$CA11, IF(LEFT($CB11,2)="A-",$CB11, IF($CA11="No Data",$CA11, IF($CB11="No Data",$CB11,"")))))) -> P-S1_Onsite | DQ11: ="P-"&COUNTIF($DM11:$DP11,"P-*")&", A-"&COUNTIF($DM11:$DP11,"A-*")&", No Data-"&COUNTIF($DM11:$DP11,"No Data") -> P-4, A-0, No Data-0 | DR11: =IF( AND( $AA11="Q-4 A-1 || Q Total-4, A Total-1", $BA11="Q-3 A-2 || Q Total-3, A Total-2", $BZ11="Q-3 A-1 || Q Total-3, A Total-1", $DA11="Q-2 A-2 || Q Total-2, A Total-2" ), 1, 0 ) -> 0 | DS11: Activated | DT11: Exam Given | DU11: 2025EB1100008
A12: 9 | B12: BS DS-AI | C12: 2025EB1100009 | D12: 2025eb1100009@bitspilani-digital.edu.in | E12: ALI ZAFAR RIZVI | F12: MALE | G12: `+91-8090303594 | H12: 2.4 | I12: A | J12: A | K12: A | L12: A | M12: 2.4 | N12: 60 | O12: Computer Programming | P12: BDSDF113 | Q12: =CONCATENATE($C12,"-",$P12) -> 2025EB1100009-BDSDF113 | R12: =COUNTIF($H12:$K12,"A") & " " & "missed" -> 3 missed | S12: =COUNTIF(L12,"A") & " " & "missed" -> 1 missed | T12: =4-COUNTIF($H12:$K12,"A") -> 1 | U12: =1-COUNTIF($L12,"A") -> 0 | V12: =$T12/4 -> 0.25 | W12: =$U12/1 -> 0 | X12: =COUNTIF($H12:$L12, "A") & " " &"missed" -> 4 missed | Y12: =5- COUNTIF($H12:$L12, "A") -> 1 | Z12: =$Y12/5 -> 0.2 | AA12: =CONCATENATE("Q-",$T12," A-",$U12," || Q Total-4, A Total-1") -> Q-1 A-0 || Q Total-4, A Total-1 | AB12: {=IFERROR(INDEX('Attendance-Slot-1'!$Q$2:$Q$1112,MATCH(1,('Attendance-Slot-1'!$A$2:$A$1112=$C12)*('Attendance-Slot-1'!$G$2:$G$1112=AB$2),0)),"No Data")} -> No Data | AC12: {=IFERROR(INDEX('Attendance-Slot-2'!$Q$2:$Q$2595,MATCH(1,('Attendance-Slot-2'!$A$2:$A$2595=$C12)*('Attendance-Slot-2'!$G$2:$G$2595=AB$2),0)),"No Data")} -> P-S2_Onsite | AD12: =VLOOKUP($Q12,'Written Exam Marks'!$H:$Q,10,FALSE) -> 0 | AE12: =VLOOKUP($Q12,'Written Exam Marks'!$H:$Q,9,FALSE) -> 40 | AF12: =IF(COUNTIF($AB12:$AC12,"P-*")>0,"Present", IF(COUNTIF($AB12:$AC12,"A-*")>0,"Absent", IF(COUNTIF($AB12:$AC12,"No Data")>0,"No Data",""))) -> Present | AG12: =IF(LEFT($AB12,2)="P-",$AB12,IF(LEFT($AC12,2)="P-",$AC12,IF(LEFT($AB12,2)="A-",$AB12,IF(LEFT($AC12,2)="A-",$AC12,IF($AB12="No Data",$AB12,IF($AC12="No Data",$AC12,"")))))) -> P-S2_Onsite | AH12: A | AI12: A | AJ12: A | AK12: A | AL12: A | AM12: 0 | AN12: 60 | AO12: Computer Systems | AP12: BDSDF108 | AQ12: =CONCATENATE($C12,"-",$AP12) -> 2025EB1100009-BDSDF108 | AR12: =COUNTIF($AJ12:$AL12,"A") & " " & "missed" -> 3 missed | AS12: =COUNTIF($AH12:$AI12,"A") & " " & "missed" -> 2 missed | AT12: =3-COUNTIF(AJ12:AL12,"A") -> 0 | AU12: =2-COUNTIF($AH12:$AI12,"A") -> 0 | AV12: =$AT12/3 -> 0 | AW12: =$AU12/2 -> 0 | AX12: =COUNTIF($AH12:$AL12, "A") & " " &"missed" -> 5 missed | AY12: =5- COUNTIF($AH12:$AL12, "A") -> 0 | AZ12: =$AY12/5 -> 0 | BA12: =CONCATENATE("Q-",$AT12," A-",$AU12," || Q Total-3, A Total-2") -> Q-0 A-0 || Q Total-3, A Total-2 | BB12: {=IFERROR(INDEX('Attendance-Slot-1'!$Q$2:$Q$1112,MATCH(1,('Attendance-Slot-1'!$A$2:$A$1112=$C12)*('Attendance-Slot-1'!$G$2:$G$1112=BB$2),0)),"No Data")} -> No Data | BC12: {=IFERROR(INDEX('Attendance-Slot-2'!$Q$2:$Q$2595,MATCH(1,('Attendance-Slot-2'!$A$2:$A$2595=$C12)*('Attendance-Slot-2'!$G$2:$G$2595=BB$2),0)),"No Data")} -> P-S2_Onsite | BD12: =VLOOKUP($AQ12,'Written Exam Marks'!$H:$Q,10,FALSE) -> 0 | BE12: =VLOOKUP($AQ12,'Written Exam Marks'!$H:$Q,9,FALSE) -> 40 | BF12: =IF(COUNTIF($BB12:$BC12,"P-*")>0,"Present", IF(COUNTIF($BB12:$BC12,"A-*")>0,"Absent", IF(COUNTIF($BB12:$BC12,"No Data")>0,"No Data",""))) -> Present | BG12: =IF(LEFT($BB12,2)="P-",$BB12,IF(LEFT($BC12,2)="P-",$BC12,IF(LEFT($BB12,2)="A-",$BB12,IF(LEFT($BC12,2)="A-",$BC12,IF($BB12="No Data",$BB12,IF($BC12="No Data",$BC12,"")))))) -> P-S2_Onsite | BH12: 3 | BI12: A | BJ12: A | BK12: A | BL12: 3 | BM12: 60 | BN12: Probability & Statistics | BO12: BDSDF114 | BP12: =CONCATENATE($C12,"-",$BO12) -> 2025EB1100009-BDSDF114 | BQ12: =COUNTIF($BH12:$BJ12,"A") & " " & "missed" -> 2 missed | BR12: =COUNTIF($BK12,"A") & " " & "missed" -> 1 missed | BS12: =3-COUNTIF($BH12:$BJ12,"A") -> 1 | BT12: =1-COUNTIF($BK12,"A") -> 0 | BU12: =$BS12/3 -> 0.33333333 | BV12: =$BT12/1 -> 0 | BW12: =COUNTIF($BH12:$BK12, "A") & " " &"missed" -> 3 missed | BX12: =4- COUNTIF(BH12:BK12, "A") -> 1 | BY12: =$BX12/4 -> 0.25 | BZ12: =CONCATENATE("Q-",$BS12," A-",$BT12," || Q Total-3, A Total-1") -> Q-1 A-0 || Q Total-3, A Total-1 | CA12: {=IFERROR(INDEX('Attendance-Slot-1'!$Q$2:$Q$1112,MATCH(1,('Attendance-Slot-1'!$A$2:$A$1112=$C12)*('Attendance-Slot-1'!$G$2:$G$1112=CA$2),0)),"No Data")} -> No Data | CB12: {=IFERROR(INDEX('Attendance-Slot-2'!$Q$2:$Q$2595,MATCH(1,('Attendance-Slot-2'!$A$2:$A$2595=$C12)*('Attendance-Slot-2'!$G$2:$G$2595=CA$2),0)),"No Data")} -> P-S2_Onsite | CC12: =VLOOKUP($BP12,'Written Exam Marks'!$H:$Q,10,FALSE) -> 4.5 | CD12: =VLOOKUP($BP12,'Written Exam Marks'!$H:$Q,9,FALSE) -> 40 | CE12: =IF(COUNTIF($CA12:$CB12,"P-*")>0,"Present", IF(COUNTIF($CA12:$CB12,"A-*")>0,"Absent", IF(COUNTIF($CA12:$CB12,"No Data")>0,"No Data",""))) -> Present | CF12: =IF(LEFT($CA12,2)="P-",$CA12,IF(LEFT($CB12,2)="P-",$CB12,IF(LEFT($CA12,2)="A-",$CA12,IF(LEFT($CB12,2)="A-",$CB12,IF($CA12="No Data",$CA12,IF($CB12="No Data",$CB12,"")))))) -> P-S2_Onsite | CG12: 1.5 | CH12: A | CI12: A | CJ12: A | CK12: A | CL12: A | CM12: 1.5 | CN12: 50 | CO12: Writing Practice | CP12: BDSDF112 | CQ12: =CONCATENATE($C12,"-",$CP12) -> 2025EB1100009-BDSDF112 | CR12: =COUNTIF($CG12:$CH12,"A") & " " & "missed" -> 1 missed | CS12: =COUNTIF($CI12:$CJ12,"A") & " " & "missed" -> 2 missed | CT12: =2-COUNTIF($CG12:$CH12,"A") -> 1 | CU12: =2-COUNTIF($CI12:$CJ12,"A") -> 0 | CV12: =$CT12/2 -> 0.5 | CW12: =$CU12/2 -> 0 | CX12: =COUNTIF($CG12:$CJ12, "A") & " " &"missed" -> 3 missed | CY12: =4- COUNTIF($CG12:$CJ12, "A") -> 1 | CZ12: =$CY12/4 -> 0.25 | DA12: =CONCATENATE("Q-",$CT12," A-",$CU12," || Q Total-2, A Total-2") -> Q-1 A-0 || Q Total-2, A Total-2 | DB12: {=IFERROR(INDEX('Attendance-Slot-1'!$Q$2:$Q$1112,MATCH(1,('Attendance-Slot-1'!$A$2:$A$1112=$C12)*('Attendance-Slot-1'!$G$2:$G$1112=DB$2),0)),"No Data")} -> A-S1_Onsite | DC12: {=IFERROR(INDEX('Attendance-Slot-2'!$Q$2:$Q$2595,MATCH(1,('Attendance-Slot-2'!$A$2:$A$2595=$C12)*('Attendance-Slot-2'!$G$2:$G$2595=DB$2),0)),"No Data")} -> A-S2_Onsite | DD12: =VLOOKUP($CQ12,'Written Exam Marks'!$H:$Q,10,FALSE) -> #N/A | DE12: =VLOOKUP($CQ12,'Written Exam Marks'!$H:$Q,9,FALSE) -> #N/A | DF12: =IF(COUNTIF($DB12:$DC12,"P-*")>0,"Present", IF(COUNTIF($DB12:$DC12,"A-*")>0,"Absent", IF(COUNTIF($DB12:$DC12,"No Data")>0,"No Data",""))) -> Absent | DG12: =IF(LEFT($DB12,2)="P-",$DB12,IF(LEFT($DC12,2)="P-",$DC12,IF(LEFT($DB12,2)="A-",$DB12,IF(LEFT($DC12,2)="A-",$DC12,IF($DB12="No Data",$DB12,IF($DC12="No Data",$DC12,"")))))) -> A-S1_Onsite | DH12: A | DI12: 0 | DJ12: 100 | DK12: ="P-"&(COUNTIF($AB12,"P-*")+COUNTIF($BB12,"P-*")+COUNTIF($CA12,"P-*")+COUNTIF($DB12,"P-*"))&", A-"&(COUNTIF($AB12,"A-*")+COUNTIF($BB12,"A-*")+COUNTIF($CA12,"A-*")+COUNTIF($DB12,"A-*"))&", No Data-"&(COUNTIF($AB12,"No Data")+COUNTIF($BB12,"No Data")+COUNTIF($CA12,"No Data")+COUNTIF($DB12,"No Data")) -> P-0, A-1, No Data-3 | DL12: ="P-"&(COUNTIF($AC12,"P-*")+COUNTIF($BC12,"P-*")+COUNTIF($CB12,"P-*")+COUNTIF($DC12,"P-*"))&", A-"&(COUNTIF($AC12,"A-*")+COUNTIF($BC12,"A-*")+COUNTIF($CB12,"A-*")+COUNTIF($DC12,"A-*"))&", No Data-"&(COUNTIF($AC12,"No Data")+COUNTIF($BC12,"No Data")+COUNTIF($CB12,"No Data")+COUNTIF($DC12,"No Data")) -> P-3, A-1, No Data-0 | DM12: =IF(LEFT($AB12,2)="P-",$AB12, IF(LEFT($AC12,2)="P-",$AC12, IF(LEFT($AB12,2)="A-",$AB12, IF(LEFT($AC12,2)="A-",$AC12, IF($AB12="No Data",$AB12, IF($AC12="No Data",$AC12,"")))))) -> P-S2_Onsite | DN12: =IF(LEFT($DB12,2)="P-",$DB12, IF(LEFT($DC12,2)="P-",$DC12, IF(LEFT($DB12,2)="A-",$DB12, IF(LEFT($DC12,2)="A-",$DC12, IF($DB12="No Data",$DB12, IF($DC12="No Data",$DC12,"")))))) -> A-S1_Onsite | DO12: =IF(LEFT($BB12,2)="P-",$BB12, IF(LEFT($BC12,2)="P-",$BC12, IF(LEFT($BB12,2)="A-",$BB12, IF(LEFT($BC12,2)="A-",$BC12, IF($BB12="No Data",$BB12, IF($BC12="No Data",$BC12,"")))))) -> P-S2_Onsite | DP12: =IF(LEFT($CA12,2)="P-",$CA12, IF(LEFT($CB12,2)="P-",$CB12, IF(LEFT($CA12,2)="A-",$CA12, IF(LEFT($CB12,2)="A-",$CB12, IF($CA12="No Data",$CA12, IF($CB12="No Data",$CB12,"")))))) -> P-S2_Onsite | DQ12: ="P-"&COUNTIF($DM12:$DP12,"P-*")&", A-"&COUNTIF($DM12:$DP12,"A-*")&", No Data-"&COUNTIF($DM12:$DP12,"No Data") -> P-3, A-1, No Data-0 | DR12: =IF( AND( $AA12="Q-4 A-1 || Q Total-4, A Total-1", $BA12="Q-3 A-2 || Q Total-3, A Total-2", $BZ12="Q-3 A-1 || Q Total-3, A Total-1", $DA12="Q-2 A-2 || Q Total-2, A Total-2" ), 1, 0 ) -> 0 | DS12: Activated | DT12: Exam Given | DU12: 2025EB1100009
A13: 10 | B13: BS DS-AI | C13: 2025EB1100010 | D13: 2025eb1100010@bitspilani-digital.edu.in | E13: HARSHITA JAIN | F13: FEMALE | G13: `+91-7217779852 | H13: 8 | I13: 6.4 | J13: 7.2 | K13: 8 | L13: 28 | M13: 57.6 | N13: 60 | O13: Computer Programming | P13: BDSDF113 | Q13: =CONCATENATE($C13,"-",$P13) -> 2025EB1100010-BDSDF113 | R13: =COUNTIF($H13:$K13,"A") & " " & "missed" -> 0 missed | S13: =COUNTIF(L13,"A") & " " & "missed" -> 0 missed | T13: =4-COUNTIF($H13:$K13,"A") -> 4 | U13: =1-COUNTIF($L13,"A") -> 1 | V13: =$T13/4 -> 1 | W13: =$U13/1 -> 1 | X13: =COUNTIF($H13:$L13, "A") & " " &"missed" -> 0 missed | Y13: =5- COUNTIF($H13:$L13, "A") -> 5 | Z13: =$Y13/5 -> 1 | AA13: =CONCATENATE("Q-",$T13," A-",$U13," || Q Total-4, A Total-1") -> Q-4 A-1 || Q Total-4, A Total-1 | AB13: {=IFERROR(INDEX('Attendance-Slot-1'!$Q$2:$Q$1112,MATCH(1,('Attendance-Slot-1'!$A$2:$A$1112=$C13)*('Attendance-Slot-1'!$G$2:$G$1112=AB$2),0)),"No Data")} -> No Data | AC13: {=IFERROR(INDEX('Attendance-Slot-2'!$Q$2:$Q$2595,MATCH(1,('Attendance-Slot-2'!$A$2:$A$2595=$C13)*('Attendance-Slot-2'!$G$2:$G$2595=AB$2),0)),"No Data")} -> P-S2_Onsite | AD13: =VLOOKUP($Q13,'Written Exam Marks'!$H:$Q,10,FALSE) -> 28 | AE13: =VLOOKUP($Q13,'Written Exam Marks'!$H:$Q,9,FALSE) -> 40 | AF13: =IF(COUNTIF($AB13:$AC13,"P-*")>0,"Present", IF(COUNTIF($AB13:$AC13,"A-*")>0,"Absent", IF(COUNTIF($AB13:$AC13,"No Data")>0,"No Data",""))) -> Present | AG13: =IF(LEFT($AB13,2)="P-",$AB13,IF(LEFT($AC13,2)="P-",$AC13,IF(LEFT($AB13,2)="A-",$AB13,IF(LEFT($AC13,2)="A-",$AC13,IF($AB13="No Data",$AB13,IF($AC13="No Data",$AC13,"")))))) -> P-S2_Onsite | AH13: 14 | AI13: 11 | AJ13: 9.3333333 | AK13: 10 | AL13: 9 | AM13: 53.333333 | AN13: 60 | AO13: Computer Systems | AP13: BDSDF108 | AQ13: =CONCATENATE($C13,"-",$AP13) -> 2025EB1100010-BDSDF108 | AR13: =COUNTIF($AJ13:$AL13,"A") & " " & "missed" -> 0 missed | AS13: =COUNTIF($AH13:$AI13,"A") & " " & "missed" -> 0 missed | AT13: =3-COUNTIF(AJ13:AL13,"A") -> 3 | AU13: =2-COUNTIF($AH13:$AI13,"A") -> 2 | AV13: =$AT13/3 -> 1 | AW13: =$AU13/2 -> 1 | AX13: =COUNTIF($AH13:$AL13, "A") & " " &"missed" -> 0 missed | AY13: =5- COUNTIF($AH13:$AL13, "A") -> 5 | AZ13: =$AY13/5 -> 1 | BA13: =CONCATENATE("Q-",$AT13," A-",$AU13," || Q Total-3, A Total-2") -> Q-3 A-2 || Q Total-3, A Total-2 | BB13: {=IFERROR(INDEX('Attendance-Slot-1'!$Q$2:$Q$1112,MATCH(1,('Attendance-Slot-1'!$A$2:$A$1112=$C13)*('Attendance-Slot-1'!$G$2:$G$1112=BB$2),0)),"No Data")} -> No Data | BC13: {=IFERROR(INDEX('Attendance-Slot-2'!$Q$2:$Q$2595,MATCH(1,('Attendance-Slot-2'!$A$2:$A$2595=$C13)*('Attendance-Slot-2'!$G$2:$G$2595=BB$2),0)),"No Data")} -> P-S2_Onsite | BD13: =VLOOKUP($AQ13,'Written Exam Marks'!$H:$Q,10,FALSE) -> 11.5 | BE13: =VLOOKUP($AQ13,'Written Exam Marks'!$H:$Q,9,FALSE) -> 40 | BF13: =IF(COUNTIF($BB13:$BC13,"P-*")>0,"Present", IF(COUNTIF($BB13:$BC13,"A-*")>0,"Absent", IF(COUNTIF($BB13:$BC13,"No Data")>0,"No Data",""))) -> Present | BG13: =IF(LEFT($BB13,2)="P-",$BB13,IF(LEFT($BC13,2)="P-",$BC13,IF(LEFT($BB13,2)="A-",$BB13,IF(LEFT($BC13,2)="A-",$BC13,IF($BB13="No Data",$BB13,IF($BC13="No Data",$BC13,"")))))) -> P-S2_Onsite | BH13: 10 | BI13: 15 | BJ13: 15 | BK13: 19.5 | BL13: 59.5 | BM13: 60 | BN13: Probability & Statistics | BO13: BDSDF114 | BP13: =CONCATENATE($C13,"-",$BO13) -> 2025EB1100010-BDSDF114 | BQ13: =COUNTIF($BH13:$BJ13,"A") & " " & "missed" -> 0 missed | BR13: =COUNTIF($BK13,"A") & " " & "missed" -> 0 missed | BS13: =3-COUNTIF($BH13:$BJ13,"A") -> 3 | BT13: =1-COUNTIF($BK13,"A") -> 1 | BU13: =$BS13/3 -> 1 | BV13: =$BT13/1 -> 1 | BW13: =COUNTIF($BH13:$BK13, "A") & " " &"missed" -> 0 missed | BX13: =4- COUNTIF(BH13:BK13, "A") -> 4 | BY13: =$BX13/4 -> 1 | BZ13: =CONCATENATE("Q-",$BS13," A-",$BT13," || Q Total-3, A Total-1") -> Q-3 A-1 || Q Total-3, A Total-1 | CA13: {=IFERROR(INDEX('Attendance-Slot-1'!$Q$2:$Q$1112,MATCH(1,('Attendance-Slot-1'!$A$2:$A$1112=$C13)*('Attendance-Slot-1'!$G$2:$G$1112=CA$2),0)),"No Data")} -> No Data | CB13: {=IFERROR(INDEX('Attendance-Slot-2'!$Q$2:$Q$2595,MATCH(1,('Attendance-Slot-2'!$A$2:$A$2595=$C13)*('Attendance-Slot-2'!$G$2:$G$2595=CA$2),0)),"No Data")} -> P-S2_Onsite | CC13: =VLOOKUP($BP13,'Written Exam Marks'!$H:$Q,10,FALSE) -> 11.5 | CD13: =VLOOKUP($BP13,'Written Exam Marks'!$H:$Q,9,FALSE) -> 40 | CE13: =IF(COUNTIF($CA13:$CB13,"P-*")>0,"Present", IF(COUNTIF($CA13:$CB13,"A-*")>0,"Absent", IF(COUNTIF($CA13:$CB13,"No Data")>0,"No Data",""))) -> Present | CF13: =IF(LEFT($CA13,2)="P-",$CA13,IF(LEFT($CB13,2)="P-",$CB13,IF(LEFT($CA13,2)="A-",$CA13,IF(LEFT($CB13,2)="A-",$CB13,IF($CA13="No Data",$CA13,IF($CB13="No Data",$CB13,"")))))) -> P-S2_Onsite | CG13: 3.5 | CH13: 4.5 | CI13: 9.5 | CJ13: 7 | CK13: 10 | CL13: 10 | CM13: 44.5 | CN13: 50 | CO13: Writing Practice | CP13: BDSDF112 | CQ13: =CONCATENATE($C13,"-",$CP13) -> 2025EB1100010-BDSDF112 | CR13: =COUNTIF($CG13:$CH13,"A") & " " & "missed" -> 0 missed | CS13: =COUNTIF($CI13:$CJ13,"A") & " " & "missed" -> 0 missed | CT13: =2-COUNTIF($CG13:$CH13,"A") -> 2 | CU13: =2-COUNTIF($CI13:$CJ13,"A") -> 2 | CV13: =$CT13/2 -> 1 | CW13: =$CU13/2 -> 1 | CX13: =COUNTIF($CG13:$CJ13, "A") & " " &"missed" -> 0 missed | CY13: =4- COUNTIF($CG13:$CJ13, "A") -> 4 | CZ13: =$CY13/4 -> 1 | DA13: =CONCATENATE("Q-",$CT13," A-",$CU13," || Q Total-2, A Total-2") -> Q-2 A-2 || Q Total-2, A Total-2 | DB13: {=IFERROR(INDEX('Attendance-Slot-1'!$Q$2:$Q$1112,MATCH(1,('Attendance-Slot-1'!$A$2:$A$1112=$C13)*('Attendance-Slot-1'!$G$2:$G$1112=DB$2),0)),"No Data")} -> No Data | DC13: {=IFERROR(INDEX('Attendance-Slot-2'!$Q$2:$Q$2595,MATCH(1,('Attendance-Slot-2'!$A$2:$A$2595=$C13)*('Attendance-Slot-2'!$G$2:$G$2595=DB$2),0)),"No Data")} -> P-S2_Onsite | DD13: =VLOOKUP($CQ13,'Written Exam Marks'!$H:$Q,10,FALSE) -> 28.5 | DE13: =VLOOKUP($CQ13,'Written Exam Marks'!$H:$Q,9,FALSE) -> 50 | DF13: =IF(COUNTIF($DB13:$DC13,"P-*")>0,"Present", IF(COUNTIF($DB13:$DC13,"A-*")>0,"Absent", IF(COUNTIF($DB13:$DC13,"No Data")>0,"No Data",""))) -> Present | DG13: =IF(LEFT($DB13,2)="P-",$DB13,IF(LEFT($DC13,2)="P-",$DC13,IF(LEFT($DB13,2)="A-",$DB13,IF(LEFT($DC13,2)="A-",$DC13,IF($DB13="No Data",$DB13,IF($DC13="No Data",$DC13,"")))))) -> P-S2_Onsite | DH13: 95 | DI13: 95 | DJ13: 100 | DK13: ="P-"&(COUNTIF($AB13,"P-*")+COUNTIF($BB13,"P-*")+COUNTIF($CA13,"P-*")+COUNTIF($DB13,"P-*"))&", A-"&(COUNTIF($AB13,"A-*")+COUNTIF($BB13,"A-*")+COUNTIF($CA13,"A-*")+COUNTIF($DB13,"A-*"))&", No Data-"&(COUNTIF($AB13,"No Data")+COUNTIF($BB13,"No Data")+COUNTIF($CA13,"No Data")+COUNTIF($DB13,"No Data")) -> P-0, A-0, No Data-4 | DL13: ="P-"&(COUNTIF($AC13,"P-*")+COUNTIF($BC13,"P-*")+COUNTIF($CB13,"P-*")+COUNTIF($DC13,"P-*"))&", A-"&(COUNTIF($AC13,"A-*")+COUNTIF($BC13,"A-*")+COUNTIF($CB13,"A-*")+COUNTIF($DC13,"A-*"))&", No Data-"&(COUNTIF($AC13,"No Data")+COUNTIF($BC13,"No Data")+COUNTIF($CB13,"No Data")+COUNTIF($DC13,"No Data")) -> P-4, A-0, No Data-0 | DM13: =IF(LEFT($AB13,2)="P-",$AB13, IF(LEFT($AC13,2)="P-",$AC13, IF(LEFT($AB13,2)="A-",$AB13, IF(LEFT($AC13,2)="A-",$AC13, IF($AB13="No Data",$AB13, IF($AC13="No Data",$AC13,"")))))) -> P-S2_Onsite | DN13: =IF(LEFT($DB13,2)="P-",$DB13, IF(LEFT($DC13,2)="P-",$DC13, IF(LEFT($DB13,2)="A-",$DB13, IF(LEFT($DC13,2)="A-",$DC13, IF($DB13="No Data",$DB13, IF($DC13="No Data",$DC13,"")))))) -> P-S2_Onsite | DO13: =IF(LEFT($BB13,2)="P-",$BB13, IF(LEFT($BC13,2)="P-",$BC13, IF(LEFT($BB13,2)="A-",$BB13, IF(LEFT($BC13,2)="A-",$BC13, IF($BB13="No Data",$BB13, IF($BC13="No Data",$BC13,"")))))) -> P-S2_Onsite | DP13: =IF(LEFT($CA13,2)="P-",$CA13, IF(LEFT($CB13,2)="P-",$CB13, IF(LEFT($CA13,2)="A-",$CA13, IF(LEFT($CB13,2)="A-",$CB13, IF($CA13="No Data",$CA13, IF($CB13="No Data",$CB13,"")))))) -> P-S2_Onsite | DQ13: ="P-"&COUNTIF($DM13:$DP13,"P-*")&", A-"&COUNTIF($DM13:$DP13,"A-*")&", No Data-"&COUNTIF($DM13:$DP13,"No Data") -> P-4, A-0, No Data-0 | DR13: =IF( AND( $AA13="Q-4 A-1 || Q Total-4, A Total-1", $BA13="Q-3 A-2 || Q Total-3, A Total-2", $BZ13="Q-3 A-1 || Q Total-3, A Total-1", $DA13="Q-2 A-2 || Q Total-2, A Total-2" ), 1, 0 ) -> 1 | DS13: Activated | DT13: Exam Given | DU13: 2025EB1100010
A14: 11 | B14: BS DS-AI | C14: 2025EB1100011 | D14: 2025eb1100011@bitspilani-digital.edu.in | E14: JYOTHI.S | F14: FEMALE | G14: `+91-8086699808 | H14: 1.6 | I14: 8 | J14: 8 | K14: 8 | L14: 28 | M14: 53.6 | N14: 60 | O14: Computer Programming | P14: BDSDF113 | Q14: =CONCATENATE($C14,"-",$P14) -> 2025EB1100011-BDSDF113 | R14: =COUNTIF($H14:$K14,"A") & " " & "missed" -> 0 missed | S14: =COUNTIF(L14,"A") & " " & "missed" -> 0 missed | T14: =4-COUNTIF($H14:$K14,"A") -> 4 | U14: =1-COUNTIF($L14,"A") -> 1 | V14: =$T14/4 -> 1 | W14: =$U14/1 -> 1 | X14: =COUNTIF($H14:$L14, "A") & " " &"missed" -> 0 missed | Y14: =5- COUNTIF($H14:$L14, "A") -> 5 | Z14: =$Y14/5 -> 1 | AA14: =CONCATENATE("Q-",$T14," A-",$U14," || Q Total-4, A Total-1") -> Q-4 A-1 || Q Total-4, A Total-1 | AB14: {=IFERROR(INDEX('Attendance-Slot-1'!$Q$2:$Q$1112,MATCH(1,('Attendance-Slot-1'!$A$2:$A$1112=$C14)*('Attendance-Slot-1'!$G$2:$G$1112=AB$2),0)),"No Data")} -> No Data | AC14: {=IFERROR(INDEX('Attendance-Slot-2'!$Q$2:$Q$2595,MATCH(1,('Attendance-Slot-2'!$A$2:$A$2595=$C14)*('Attendance-Slot-2'!$G$2:$G$2595=AB$2),0)),"No Data")} -> A-S2_Onsite | AD14: =VLOOKUP($Q14,'Written Exam Marks'!$H:$Q,10,FALSE) -> #N/A | AE14: =VLOOKUP($Q14,'Written Exam Marks'!$H:$Q,9,FALSE) -> #N/A | AF14: =IF(COUNTIF($AB14:$AC14,"P-*")>0,"Present", IF(COUNTIF($AB14:$AC14,"A-*")>0,"Absent", IF(COUNTIF($AB14:$AC14,"No Data")>0,"No Data",""))) -> Absent | AG14: =IF(LEFT($AB14,2)="P-",$AB14,IF(LEFT($AC14,2)="P-",$AC14,IF(LEFT($AB14,2)="A-",$AB14,IF(LEFT($AC14,2)="A-",$AC14,IF($AB14="No Data",$AB14,IF($AC14="No Data",$AC14,"")))))) -> A-S2_Onsite | AH14: A | AI14: 5 | AJ14: A | AK14: A | AL14: A | AM14: 5 | AN14: 60 | AO14: Computer Systems | AP14: BDSDF108 | AQ14: =CONCATENATE($C14,"-",$AP14) -> 2025EB1100011-BDSDF108 | AR14: =COUNTIF($AJ14:$AL14,"A") & " " & "missed" -> 3 missed | AS14: =COUNTIF($AH14:$AI14,"A") & " " & "missed" -> 1 missed | AT14: =3-COUNTIF(AJ14:AL14,"A") -> 0 | AU14: =2-COUNTIF($AH14:$AI14,"A") -> 1 | AV14: =$AT14/3 -> 0 | AW14: =$AU14/2 -> 0.5 | AX14: =COUNTIF($AH14:$AL14, "A") & " " &"missed" -> 4 missed | AY14: =5- COUNTIF($AH14:$AL14, "A") -> 1 | AZ14: =$AY14/5 -> 0.2 | BA14: =CONCATENATE("Q-",$AT14," A-",$AU14," || Q Total-3, A Total-2") -> Q-0 A-1 || Q Total-3, A Total-2 | BB14: {=IFERROR(INDEX('Attendance-Slot-1'!$Q$2:$Q$1112,MATCH(1,('Attendance-Slot-1'!$A$2:$A$1112=$C14)*('Attendance-Slot-1'!$G$2:$G$1112=BB$2),0)),"No Data")} -> No Data | BC14: {=IFERROR(INDEX('Attendance-Slot-2'!$Q$2:$Q$2595,MATCH(1,('Attendance-Slot-2'!$A$2:$A$2595=$C14)*('Attendance-Slot-2'!$G$2:$G$2595=BB$2),0)),"No Data")} -> A-S2_Onsite | BD14: =VLOOKUP($AQ14,'Written Exam Marks'!$H:$Q,10,FALSE) -> #N/A | BE14: =VLOOKUP($AQ14,'Written Exam Marks'!$H:$Q,9,FALSE) -> #N/A | BF14: =IF(COUNTIF($BB14:$BC14,"P-*")>0,"Present", IF(COUNTIF($BB14:$BC14,"A-*")>0,"Absent", IF(COUNTIF($BB14:$BC14,"No Data")>0,"No Data",""))) -> Absent | BG14: =IF(LEFT($BB14,2)="P-",$BB14,IF(LEFT($BC14,2)="P-",$BC14,IF(LEFT($BB14,2)="A-",$BB14,IF(LEFT($BC14,2)="A-",$BC14,IF($BB14="No Data",$BB14,IF($BC14="No Data",$BC14,"")))))) -> A-S2_Onsite | BH14: A | BI14: A | BJ14: A | BK14: 18.5 | BL14: 18.5 | BM14: 60 | BN14: Probability & Statistics | BO14: BDSDF114 | BP14: =CONCATENATE($C14,"-",$BO14) -> 2025EB1100011-BDSDF114 | BQ14: =COUNTIF($BH14:$BJ14,"A") & " " & "missed" -> 3 missed | BR14: =COUNTIF($BK14,"A") & " " & "missed" -> 0 missed | BS14: =3-COUNTIF($BH14:$BJ14,"A") -> 0 | BT14: =1-COUNTIF($BK14,"A") -> 1 | BU14: =$BS14/3 -> 0 | BV14: =$BT14/1 -> 1 | BW14: =COUNTIF($BH14:$BK14, "A") & " " &"missed" -> 3 missed | BX14: =4- COUNTIF(BH14:BK14, "A") -> 1 | BY14: =$BX14/4 -> 0.25 | BZ14: =CONCATENATE("Q-",$BS14," A-",$BT14," || Q Total-3, A Total-1") -> Q-0 A-1 || Q Total-3, A Total-1 | CA14: {=IFERROR(INDEX('Attendance-Slot-1'!$Q$2:$Q$1112,MATCH(1,('Attendance-Slot-1'!$A$2:$A$1112=$C14)*('Attendance-Slot-1'!$G$2:$G$1112=CA$2),0)),"No Data")} -> No Data | CB14: {=IFERROR(INDEX('Attendance-Slot-2'!$Q$2:$Q$2595,MATCH(1,('Attendance-Slot-2'!$A$2:$A$2595=$C14)*('Attendance-Slot-2'!$G$2:$G$2595=CA$2),0)),"No Data")} -> A-S2_Onsite | CC14: =VLOOKUP($BP14,'Written Exam Marks'!$H:$Q,10,FALSE) -> #N/A | CD14: =VLOOKUP($BP14,'Written Exam Marks'!$H:$Q,9,FALSE) -> #N/A | CE14: =IF(COUNTIF($CA14:$CB14,"P-*")>0,"Present", IF(COUNTIF($CA14:$CB14,"A-*")>0,"Absent", IF(COUNTIF($CA14:$CB14,"No Data")>0,"No Data",""))) -> Absent | CF14: =IF(LEFT($CA14,2)="P-",$CA14,IF(LEFT($CB14,2)="P-",$CB14,IF(LEFT($CA14,2)="A-",$CA14,IF(LEFT($CB14,2)="A-",$CB14,IF($CA14="No Data",$CA14,IF($CB14="No Data",$CB14,"")))))) -> A-S2_Onsite | CG14: 5 | CH14: A | CI14: 7.5 | CJ14: 5.5 | CK14: A | CL14: A | CM14: 18 | CN14: 50 | CO14: Writing Practice | CP14: BDSDF112 | CQ14: =CONCATENATE($C14,"-",$CP14) -> 2025EB1100011-BDSDF112 | CR14: =COUNTIF($CG14:$CH14,"A") & " " & "missed" -> 1 missed | CS14: =COUNTIF($CI14:$CJ14,"A") & " " & "missed" -> 0 missed | CT14: =2-COUNTIF($CG14:$CH14,"A") -> 1 | CU14: =2-COUNTIF($CI14:$CJ14,"A") -> 2 | CV14: =$CT14/2 -> 0.5 | CW14: =$CU14/2 -> 1 | CX14: =COUNTIF($CG14:$CJ14, "A") & " " &"missed" -> 1 missed | CY14: =4- COUNTIF($CG14:$CJ14, "A") -> 3 | CZ14: =$CY14/4 -> 0.75 | DA14: =CONCATENATE("Q-",$CT14," A-",$CU14," || Q Total-2, A Total-2") -> Q-1 A-2 || Q Total-2, A Total-2 | DB14: {=IFERROR(INDEX('Attendance-Slot-1'!$Q$2:$Q$1112,MATCH(1,('Attendance-Slot-1'!$A$2:$A$1112=$C14)*('Attendance-Slot-1'!$G$2:$G$1112=DB$2),0)),"No Data")} -> No Data | DC14: {=IFERROR(INDEX('Attendance-Slot-2'!$Q$2:$Q$2595,MATCH(1,('Attendance-Slot-2'!$A$2:$A$2595=$C14)*('Attendance-Slot-2'!$G$2:$G$2595=DB$2),0)),"No Data")} -> A-S2_Onsite | DD14: =VLOOKUP($CQ14,'Written Exam Marks'!$H:$Q,10,FALSE) -> #N/A | DE14: =VLOOKUP($CQ14,'Written Exam Marks'!$H:$Q,9,FALSE) -> #N/A | DF14: =IF(COUNTIF($DB14:$DC14,"P-*")>0,"Present", IF(COUNTIF($DB14:$DC14,"A-*")>0,"Absent", IF(COUNTIF($DB14:$DC14,"No Data")>0,"No Data",""))) -> Absent | DG14: =IF(LEFT($DB14,2)="P-",$DB14,IF(LEFT($DC14,2)="P-",$DC14,IF(LEFT($DB14,2)="A-",$DB14,IF(LEFT($DC14,2)="A-",$DC14,IF($DB14="No Data",$DB14,IF($DC14="No Data",$DC14,"")))))) -> A-S2_Onsite | DH14: A | DI14: 0 | DJ14: 100 | DK14: ="P-"&(COUNTIF($AB14,"P-*")+COUNTIF($BB14,"P-*")+COUNTIF($CA14,"P-*")+COUNTIF($DB14,"P-*"))&", A-"&(COUNTIF($AB14,"A-*")+COUNTIF($BB14,"A-*")+COUNTIF($CA14,"A-*")+COUNTIF($DB14,"A-*"))&", No Data-"&(COUNTIF($AB14,"No Data")+COUNTIF($BB14,"No Data")+COUNTIF($CA14,"No Data")+COUNTIF($DB14,"No Data")) -> P-0, A-0, No Data-4 | DL14: ="P-"&(COUNTIF($AC14,"P-*")+COUNTIF($BC14,"P-*")+COUNTIF($CB14,"P-*")+COUNTIF($DC14,"P-*"))&", A-"&(COUNTIF($AC14,"A-*")+COUNTIF($BC14,"A-*")+COUNTIF($CB14,"A-*")+COUNTIF($DC14,"A-*"))&", No Data-"&(COUNTIF($AC14,"No Data")+COUNTIF($BC14,"No Data")+COUNTIF($CB14,"No Data")+COUNTIF($DC14,"No Data")) -> P-0, A-4, No Data-0 | DM14: =IF(LEFT($AB14,2)="P-",$AB14, IF(LEFT($AC14,2)="P-",$AC14, IF(LEFT($AB14,2)="A-",$AB14, IF(LEFT($AC14,2)="A-",$AC14, IF($AB14="No Data",$AB14, IF($AC14="No Data",$AC14,"")))))) -> A-S2_Onsite | DN14: =IF(LEFT($DB14,2)="P-",$DB14, IF(LEFT($DC14,2)="P-",$DC14, IF(LEFT($DB14,2)="A-",$DB14, IF(LEFT($DC14,2)="A-",$DC14, IF($DB14="No Data",$DB14, IF($DC14="No Data",$DC14,"")))))) -> A-S2_Onsite | DO14: =IF(LEFT($BB14,2)="P-",$BB14, IF(LEFT($BC14,2)="P-",$BC14, IF(LEFT($BB14,2)="A-",$BB14, IF(LEFT($BC14,2)="A-",$BC14, IF($BB14="No Data",$BB14, IF($BC14="No Data",$BC14,"")))))) -> A-S2_Onsite | DP14: =IF(LEFT($CA14,2)="P-",$CA14, IF(LEFT($CB14,2)="P-",$CB14, IF(LEFT($CA14,2)="A-",$CA14, IF(LEFT($CB14,2)="A-",$CB14, IF($CA14="No Data",$CA14, IF($CB14="No Data",$CB14,"")))))) -> A-S2_Onsite | DQ14: ="P-"&COUNTIF($DM14:$DP14,"P-*")&", A-"&COUNTIF($DM14:$DP14,"A-*")&", No Data-"&COUNTIF($DM14:$DP14,"No Data") -> P-0, A-4, No Data-0 | DR14: =IF( AND( $AA14="Q-4 A-1 || Q Total-4, A Total-1", $BA14="Q-3 A-2 || Q Total-3, A Total-2", $BZ14="Q-3 A-1 || Q Total-3, A Total-1", $DA14="Q-2 A-2 || Q Total-2, A Total-2" ), 1, 0 ) -> 0 | DS14: Activated | DT14: Absent | DU14: 2025EB1100011 | DV14: Preference Not Selected
A15: 12 | B15: BS DS-AI | C15: 2025EB1100012 | D15: 2025eb1100012@bitspilani-digital.edu.in | E15: SANTOSH SHRIKHANDE | F15: MALE | G15: `+91-9167331486 | H15: 7.2 | I15: A | J15: A | K15: 8 | L15: A | M15: 15.2 | N15: 60 | O15: Computer Programming | P15: BDSDF113 | Q15: =CONCATENATE($C15,"-",$P15) -> 2025EB1100012-BDSDF113 | R15: =COUNTIF($H15:$K15,"A") & " " & "missed" -> 2 missed | S15: =COUNTIF(L15,"A") & " " & "missed" -> 1 missed | T15: =4-COUNTIF($H15:$K15,"A") -> 2 | U15: =1-COUNTIF($L15,"A") -> 0 | V15: =$T15/4 -> 0.5 | W15: =$U15/1 -> 0 | X15: =COUNTIF($H15:$L15, "A") & " " &"missed" -> 3 missed | Y15: =5- COUNTIF($H15:$L15, "A") -> 2 | Z15: =$Y15/5 -> 0.4 | AA15: =CONCATENATE("Q-",$T15," A-",$U15," || Q Total-4, A Total-1") -> Q-2 A-0 || Q Total-4, A Total-1 | AB15: {=IFERROR(INDEX('Attendance-Slot-1'!$Q$2:$Q$1112,MATCH(1,('Attendance-Slot-1'!$A$2:$A$1112=$C15)*('Attendance-Slot-1'!$G$2:$G$1112=AB$2),0)),"No Data")} -> No Data | AC15: {=IFERROR(INDEX('Attendance-Slot-2'!$Q$2:$Q$2595,MATCH(1,('Attendance-Slot-2'!$A$2:$A$2595=$C15)*('Attendance-Slot-2'!$G$2:$G$2595=AB$2),0)),"No Data")} -> A-S2_Onsite | AD15: =VLOOKUP($Q15,'Written Exam Marks'!$H:$Q,10,FALSE) -> #N/A | AE15: =VLOOKUP($Q15,'Written Exam Marks'!$H:$Q,9,FALSE) -> #N/A | AF15: =IF(COUNTIF($AB15:$AC15,"P-*")>0,"Present", IF(COUNTIF($AB15:$AC15,"A-*")>0,"Absent", IF(COUNTIF($AB15:$AC15,"No Data")>0,"No Data",""))) -> Absent | AG15: =IF(LEFT($AB15,2)="P-",$AB15,IF(LEFT($AC15,2)="P-",$AC15,IF(LEFT($AB15,2)="A-",$AB15,IF(LEFT($AC15,2)="A-",$AC15,IF($AB15="No Data",$AB15,IF($AC15="No Data",$AC15,"")))))) -> A-S2_Onsite | AH15: A | AI15: A | AJ15: 4 | AK15: 5 | AL15: 5 | AM15: 14 | AN15: 60 | AO15: Computer Systems | AP15: BDSDF108 | AQ15: =CONCATENATE($C15,"-",$AP15) -> 2025EB1100012-BDSDF108 | AR15: =COUNTIF($AJ15:$AL15,"A") & " " & "missed" -> 0 missed | AS15: =COUNTIF($AH15:$AI15,"A") & " " & "missed" -> 2 missed | AT15: =3-COUNTIF(AJ15:AL15,"A") -> 3 | AU15: =2-COUNTIF($AH15:$AI15,"A") -> 0 | AV15: =$AT15/3 -> 1 | AW15: =$AU15/2 -> 0 | AX15: =COUNTIF($AH15:$AL15, "A") & " " &"missed" -> 2 missed | AY15: =5- COUNTIF($AH15:$AL15, "A") -> 3 | AZ15: =$AY15/5 -> 0.6 | BA15: =CONCATENATE("Q-",$AT15," A-",$AU15," || Q Total-3, A Total-2") -> Q-3 A-0 || Q Total-3, A Total-2 | BB15: {=IFERROR(INDEX('Attendance-Slot-1'!$Q$2:$Q$1112,MATCH(1,('Attendance-Slot-1'!$A$2:$A$1112=$C15)*('Attendance-Slot-1'!$G$2:$G$1112=BB$2),0)),"No Data")} -> P-S1_Onsite | BC15: {=IFERROR(INDEX('Attendance-Slot-2'!$Q$2:$Q$2595,MATCH(1,('Attendance-Slot-2'!$A$2:$A$2595=$C15)*('Attendance-Slot-2'!$G$2:$G$2595=BB$2),0)),"No Data")} -> No Data | BD15: =VLOOKUP($AQ15,'Written Exam Marks'!$H:$Q,10,FALSE) -> 10.5 | BE15: =VLOOKUP($AQ15,'Written Exam Marks'!$H:$Q,9,FALSE) -> 40 | BF15: =IF(COUNTIF($BB15:$BC15,"P-*")>0,"Present", IF(COUNTIF($BB15:$BC15,"A-*")>0,"Absent", IF(COUNTIF($BB15:$BC15,"No Data")>0,"No Data",""))) -> Present | BG15: =IF(LEFT($BB15,2)="P-",$BB15,IF(LEFT($BC15,2)="P-",$BC15,IF(LEFT($BB15,2)="A-",$BB15,IF(LEFT($BC15,2)="A-",$BC15,IF($BB15="No Data",$BB15,IF($BC15="No Data",$BC15,"")))))) -> P-S1_Onsite | BH15: 8 | BI15: A | BJ15: 15 | BK15: 20 | BL15: 43 | BM15: 60 | BN15: Probability & Statistics | BO15: BDSDF114 | BP15: =CONCATENATE($C15,"-",$BO15) -> 2025EB1100012-BDSDF114 | BQ15: =COUNTIF($BH15:$BJ15,"A") & " " & "missed" -> 1 missed | BR15: =COUNTIF($BK15,"A") & " " & "missed" -> 0 missed | BS15: =3-COUNTIF($BH15:$BJ15,"A") -> 2 | BT15: =1-COUNTIF($BK15,"A") -> 1 | BU15: =$BS15/3 -> 0.66666667 | BV15: =$BT15/1 -> 1 | BW15: =COUNTIF($BH15:$BK15, "A") & " " &"missed" -> 1 missed | BX15: =4- COUNTIF(BH15:BK15, "A") -> 3 | BY15: =$BX15/4 -> 0.75 | BZ15: =CONCATENATE("Q-",$BS15," A-",$BT15," || Q Total-3, A Total-1") -> Q-2 A-1 || Q Total-3, A Total-1 | CA15: {=IFERROR(INDEX('Attendance-Slot-1'!$Q$2:$Q$1112,MATCH(1,('Attendance-Slot-1'!$A$2:$A$1112=$C15)*('Attendance-Slot-1'!$G$2:$G$1112=CA$2),0)),"No Data")} -> No Data | CB15: {=IFERROR(INDEX('Attendance-Slot-2'!$Q$2:$Q$2595,MATCH(1,('Attendance-Slot-2'!$A$2:$A$2595=$C15)*('Attendance-Slot-2'!$G$2:$G$2595=CA$2),0)),"No Data")} -> A-S2_Onsite | CC15: =VLOOKUP($BP15,'Written Exam Marks'!$H:$Q,10,FALSE) -> #N/A | CD15: =VLOOKUP($BP15,'Written Exam Marks'!$H:$Q,9,FALSE) -> #N/A | CE15: =IF(COUNTIF($CA15:$CB15,"P-*")>0,"Present", IF(COUNTIF($CA15:$CB15,"A-*")>0,"Absent", IF(COUNTIF($CA15:$CB15,"No Data")>0,"No Data",""))) -> Absent | CF15: =IF(LEFT($CA15,2)="P-",$CA15,IF(LEFT($CB15,2)="P-",$CB15,IF(LEFT($CA15,2)="A-",$CA15,IF(LEFT($CB15,2)="A-",$CB15,IF($CA15="No Data",$CA15,IF($CB15="No Data",$CB15,"")))))) -> A-S2_Onsite | CG15: 2 | CH15: 2 | CI15: 8 | CJ15: 5.5 | CK15: A | CL15: A | CM15: 17.5 | CN15: 50 | CO15: Writing Practice | CP15: BDSDF112 | CQ15: =CONCATENATE($C15,"-",$CP15) -> 2025EB1100012-BDSDF112 | CR15: =COUNTIF($CG15:$CH15,"A") & " " & "missed" -> 0 missed | CS15: =COUNTIF($CI15:$CJ15,"A") & " " & "missed" -> 0 missed | CT15: =2-COUNTIF($CG15:$CH15,"A") -> 2 | CU15: =2-COUNTIF($CI15:$CJ15,"A") -> 2 | CV15: =$CT15/2 -> 1 | CW15: =$CU15/2 -> 1 | CX15: =COUNTIF($CG15:$CJ15, "A") & " " &"missed" -> 0 missed | CY15: =4- COUNTIF($CG15:$CJ15, "A") -> 4 | CZ15: =$CY15/4 -> 1 | DA15: =CONCATENATE("Q-",$CT15," A-",$CU15," || Q Total-2, A Total-2") -> Q-2 A-2 || Q Total-2, A Total-2 | DB15: {=IFERROR(INDEX('Attendance-Slot-1'!$Q$2:$Q$1112,MATCH(1,('Attendance-Slot-1'!$A$2:$A$1112=$C15)*('Attendance-Slot-1'!$G$2:$G$1112=DB$2),0)),"No Data")} -> P-S1_Onsite | DC15: {=IFERROR(INDEX('Attendance-Slot-2'!$Q$2:$Q$2595,MATCH(1,('Attendance-Slot-2'!$A$2:$A$2595=$C15)*('Attendance-Slot-2'!$G$2:$G$2595=DB$2),0)),"No Data")} -> No Data | DD15: =VLOOKUP($CQ15,'Written Exam Marks'!$H:$Q,10,FALSE) -> 15 | DE15: =VLOOKUP($CQ15,'Written Exam Marks'!$H:$Q,9,FALSE) -> 50 | DF15: =IF(COUNTIF($DB15:$DC15,"P-*")>0,"Present", IF(COUNTIF($DB15:$DC15,"A-*")>0,"Absent", IF(COUNTIF($DB15:$DC15,"No Data")>0,"No Data",""))) -> Present | DG15: =IF(LEFT($DB15,2)="P-",$DB15,IF(LEFT($DC15,2)="P-",$DC15,IF(LEFT($DB15,2)="A-",$DB15,IF(LEFT($DC15,2)="A-",$DC15,IF($DB15="No Data",$DB15,IF($DC15="No Data",$DC15,"")))))) -> P-S1_Onsite | DH15: 95 | DI15: 95 | DJ15: 100 | DK15: ="P-"&(COUNTIF($AB15,"P-*")+COUNTIF($BB15,"P-*")+COUNTIF($CA15,"P-*")+COUNTIF($DB15,"P-*"))&", A-"&(COUNTIF($AB15,"A-*")+COUNTIF($BB15,"A-*")+COUNTIF($CA15,"A-*")+COUNTIF($DB15,"A-*"))&", No Data-"&(COUNTIF($AB15,"No Data")+COUNTIF($BB15,"No Data")+COUNTIF($CA15,"No Data")+COUNTIF($DB15,"No Data")) -> P-2, A-0, No Data-2 | DL15: ="P-"&(COUNTIF($AC15,"P-*")+COUNTIF($BC15,"P-*")+COUNTIF($CB15,"P-*")+COUNTIF($DC15,"P-*"))&", A-"&(COUNTIF($AC15,"A-*")+COUNTIF($BC15,"A-*")+COUNTIF($CB15,"A-*")+COUNTIF($DC15,"A-*"))&", No Data-"&(COUNTIF($AC15,"No Data")+COUNTIF($BC15,"No Data")+COUNTIF($CB15,"No Data")+COUNTIF($DC15,"No Data")) -> P-0, A-2, No Data-2 | DM15: =IF(LEFT($AB15,2)="P-",$AB15, IF(LEFT($AC15,2)="P-",$AC15, IF(LEFT($AB15,2)="A-",$AB15, IF(LEFT($AC15,2)="A-",$AC15, IF($AB15="No Data",$AB15, IF($AC15="No Data",$AC15,"")))))) -> A-S2_Onsite | DN15: =IF(LEFT($DB15,2)="P-",$DB15, IF(LEFT($DC15,2)="P-",$DC15, IF(LEFT($DB15,2)="A-",$DB15, IF(LEFT($DC15,2)="A-",$DC15, IF($DB15="No Data",$DB15, IF($DC15="No Data",$DC15,"")))))) -> P-S1_Onsite | DO15: =IF(LEFT($BB15,2)="P-",$BB15, IF(LEFT($BC15,2)="P-",$BC15, IF(LEFT($BB15,2)="A-",$BB15, IF(LEFT($BC15,2)="A-",$BC15, IF($BB15="No Data",$BB15, IF($BC15="No Data",$BC15,"")))))) -> P-S1_Onsite | DP15: =IF(LEFT($CA15,2)="P-",$CA15, IF(LEFT($CB15,2)="P-",$CB15, IF(LEFT($CA15,2)="A-",$CA15, IF(LEFT($CB15,2)="A-",$CB15, IF($CA15="No Data",$CA15, IF($CB15="No Data",$CB15,"")))))) -> A-S2_Onsite | DQ15: ="P-"&COUNTIF($DM15:$DP15,"P-*")&", A-"&COUNTIF($DM15:$DP15,"A-*")&", No Data-"&COUNTIF($DM15:$DP15,"No Data") -> P-2, A-2, No Data-0 | DR15: =IF( AND( $AA15="Q-4 A-1 || Q Total-4, A Total-1", $BA15="Q-3 A-2 || Q Total-3, A Total-2", $BZ15="Q-3 A-1 || Q Total-3, A Total-1", $DA15="Q-2 A-2 || Q Total-2, A Total-2" ), 1, 0 ) -> 0 | DS15: Activated | DT15: Exam Given | DU15: 2025EB1100012
A16: 13 | B16: BS DS-AI | C16: 2025EB1100013 | D16: 2025eb1100013@bitspilani-digital.edu.in | E16: AKSHITHA IMMACULATE A | F16: FEMALE | G16: `+91-9972776728 | H16: 8 | I16: 7.2 | J16: A | K16: A | L16: A | M16: 15.2 | N16: 60 | O16: Computer Programming | P16: BDSDF113 | Q16: =CONCATENATE($C16,"-",$P16) -> 2025EB1100013-BDSDF113 | R16: =COUNTIF($H16:$K16,"A") & " " & "missed" -> 2 missed | S16: =COUNTIF(L16,"A") & " " & "missed" -> 1 missed | T16: =4-COUNTIF($H16:$K16,"A") -> 2 | U16: =1-COUNTIF($L16,"A") -> 0 | V16: =$T16/4 -> 0.5 | W16: =$U16/1 -> 0 | X16: =COUNTIF($H16:$L16, "A") & " " &"missed" -> 3 missed | Y16: =5- COUNTIF($H16:$L16, "A") -> 2 | Z16: =$Y16/5 -> 0.4 | AA16: =CONCATENATE("Q-",$T16," A-",$U16," || Q Total-4, A Total-1") -> Q-2 A-0 || Q Total-4, A Total-1 | AB16: {=IFERROR(INDEX('Attendance-Slot-1'!$Q$2:$Q$1112,MATCH(1,('Attendance-Slot-1'!$A$2:$A$1112=$C16)*('Attendance-Slot-1'!$G$2:$G$1112=AB$2),0)),"No Data")} -> No Data | AC16: {=IFERROR(INDEX('Attendance-Slot-2'!$Q$2:$Q$2595,MATCH(1,('Attendance-Slot-2'!$A$2:$A$2595=$C16)*('Attendance-Slot-2'!$G$2:$G$2595=AB$2),0)),"No Data")} -> P-S2_Onsite | AD16: =VLOOKUP($Q16,'Written Exam Marks'!$H:$Q,10,FALSE) -> 0 | AE16: =VLOOKUP($Q16,'Written Exam Marks'!$H:$Q,9,FALSE) -> 40 | AF16: =IF(COUNTIF($AB16:$AC16,"P-*")>0,"Present", IF(COUNTIF($AB16:$AC16,"A-*")>0,"Absent", IF(COUNTIF($AB16:$AC16,"No Data")>0,"No Data",""))) -> Present | AG16: =IF(LEFT($AB16,2)="P-",$AB16,IF(LEFT($AC16,2)="P-",$AC16,IF(LEFT($AB16,2)="A-",$AB16,IF(LEFT($AC16,2)="A-",$AC16,IF($AB16="No Data",$AB16,IF($AC16="No Data",$AC16,"")))))) -> P-S2_Onsite | AH16: A | AI16: A | AJ16: 2 | AK16: A | AL16: A | AM16: 2 | AN16: 60 | AO16: Computer Systems | AP16: BDSDF108 | AQ16: =CONCATENATE($C16,"-",$AP16) -> 2025EB1100013-BDSDF108 | AR16: =COUNTIF($AJ16:$AL16,"A") & " " & "missed" -> 2 missed | AS16: =COUNTIF($AH16:$AI16,"A") & " " & "missed" -> 2 missed | AT16: =3-COUNTIF(AJ16:AL16,"A") -> 1 | AU16: =2-COUNTIF($AH16:$AI16,"A") -> 0 | AV16: =$AT16/3 -> 0.33333333 | AW16: =$AU16/2 -> 0 | AX16: =COUNTIF($AH16:$AL16, "A") & " " &"missed" -> 4 missed | AY16: =5- COUNTIF($AH16:$AL16, "A") -> 1 | AZ16: =$AY16/5 -> 0.2 | BA16: =CONCATENATE("Q-",$AT16," A-",$AU16," || Q Total-3, A Total-2") -> Q-1 A-0 || Q Total-3, A Total-2 | BB16: {=IFERROR(INDEX('Attendance-Slot-1'!$Q$2:$Q$1112,MATCH(1,('Attendance-Slot-1'!$A$2:$A$1112=$C16)*('Attendance-Slot-1'!$G$2:$G$1112=BB$2),0)),"No Data")} -> No Data | BC16: {=IFERROR(INDEX('Attendance-Slot-2'!$Q$2:$Q$2595,MATCH(1,('Attendance-Slot-2'!$A$2:$A$2595=$C16)*('Attendance-Slot-2'!$G$2:$G$2595=BB$2),0)),"No Data")} -> P-S2_Onsite | BD16: =VLOOKUP($AQ16,'Written Exam Marks'!$H:$Q,10,FALSE) -> 5 | BE16: =VLOOKUP($AQ16,'Written Exam Marks'!$H:$Q,9,FALSE) -> 40 | BF16: =IF(COUNTIF($BB16:$BC16,"P-*")>0,"Present", IF(COUNTIF($BB16:$BC16,"A-*")>0,"Absent", IF(COUNTIF($BB16:$BC16,"No Data")>0,"No Data",""))) -> Present | BG16: =IF(LEFT($BB16,2)="P-",$BB16,IF(LEFT($BC16,2)="P-",$BC16,IF(LEFT($BB16,2)="A-",$BB16,IF(LEFT($BC16,2)="A-",$BC16,IF($BB16="No Data",$BB16,IF($BC16="No Data",$BC16,"")))))) -> P-S2_Onsite | BH16: 8 | BI16: 9 | BJ16: 15 | BK16: 19.5 | BL16: 51.5 | BM16: 60 | BN16: Probability & Statistics | BO16: BDSDF114 | BP16: =CONCATENATE($C16,"-",$BO16) -> 2025EB1100013-BDSDF114 | BQ16: =COUNTIF($BH16:$BJ16,"A") & " " & "missed" -> 0 missed | BR16: =COUNTIF($BK16,"A") & " " & "missed" -> 0 missed | BS16: =3-COUNTIF($BH16:$BJ16,"A") -> 3 | BT16: =1-COUNTIF($BK16,"A") -> 1 | BU16: =$BS16/3 -> 1 | BV16: =$BT16/1 -> 1 | BW16: =COUNTIF($BH16:$BK16, "A") & " " &"missed" -> 0 missed | BX16: =4- COUNTIF(BH16:BK16, "A") -> 4 | BY16: =$BX16/4 -> 1 | BZ16: =CONCATENATE("Q-",$BS16," A-",$BT16," || Q Total-3, A Total-1") -> Q-3 A-1 || Q Total-3, A Total-1 | CA16: {=IFERROR(INDEX('Attendance-Slot-1'!$Q$2:$Q$1112,MATCH(1,('Attendance-Slot-1'!$A$2:$A$1112=$C16)*('Attendance-Slot-1'!$G$2:$G$1112=CA$2),0)),"No Data")} -> No Data | CB16: {=IFERROR(INDEX('Attendance-Slot-2'!$Q$2:$Q$2595,MATCH(1,('Attendance-Slot-2'!$A$2:$A$2595=$C16)*('Attendance-Slot-2'!$G$2:$G$2595=CA$2),0)),"No Data")} -> P-S2_Onsite | CC16: =VLOOKUP($BP16,'Written Exam Marks'!$H:$Q,10,FALSE) -> 1.5 | CD16: =VLOOKUP($BP16,'Written Exam Marks'!$H:$Q,9,FALSE) -> 40 | CE16: =IF(COUNTIF($CA16:$CB16,"P-*")>0,"Present", IF(COUNTIF($CA16:$CB16,"A-*")>0,"Absent", IF(COUNTIF($CA16:$CB16,"No Data")>0,"No Data",""))) -> Present | CF16: =IF(LEFT($CA16,2)="P-",$CA16,IF(LEFT($CB16,2)="P-",$CB16,IF(LEFT($CA16,2)="A-",$CA16,IF(LEFT($CB16,2)="A-",$CB16,IF($CA16="No Data",$CA16,IF($CB16="No Data",$CB16,"")))))) -> P-S2_Onsite | CG16: 4.5 | CH16: 4.5 | CI16: 7 | CJ16: A | CK16: A | CL16: A | CM16: 16 | CN16: 50 | CO16: Writing Practice | CP16: BDSDF112 | CQ16: =CONCATENATE($C16,"-",$CP16) -> 2025EB1100013-BDSDF112 | CR16: =COUNTIF($CG16:$CH16,"A") & " " & "missed" -> 0 missed | CS16: =COUNTIF($CI16:$CJ16,"A") & " " & "missed" -> 1 missed | CT16: =2-COUNTIF($CG16:$CH16,"A") -> 2 | CU16: =2-COUNTIF($CI16:$CJ16,"A") -> 1 | CV16: =$CT16/2 -> 1 | CW16: =$CU16/2 -> 0.5 | CX16: =COUNTIF($CG16:$CJ16, "A") & " " &"missed" -> 1 missed | CY16: =4- COUNTIF($CG16:$CJ16, "A") -> 3 | CZ16: =$CY16/4 -> 0.75 | DA16: =CONCATENATE("Q-",$CT16," A-",$CU16," || Q Total-2, A Total-2") -> Q-2 A-1 || Q Total-2, A Total-2 | DB16: {=IFERROR(INDEX('Attendance-Slot-1'!$Q$2:$Q$1112,MATCH(1,('Attendance-Slot-1'!$A$2:$A$1112=$C16)*('Attendance-Slot-1'!$G$2:$G$1112=DB$2),0)),"No Data")} -> No Data | DC16: {=IFERROR(INDEX('Attendance-Slot-2'!$Q$2:$Q$2595,MATCH(1,('Attendance-Slot-2'!$A$2:$A$2595=$C16)*('Attendance-Slot-2'!$G$2:$G$2595=DB$2),0)),"No Data")} -> P-S2_Onsite | DD16: =VLOOKUP($CQ16,'Written Exam Marks'!$H:$Q,10,FALSE) -> 21 | DE16: =VLOOKUP($CQ16,'Written Exam Marks'!$H:$Q,9,FALSE) -> 50 | DF16: =IF(COUNTIF($DB16:$DC16,"P-*")>0,"Present", IF(COUNTIF($DB16:$DC16,"A-*")>0,"Absent", IF(COUNTIF($DB16:$DC16,"No Data")>0,"No Data",""))) -> Present | DG16: =IF(LEFT($DB16,2)="P-",$DB16,IF(LEFT($DC16,2)="P-",$DC16,IF(LEFT($DB16,2)="A-",$DB16,IF(LEFT($DC16,2)="A-",$DC16,IF($DB16="No Data",$DB16,IF($DC16="No Data",$DC16,"")))))) -> P-S2_Onsite | DH16: 90 | DI16: 90 | DJ16: 100 | DK16: ="P-"&(COUNTIF($AB16,"P-*")+COUNTIF($BB16,"P-*")+COUNTIF($CA16,"P-*")+COUNTIF($DB16,"P-*"))&", A-"&(COUNTIF($AB16,"A-*")+COUNTIF($BB16,"A-*")+COUNTIF($CA16,"A-*")+COUNTIF($DB16,"A-*"))&", No Data-"&(COUNTIF($AB16,"No Data")+COUNTIF($BB16,"No Data")+COUNTIF($CA16,"No Data")+COUNTIF($DB16,"No Data")) -> P-0, A-0, No Data-4 | DL16: ="P-"&(COUNTIF($AC16,"P-*")+COUNTIF($BC16,"P-*")+COUNTIF($CB16,"P-*")+COUNTIF($DC16,"P-*"))&", A-"&(COUNTIF($AC16,"A-*")+COUNTIF($BC16,"A-*")+COUNTIF($CB16,"A-*")+COUNTIF($DC16,"A-*"))&", No Data-"&(COUNTIF($AC16,"No Data")+COUNTIF($BC16,"No Data")+COUNTIF($CB16,"No Data")+COUNTIF($DC16,"No Data")) -> P-4, A-0, No Data-0 | DM16: =IF(LEFT($AB16,2)="P-",$AB16, IF(LEFT($AC16,2)="P-",$AC16, IF(LEFT($AB16,2)="A-",$AB16, IF(LEFT($AC16,2)="A-",$AC16, IF($AB16="No Data",$AB16, IF($AC16="No Data",$AC16,"")))))) -> P-S2_Onsite | DN16: =IF(LEFT($DB16,2)="P-",$DB16, IF(LEFT($DC16,2)="P-",$DC16, IF(LEFT($DB16,2)="A-",$DB16, IF(LEFT($DC16,2)="A-",$DC16, IF($DB16="No Data",$DB16, IF($DC16="No Data",$DC16,"")))))) -> P-S2_Onsite | DO16: =IF(LEFT($BB16,2)="P-",$BB16, IF(LEFT($BC16,2)="P-",$BC16, IF(LEFT($BB16,2)="A-",$BB16, IF(LEFT($BC16,2)="A-",$BC16, IF($BB16="No Data",$BB16, IF($BC16="No Data",$BC16,"")))))) -> P-S2_Onsite | DP16: =IF(LEFT($CA16,2)="P-",$CA16, IF(LEFT($CB16,2)="P-",$CB16, IF(LEFT($CA16,2)="A-",$CA16, IF(LEFT($CB16,2)="A-",$CB16, IF($CA16="No Data",$CA16, IF($CB16="No Data",$CB16,"")))))) -> P-S2_Onsite | DQ16: ="P-"&COUNTIF($DM16:$DP16,"P-*")&", A-"&COUNTIF($DM16:$DP16,"A-*")&", No Data-"&COUNTIF($DM16:$DP16,"No Data") -> P-4, A-0, No Data-0 | DR16: =IF( AND( $AA16="Q-4 A-1 || Q Total-4, A Total-1", $BA16="Q-3 A-2 || Q Total-3, A Total-2", $BZ16="Q-3 A-1 || Q Total-3, A Total-1", $DA16="Q-2 A-2 || Q Total-2, A Total-2" ), 1, 0 ) -> 0 | DS16: Activated | DT16: Exam Given | DU16: 2025EB1100013
A17: 14 | B17: BS DS-AI | C17: 2025EB1100014 | D17: 2025eb1100014@bitspilani-digital.edu.in | E17: SURYA A | F17: MALE | G17: `+91-9489758079 | H17: 7.2 | I17: 7.2 | J17: 8 | K17: 8 | L17: 28 | M17: 58.4 | N17: 60 | O17: Computer Programming | P17: BDSDF113 | Q17: =CONCATENATE($C17,"-",$P17) -> 2025EB1100014-BDSDF113 | R17: =COUNTIF($H17:$K17,"A") & " " & "missed" -> 0 missed | S17: =COUNTIF(L17,"A") & " " & "missed" -> 0 missed | T17: =4-COUNTIF($H17:$K17,"A") -> 4 | U17: =1-COUNTIF($L17,"A") -> 1 | V17: =$T17/4 -> 1 | W17: =$U17/1 -> 1 | X17: =COUNTIF($H17:$L17, "A") & " " &"missed" -> 0 missed | Y17: =5- COUNTIF($H17:$L17, "A") -> 5 | Z17: =$Y17/5 -> 1 | AA17: =CONCATENATE("Q-",$T17," A-",$U17," || Q Total-4, A Total-1") -> Q-4 A-1 || Q Total-4, A Total-1 | AB17: {=IFERROR(INDEX('Attendance-Slot-1'!$Q$2:$Q$1112,MATCH(1,('Attendance-Slot-1'!$A$2:$A$1112=$C17)*('Attendance-Slot-1'!$G$2:$G$1112=AB$2),0)),"No Data")} -> P-S1_Onsite | AC17: {=IFERROR(INDEX('Attendance-Slot-2'!$Q$2:$Q$2595,MATCH(1,('Attendance-Slot-2'!$A$2:$A$2595=$C17)*('Attendance-Slot-2'!$G$2:$G$2595=AB$2),0)),"No Data")} -> No Data | AD17: =VLOOKUP($Q17,'Written Exam Marks'!$H:$Q,10,FALSE) -> 17 | AE17: =VLOOKUP($Q17,'Written Exam Marks'!$H:$Q,9,FALSE) -> 40 | AF17: =IF(COUNTIF($AB17:$AC17,"P-*")>0,"Present", IF(COUNTIF($AB17:$AC17,"A-*")>0,"Absent", IF(COUNTIF($AB17:$AC17,"No Data")>0,"No Data",""))) -> Present | AG17: =IF(LEFT($AB17,2)="P-",$AB17,IF(LEFT($AC17,2)="P-",$AC17,IF(LEFT($AB17,2)="A-",$AB17,IF(LEFT($AC17,2)="A-",$AC17,IF($AB17="No Data",$AB17,IF($AC17="No Data",$AC17,"")))))) -> P-S1_Onsite | AH17: 14 | AI17: 13 | AJ17: 8.6666667 | AK17: 9 | AL17: 8 | AM17: 52.666667 | AN17: 60 | AO17: Computer Systems | AP17: BDSDF108 | AQ17: =CONCATENATE($C17,"-",$AP17) -> 2025EB1100014-BDSDF108 | AR17: =COUNTIF($AJ17:$AL17,"A") & " " & "missed" -> 0 missed | AS17: =COUNTIF($AH17:$AI17,"A") & " " & "missed" -> 0 missed | AT17: =3-COUNTIF(AJ17:AL17,"A") -> 3 | AU17: =2-COUNTIF($AH17:$AI17,"A") -> 2 | AV17: =$AT17/3 -> 1 | AW17: =$AU17/2 -> 1 | AX17: =COUNTIF($AH17:$AL17, "A") & " " &"missed" -> 0 missed | AY17: =5- COUNTIF($AH17:$AL17, "A") -> 5 | AZ17: =$AY17/5 -> 1 | BA17: =CONCATENATE("Q-",$AT17," A-",$AU17," || Q Total-3, A Total-2") -> Q-3 A-2 || Q Total-3, A Total-2 | BB17: {=IFERROR(INDEX('Attendance-Slot-1'!$Q$2:$Q$1112,MATCH(1,('Attendance-Slot-1'!$A$2:$A$1112=$C17)*('Attendance-Slot-1'!$G$2:$G$1112=BB$2),0)),"No Data")} -> P-S1_Onsite | BC17: {=IFERROR(INDEX('Attendance-Slot-2'!$Q$2:$Q$2595,MATCH(1,('Attendance-Slot-2'!$A$2:$A$2595=$C17)*('Attendance-Slot-2'!$G$2:$G$2595=BB$2),0)),"No Data")} -> No Data | BD17: =VLOOKUP($AQ17,'Written Exam Marks'!$H:$Q,10,FALSE) -> 18 | BE17: =VLOOKUP($AQ17,'Written Exam Marks'!$H:$Q,9,FALSE) -> 40 | BF17: =IF(COUNTIF($BB17:$BC17,"P-*")>0,"Present", IF(COUNTIF($BB17:$BC17,"A-*")>0,"Absent", IF(COUNTIF($BB17:$BC17,"No Data")>0,"No Data",""))) -> Present | BG17: =IF(LEFT($BB17,2)="P-",$BB17,IF(LEFT($BC17,2)="P-",$BC17,IF(LEFT($BB17,2)="A-",$BB17,IF(LEFT($BC17,2)="A-",$BC17,IF($BB17="No Data",$BB17,IF($BC17="No Data",$BC17,"")))))) -> P-S1_Onsite | BH17: 10 | BI17: 15 | BJ17: A | BK17: A | BL17: 25 | BM17: 60 | BN17: Probability & Statistics | BO17: BDSDF114 | BP17: =CONCATENATE($C17,"-",$BO17) -> 2025EB1100014-BDSDF114 | BQ17: =COUNTIF($BH17:$BJ17,"A") & " " & "missed" -> 1 missed | BR17: =COUNTIF($BK17,"A") & " " & "missed" -> 1 missed | BS17: =3-COUNTIF($BH17:$BJ17,"A") -> 2 | BT17: =1-COUNTIF($BK17,"A") -> 0 | BU17: =$BS17/3 -> 0.66666667 | BV17: =$BT17/1 -> 0 | BW17: =COUNTIF($BH17:$BK17, "A") & " " &"missed" -> 2 missed | BX17: =4- COUNTIF(BH17:BK17, "A") -> 2 | BY17: =$BX17/4 -> 0.5 | BZ17: =CONCATENATE("Q-",$BS17," A-",$BT17," || Q Total-3, A Total-1") -> Q-2 A-0 || Q Total-3, A Total-1 | CA17: {=IFERROR(INDEX('Attendance-Slot-1'!$Q$2:$Q$1112,MATCH(1,('Attendance-Slot-1'!$A$2:$A$1112=$C17)*('Attendance-Slot-1'!$G$2:$G$1112=CA$2),0)),"No Data")} -> No Data | CB17: {=IFERROR(INDEX('Attendance-Slot-2'!$Q$2:$Q$2595,MATCH(1,('Attendance-Slot-2'!$A$2:$A$2595=$C17)*('Attendance-Slot-2'!$G$2:$G$2595=CA$2),0)),"No Data")} -> No Data | CC17: =VLOOKUP($BP17,'Written Exam Marks'!$H:$Q,10,FALSE) -> #N/A | CD17: =VLOOKUP($BP17,'Written Exam Marks'!$H:$Q,9,FALSE) -> #N/A | CE17: =IF(COUNTIF($CA17:$CB17,"P-*")>0,"Present", IF(COUNTIF($CA17:$CB17,"A-*")>0,"Absent", IF(COUNTIF($CA17:$CB17,"No Data")>0,"No Data",""))) -> No Data | CF17: =IF(LEFT($CA17,2)="P-",$CA17,IF(LEFT($CB17,2)="P-",$CB17,IF(LEFT($CA17,2)="A-",$CA17,IF(LEFT($CB17,2)="A-",$CB17,IF($CA17="No Data",$CA17,IF($CB17="No Data",$CB17,"")))))) -> No Data | CG17: 4 | CH17: 4 | CI17: 8.5 | CJ17: 9 | CK17: 10 | CL17: 10 | CM17: 45.5 | CN17: 50 | CO17: Writing Practice | CP17: BDSDF112 | CQ17: =CONCATENATE($C17,"-",$CP17) -> 2025EB1100014-BDSDF112 | CR17: =COUNTIF($CG17:$CH17,"A") & " " & "missed" -> 0 missed | CS17: =COUNTIF($CI17:$CJ17,"A") & " " & "missed" -> 0 missed | CT17: =2-COUNTIF($CG17:$CH17,"A") -> 2 | CU17: =2-COUNTIF($CI17:$CJ17,"A") -> 2 | CV17: =$CT17/2 -> 1 | CW17: =$CU17/2 -> 1 | CX17: =COUNTIF($CG17:$CJ17, "A") & " " &"missed" -> 0 missed | CY17: =4- COUNTIF($CG17:$CJ17, "A") -> 4 | CZ17: =$CY17/4 -> 1 | DA17: =CONCATENATE("Q-",$CT17," A-",$CU17," || Q Total-2, A Total-2") -> Q-2 A-2 || Q Total-2, A Total-2 | DB17: {=IFERROR(INDEX('Attendance-Slot-1'!$Q$2:$Q$1112,MATCH(1,('Attendance-Slot-1'!$A$2:$A$1112=$C17)*('Attendance-Slot-1'!$G$2:$G$1112=DB$2),0)),"No Data")} -> P-S1_Onsite | DC17: {=IFERROR(INDEX('Attendance-Slot-2'!$Q$2:$Q$2595,MATCH(1,('Attendance-Slot-2'!$A$2:$A$2595=$C17)*('Attendance-Slot-2'!$G$2:$G$2595=DB$2),0)),"No Data")} -> No Data | DD17: =VLOOKUP($CQ17,'Written Exam Marks'!$H:$Q,10,FALSE) -> 28.5 | DE17: =VLOOKUP($CQ17,'Written Exam Marks'!$H:$Q,9,FALSE) -> 50 | DF17: =IF(COUNTIF($DB17:$DC17,"P-*")>0,"Present", IF(COUNTIF($DB17:$DC17,"A-*")>0,"Absent", IF(COUNTIF($DB17:$DC17,"No Data")>0,"No Data",""))) -> Present | DG17: =IF(LEFT($DB17,2)="P-",$DB17,IF(LEFT($DC17,2)="P-",$DC17,IF(LEFT($DB17,2)="A-",$DB17,IF(LEFT($DC17,2)="A-",$DC17,IF($DB17="No Data",$DB17,IF($DC17="No Data",$DC17,"")))))) -> P-S1_Onsite | DH17: 90 | DI17: 90 | DJ17: 100 | DK17: ="P-"&(COUNTIF($AB17,"P-*")+COUNTIF($BB17,"P-*")+COUNTIF($CA17,"P-*")+COUNTIF($DB17,"P-*"))&", A-"&(COUNTIF($AB17,"A-*")+COUNTIF($BB17,"A-*")+COUNTIF($CA17,"A-*")+COUNTIF($DB17,"A-*"))&", No Data-"&(COUNTIF($AB17,"No Data")+COUNTIF($BB17,"No Data")+COUNTIF($CA17,"No Data")+COUNTIF($DB17,"No Data")) -> P-3, A-0, No Data-1 | DL17: ="P-"&(COUNTIF($AC17,"P-*")+COUNTIF($BC17,"P-*")+COUNTIF($CB17,"P-*")+COUNTIF($DC17,"P-*"))&", A-"&(COUNTIF($AC17,"A-*")+COUNTIF($BC17,"A-*")+COUNTIF($CB17,"A-*")+COUNTIF($DC17,"A-*"))&", No Data-"&(COUNTIF($AC17,"No Data")+COUNTIF($BC17,"No Data")+COUNTIF($CB17,"No Data")+COUNTIF($DC17,"No Data")) -> P-0, A-0, No Data-4 | DM17: =IF(LEFT($AB17,2)="P-",$AB17, IF(LEFT($AC17,2)="P-",$AC17, IF(LEFT($AB17,2)="A-",$AB17, IF(LEFT($AC17,2)="A-",$AC17, IF($AB17="No Data",$AB17, IF($AC17="No Data",$AC17,"")))))) -> P-S1_Onsite | DN17: =IF(LEFT($DB17,2)="P-",$DB17, IF(LEFT($DC17,2)="P-",$DC17, IF(LEFT($DB17,2)="A-",$DB17, IF(LEFT($DC17,2)="A-",$DC17, IF($DB17="No Data",$DB17, IF($DC17="No Data",$DC17,"")))))) -> P-S1_Onsite | DO17: =IF(LEFT($BB17,2)="P-",$BB17, IF(LEFT($BC17,2)="P-",$BC17, IF(LEFT($BB17,2)="A-",$BB17, IF(LEFT($BC17,2)="A-",$BC17, IF($BB17="No Data",$BB17, IF($BC17="No Data",$BC17,"")))))) -> P-S1_Onsite | DP17: =IF(LEFT($CA17,2)="P-",$CA17, IF(LEFT($CB17,2)="P-",$CB17, IF(LEFT($CA17,2)="A-",$CA17, IF(LEFT($CB17,2)="A-",$CB17, IF($CA17="No Data",$CA17, IF($CB17="No Data",$CB17,"")))))) -> No Data | DQ17: ="P-"&COUNTIF($DM17:$DP17,"P-*")&", A-"&COUNTIF($DM17:$DP17,"A-*")&", No Data-"&COUNTIF($DM17:$DP17,"No Data") -> P-3, A-0, No Data-1 | DR17: =IF( AND( $AA17="Q-4 A-1 || Q Total-4, A Total-1", $BA17="Q-3 A-2 || Q Total-3, A Total-2", $BZ17="Q-3 A-1 || Q Total-3, A Total-1", $DA17="Q-2 A-2 || Q Total-2, A Total-2" ), 1, 0 ) -> 0 | DS17: Activated | DT17: Exam Given | DU17: 2025EB1100014
A18: 15 | B18: BS DS-AI | C18: 2025EB1100015 | D18: 2025eb1100015@bitspilani-digital.edu.in | E18: TADIMALLA ADITI | F18: FEMALE | G18: `+91-7032246571 | H18: 6.4 | I18: A | J18: 5.6 | K18: 4.8 | L18: 25.2 | M18: 42 | N18: 60 | O18: Computer Programming | P18: BDSDF113 | Q18: =CONCATENATE($C18,"-",$P18) -> 2025EB1100015-BDSDF113 | R18: =COUNTIF($H18:$K18,"A") & " " & "missed" -> 1 missed | S18: =COUNTIF(L18,"A") & " " & "missed" -> 0 missed | T18: =4-COUNTIF($H18:$K18,"A") -> 3 | U18: =1-COUNTIF($L18,"A") -> 1 | V18: =$T18/4 -> 0.75 | W18: =$U18/1 -> 1 | X18: =COUNTIF($H18:$L18, "A") & " " &"missed" -> 1 missed | Y18: =5- COUNTIF($H18:$L18, "A") -> 4 | Z18: =$Y18/5 -> 0.8 | AA18: =CONCATENATE("Q-",$T18," A-",$U18," || Q Total-4, A Total-1") -> Q-3 A-1 || Q Total-4, A Total-1 | AB18: {=IFERROR(INDEX('Attendance-Slot-1'!$Q$2:$Q$1112,MATCH(1,('Attendance-Slot-1'!$A$2:$A$1112=$C18)*('Attendance-Slot-1'!$G$2:$G$1112=AB$2),0)),"No Data")} -> No Data | AC18: {=IFERROR(INDEX('Attendance-Slot-2'!$Q$2:$Q$2595,MATCH(1,('Attendance-Slot-2'!$A$2:$A$2595=$C18)*('Attendance-Slot-2'!$G$2:$G$2595=AB$2),0)),"No Data")} -> P-S2_Onsite | AD18: =VLOOKUP($Q18,'Written Exam Marks'!$H:$Q,10,FALSE) -> 17 | AE18: =VLOOKUP($Q18,'Written Exam Marks'!$H:$Q,9,FALSE) -> 40 | AF18: =IF(COUNTIF($AB18:$AC18,"P-*")>0,"Present", IF(COUNTIF($AB18:$AC18,"A-*")>0,"Absent", IF(COUNTIF($AB18:$AC18,"No Data")>0,"No Data",""))) -> Present | AG18: =IF(LEFT($AB18,2)="P-",$AB18,IF(LEFT($AC18,2)="P-",$AC18,IF(LEFT($AB18,2)="A-",$AB18,IF(LEFT($AC18,2)="A-",$AC18,IF($AB18="No Data",$AB18,IF($AC18="No Data",$AC18,"")))))) -> P-S2_Onsite | AH18: 3 | AI18: 5 | AJ18: 5.3333333 | AK18: 9 | AL18: A | AM18: 22.333333 | AN18: 60 | AO18: Computer Systems | AP18: BDSDF108 | AQ18: =CONCATENATE($C18,"-",$AP18) -> 2025EB1100015-BDSDF108 | AR18: =COUNTIF($AJ18:$AL18,"A") & " " & "missed" -> 1 missed | AS18: =COUNTIF($AH18:$AI18,"A") & " " & "missed" -> 0 missed | AT18: =3-COUNTIF(AJ18:AL18,"A") -> 2 | AU18: =2-COUNTIF($AH18:$AI18,"A") -> 2 | AV18: =$AT18/3 -> 0.66666667 | AW18: =$AU18/2 -> 1 | AX18: =COUNTIF($AH18:$AL18, "A") & " " &"missed" -> 1 missed | AY18: =5- COUNTIF($AH18:$AL18, "A") -> 4 | AZ18: =$AY18/5 -> 0.8 | BA18: =CONCATENATE("Q-",$AT18," A-",$AU18," || Q Total-3, A Total-2") -> Q-2 A-2 || Q Total-3, A Total-2 | BB18: {=IFERROR(INDEX('Attendance-Slot-1'!$Q$2:$Q$1112,MATCH(1,('Attendance-Slot-1'!$A$2:$A$1112=$C18)*('Attendance-Slot-1'!$G$2:$G$1112=BB$2),0)),"No Data")} -> No Data | BC18: {=IFERROR(INDEX('Attendance-Slot-2'!$Q$2:$Q$2595,MATCH(1,('Attendance-Slot-2'!$A$2:$A$2595=$C18)*('Attendance-Slot-2'!$G$2:$G$2595=BB$2),0)),"No Data")} -> P-S2_Onsite | BD18: =VLOOKUP($AQ18,'Written Exam Marks'!$H:$Q,10,FALSE) -> 17 | BE18: =VLOOKUP($AQ18,'Written Exam Marks'!$H:$Q,9,FALSE) -> 40 | BF18: =IF(COUNTIF($BB18:$BC18,"P-*")>0,"Present", IF(COUNTIF($BB18:$BC18,"A-*")>0,"Absent", IF(COUNTIF($BB18:$BC18,"No Data")>0,"No Data",""))) -> Present | BG18: =IF(LEFT($BB18,2)="P-",$BB18,IF(LEFT($BC18,2)="P-",$BC18,IF(LEFT($BB18,2)="A-",$BB18,IF(LEFT($BC18,2)="A-",$BC18,IF($BB18="No Data",$BB18,IF($BC18="No Data",$BC18,"")))))) -> P-S2_Onsite | BH18: 9 | BI18: A | BJ18: 12 | BK18: A | BL18: 21 | BM18: 60 | BN18: Probability & Statistics | BO18: BDSDF114 | BP18: =CONCATENATE($C18,"-",$BO18) -> 2025EB1100015-BDSDF114 | BQ18: =COUNTIF($BH18:$BJ18,"A") & " " & "missed" -> 1 missed | BR18: =COUNTIF($BK18,"A") & " " & "missed" -> 1 missed | BS18: =3-COUNTIF($BH18:$BJ18,"A") -> 2 | BT18: =1-COUNTIF($BK18,"A") -> 0 | BU18: =$BS18/3 -> 0.66666667 | BV18: =$BT18/1 -> 0 | BW18: =COUNTIF($BH18:$BK18, "A") & " " &"missed" -> 2 missed | BX18: =4- COUNTIF(BH18:BK18, "A") -> 2 | BY18: =$BX18/4 -> 0.5 | BZ18: =CONCATENATE("Q-",$BS18," A-",$BT18," || Q Total-3, A Total-1") -> Q-2 A-0 || Q Total-3, A Total-1 | CA18: {=IFERROR(INDEX('Attendance-Slot-1'!$Q$2:$Q$1112,MATCH(1,('Attendance-Slot-1'!$A$2:$A$1112=$C18)*('Attendance-Slot-1'!$G$2:$G$1112=CA$2),0)),"No Data")} -> No Data | CB18: {=IFERROR(INDEX('Attendance-Slot-2'!$Q$2:$Q$2595,MATCH(1,('Attendance-Slot-2'!$A$2:$A$2595=$C18)*('Attendance-Slot-2'!$G$2:$G$2595=CA$2),0)),"No Data")} -> P-S2_Onsite | CC18: =VLOOKUP($BP18,'Written Exam Marks'!$H:$Q,10,FALSE) -> 11.5 | CD18: =VLOOKUP($BP18,'Written Exam Marks'!$H:$Q,9,FALSE) -> 40 | CE18: =IF(COUNTIF($CA18:$CB18,"P-*")>0,"Present", IF(COUNTIF($CA18:$CB18,"A-*")>0,"Absent", IF(COUNTIF($CA18:$CB18,"No Data")>0,"No Data",""))) -> Present | CF18: =IF(LEFT($CA18,2)="P-",$CA18,IF(LEFT($CB18,2)="P-",$CB18,IF(LEFT($CA18,2)="A-",$CA18,IF(LEFT($CB18,2)="A-",$CB18,IF($CA18="No Data",$CA18,IF($CB18="No Data",$CB18,"")))))) -> P-S2_Onsite | CG18: 3 | CH18: A | CI18: 9 | CJ18: 8 | CK18: 10 | CL18: 10 | CM18: 40 | CN18: 50 | CO18: Writing Practice | CP18: BDSDF112 | CQ18: =CONCATENATE($C18,"-",$CP18) -> 2025EB1100015-BDSDF112 | CR18: =COUNTIF($CG18:$CH18,"A") & " " & "missed" -> 1 missed | CS18: =COUNTIF($CI18:$CJ18,"A") & " " & "missed" -> 0 missed | CT18: =2-COUNTIF($CG18:$CH18,"A") -> 1 | CU18: =2-COUNTIF($CI18:$CJ18,"A") -> 2 | CV18: =$CT18/2 -> 0.5 | CW18: =$CU18/2 -> 1 | CX18: =COUNTIF($CG18:$CJ18, "A") & " " &"missed" -> 1 missed | CY18: =4- COUNTIF($CG18:$CJ18, "A") -> 3 | CZ18: =$CY18/4 -> 0.75 | DA18: =CONCATENATE("Q-",$CT18," A-",$CU18," || Q Total-2, A Total-2") -> Q-1 A-2 || Q Total-2, A Total-2 | DB18: {=IFERROR(INDEX('Attendance-Slot-1'!$Q$2:$Q$1112,MATCH(1,('Attendance-Slot-1'!$A$2:$A$1112=$C18)*('Attendance-Slot-1'!$G$2:$G$1112=DB$2),0)),"No Data")} -> No Data | DC18: {=IFERROR(INDEX('Attendance-Slot-2'!$Q$2:$Q$2595,MATCH(1,('Attendance-Slot-2'!$A$2:$A$2595=$C18)*('Attendance-Slot-2'!$G$2:$G$2595=DB$2),0)),"No Data")} -> P-S2_Onsite | DD18: =VLOOKUP($CQ18,'Written Exam Marks'!$H:$Q,10,FALSE) -> 27 | DE18: =VLOOKUP($CQ18,'Written Exam Marks'!$H:$Q,9,FALSE) -> 50 | DF18: =IF(COUNTIF($DB18:$DC18,"P-*")>0,"Present", IF(COUNTIF($DB18:$DC18,"A-*")>0,"Absent", IF(COUNTIF($DB18:$DC18,"No Data")>0,"No Data",""))) -> Present | DG18: =IF(LEFT($DB18,2)="P-",$DB18,IF(LEFT($DC18,2)="P-",$DC18,IF(LEFT($DB18,2)="A-",$DB18,IF(LEFT($DC18,2)="A-",$DC18,IF($DB18="No Data",$DB18,IF($DC18="No Data",$DC18,"")))))) -> P-S2_Onsite | DH18: 85 | DI18: 85 | DJ18: 100 | DK18: ="P-"&(COUNTIF($AB18,"P-*")+COUNTIF($BB18,"P-*")+COUNTIF($CA18,"P-*")+COUNTIF($DB18,"P-*"))&", A-"&(COUNTIF($AB18,"A-*")+COUNTIF($BB18,"A-*")+COUNTIF($CA18,"A-*")+COUNTIF($DB18,"A-*"))&", No Data-"&(COUNTIF($AB18,"No Data")+COUNTIF($BB18,"No Data")+COUNTIF($CA18,"No Data")+COUNTIF($DB18,"No Data")) -> P-0, A-0, No Data-4 | DL18: ="P-"&(COUNTIF($AC18,"P-*")+COUNTIF($BC18,"P-*")+COUNTIF($CB18,"P-*")+COUNTIF($DC18,"P-*"))&", A-"&(COUNTIF($AC18,"A-*")+COUNTIF($BC18,"A-*")+COUNTIF($CB18,"A-*")+COUNTIF($DC18,"A-*"))&", No Data-"&(COUNTIF($AC18,"No Data")+COUNTIF($BC18,"No Data")+COUNTIF($CB18,"No Data")+COUNTIF($DC18,"No Data")) -> P-4, A-0, No Data-0 | DM18: =IF(LEFT($AB18,2)="P-",$AB18, IF(LEFT($AC18,2)="P-",$AC18, IF(LEFT($AB18,2)="A-",$AB18, IF(LEFT($AC18,2)="A-",$AC18, IF($AB18="No Data",$AB18, IF($AC18="No Data",$AC18,"")))))) -> P-S2_Onsite | DN18: =IF(LEFT($DB18,2)="P-",$DB18, IF(LEFT($DC18,2)="P-",$DC18, IF(LEFT($DB18,2)="A-",$DB18, IF(LEFT($DC18,2)="A-",$DC18, IF($DB18="No Data",$DB18, IF($DC18="No Data",$DC18,"")))))) -> P-S2_Onsite | DO18: =IF(LEFT($BB18,2)="P-",$BB18, IF(LEFT($BC18,2)="P-",$BC18, IF(LEFT($BB18,2)="A-",$BB18, IF(LEFT($BC18,2)="A-",$BC18, IF($BB18="No Data",$BB18, IF($BC18="No Data",$BC18,"")))))) -> P-S2_Onsite | DP18: =IF(LEFT($CA18,2)="P-",$CA18, IF(LEFT($CB18,2)="P-",$CB18, IF(LEFT($CA18,2)="A-",$CA18, IF(LEFT($CB18,2)="A-",$CB18, IF($CA18="No Data",$CA18, IF($CB18="No Data",$CB18,"")))))) -> P-S2_Onsite | DQ18: ="P-"&COUNTIF($DM18:$DP18,"P-*")&", A-"&COUNTIF($DM18:$DP18,"A-*")&", No Data-"&COUNTIF($DM18:$DP18,"No Data") -> P-4, A-0, No Data-0 | DR18: =IF( AND( $AA18="Q-4 A-1 || Q Total-4, A Total-1", $BA18="Q-3 A-2 || Q Total-3, A Total-2", $BZ18="Q-3 A-1 || Q Total-3, A Total-1", $DA18="Q-2 A-2 || Q Total-2, A Total-2" ), 1, 0 ) -> 0 | DS18: Activated | DT18: Exam Given | DU18: 2025EB1100015
A19: 16 | B19: BS DS-AI | C19: 2025EB1100016 | D19: 2025eb1100016@bitspilani-digital.edu.in | E19: AKASH.T | F19: MALE | G19: `+91-6282649407 | H19: 8 | I19: 7.2 | J19: 8 | K19: 8 | L19: 28 | M19: 59.2 | N19: 60 | O19: Computer Programming | P19: BDSDF113 | Q19: =CONCATENATE($C19,"-",$P19) -> 2025EB1100016-BDSDF113 | R19: =COUNTIF($H19:$K19,"A") & " " & "missed" -> 0 missed | S19: =COUNTIF(L19,"A") & " " & "missed" -> 0 missed | T19: =4-COUNTIF($H19:$K19,"A") -> 4 | U19: =1-COUNTIF($L19,"A") -> 1 | V19: =$T19/4 -> 1 | W19: =$U19/1 -> 1 | X19: =COUNTIF($H19:$L19, "A") & " " &"missed" -> 0 missed | Y19: =5- COUNTIF($H19:$L19, "A") -> 5 | Z19: =$Y19/5 -> 1 | AA19: =CONCATENATE("Q-",$T19," A-",$U19," || Q Total-4, A Total-1") -> Q-4 A-1 || Q Total-4, A Total-1 | AB19: {=IFERROR(INDEX('Attendance-Slot-1'!$Q$2:$Q$1112,MATCH(1,('Attendance-Slot-1'!$A$2:$A$1112=$C19)*('Attendance-Slot-1'!$G$2:$G$1112=AB$2),0)),"No Data")} -> No Data | AC19: {=IFERROR(INDEX('Attendance-Slot-2'!$Q$2:$Q$2595,MATCH(1,('Attendance-Slot-2'!$A$2:$A$2595=$C19)*('Attendance-Slot-2'!$G$2:$G$2595=AB$2),0)),"No Data")} -> A-S2_Onsite | AD19: =VLOOKUP($Q19,'Written Exam Marks'!$H:$Q,10,FALSE) -> #N/A | AE19: =VLOOKUP($Q19,'Written Exam Marks'!$H:$Q,9,FALSE) -> #N/A | AF19: =IF(COUNTIF($AB19:$AC19,"P-*")>0,"Present", IF(COUNTIF($AB19:$AC19,"A-*")>0,"Absent", IF(COUNTIF($AB19:$AC19,"No Data")>0,"No Data",""))) -> Absent | AG19: =IF(LEFT($AB19,2)="P-",$AB19,IF(LEFT($AC19,2)="P-",$AC19,IF(LEFT($AB19,2)="A-",$AB19,IF(LEFT($AC19,2)="A-",$AC19,IF($AB19="No Data",$AB19,IF($AC19="No Data",$AC19,"")))))) -> A-S2_Onsite | AH19: 15 | AI19: 13 | AJ19: 8 | AK19: 10 | AL19: 10 | AM19: 56 | AN19: 60 | AO19: Computer Systems | AP19: BDSDF108 | AQ19: =CONCATENATE($C19,"-",$AP19) -> 2025EB1100016-BDSDF108 | AR19: =COUNTIF($AJ19:$AL19,"A") & " " & "missed" -> 0 missed | AS19: =COUNTIF($AH19:$AI19,"A") & " " & "missed" -> 0 missed | AT19: =3-COUNTIF(AJ19:AL19,"A") -> 3 | AU19: =2-COUNTIF($AH19:$AI19,"A") -> 2 | AV19: =$AT19/3 -> 1 | AW19: =$AU19/2 -> 1 | AX19: =COUNTIF($AH19:$AL19, "A") & " " &"missed" -> 0 missed | AY19: =5- COUNTIF($AH19:$AL19, "A") -> 5 | AZ19: =$AY19/5 -> 1 | BA19: =CONCATENATE("Q-",$AT19," A-",$AU19," || Q Total-3, A Total-2") -> Q-3 A-2 || Q Total-3, A Total-2 | BB19: {=IFERROR(INDEX('Attendance-Slot-1'!$Q$2:$Q$1112,MATCH(1,('Attendance-Slot-1'!$A$2:$A$1112=$C19)*('Attendance-Slot-1'!$G$2:$G$1112=BB$2),0)),"No Data")} -> No Data | BC19: {=IFERROR(INDEX('Attendance-Slot-2'!$Q$2:$Q$2595,MATCH(1,('Attendance-Slot-2'!$A$2:$A$2595=$C19)*('Attendance-Slot-2'!$G$2:$G$2595=BB$2),0)),"No Data")} -> P-S2_Onsite | BD19: =VLOOKUP($AQ19,'Written Exam Marks'!$H:$Q,10,FALSE) -> 12 | BE19: =VLOOKUP($AQ19,'Written Exam Marks'!$H:$Q,9,FALSE) -> 40 | BF19: =IF(COUNTIF($BB19:$BC19,"P-*")>0,"Present", IF(COUNTIF($BB19:$BC19,"A-*")>0,"Absent", IF(COUNTIF($BB19:$BC19,"No Data")>0,"No Data",""))) -> Present | BG19: =IF(LEFT($BB19,2)="P-",$BB19,IF(LEFT($BC19,2)="P-",$BC19,IF(LEFT($BB19,2)="A-",$BB19,IF(LEFT($BC19,2)="A-",$BC19,IF($BB19="No Data",$BB19,IF($BC19="No Data",$BC19,"")))))) -> P-S2_Onsite | BH19: 10 | BI19: 15 | BJ19: 15 | BK19: A | BL19: 40 | BM19: 60 | BN19: Probability & Statistics | BO19: BDSDF114 | BP19: =CONCATENATE($C19,"-",$BO19) -> 2025EB1100016-BDSDF114 | BQ19: =COUNTIF($BH19:$BJ19,"A") & " " & "missed" -> 0 missed | BR19: =COUNTIF($BK19,"A") & " " & "missed" -> 1 missed | BS19: =3-COUNTIF($BH19:$BJ19,"A") -> 3 | BT19: =1-COUNTIF($BK19,"A") -> 0 | BU19: =$BS19/3 -> 1 | BV19: =$BT19/1 -> 0 | BW19: =COUNTIF($BH19:$BK19, "A") & " " &"missed" -> 1 missed | BX19: =4- COUNTIF(BH19:BK19, "A") -> 3 | BY19: =$BX19/4 -> 0.75 | BZ19: =CONCATENATE("Q-",$BS19," A-",$BT19," || Q Total-3, A Total-1") -> Q-3 A-0 || Q Total-3, A Total-1 | CA19: {=IFERROR(INDEX('Attendance-Slot-1'!$Q$2:$Q$1112,MATCH(1,('Attendance-Slot-1'!$A$2:$A$1112=$C19)*('Attendance-Slot-1'!$G$2:$G$1112=CA$2),0)),"No Data")} -> No Data | CB19: {=IFERROR(INDEX('Attendance-Slot-2'!$Q$2:$Q$2595,MATCH(1,('Attendance-Slot-2'!$A$2:$A$2595=$C19)*('Attendance-Slot-2'!$G$2:$G$2595=CA$2),0)),"No Data")} -> A-S2_Onsite | CC19: =VLOOKUP($BP19,'Written Exam Marks'!$H:$Q,10,FALSE) -> #N/A | CD19: =VLOOKUP($BP19,'Written Exam Marks'!$H:$Q,9,FALSE) -> #N/A | CE19: =IF(COUNTIF($CA19:$CB19,"P-*")>0,"Present", IF(COUNTIF($CA19:$CB19,"A-*")>0,"Absent", IF(COUNTIF($CA19:$CB19,"No Data")>0,"No Data",""))) -> Absent | CF19: =IF(LEFT($CA19,2)="P-",$CA19,IF(LEFT($CB19,2)="P-",$CB19,IF(LEFT($CA19,2)="A-",$CA19,IF(LEFT($CB19,2)="A-",$CB19,IF($CA19="No Data",$CA19,IF($CB19="No Data",$CB19,"")))))) -> A-S2_Onsite | CG19: 5 | CH19: 4 | CI19: 8 | CJ19: 7 | CK19: 10 | CL19: 10 | CM19: 44 | CN19: 50 | CO19: Writing Practice | CP19: BDSDF112 | CQ19: =CONCATENATE($C19,"-",$CP19) -> 2025EB1100016-BDSDF112 | CR19: =COUNTIF($CG19:$CH19,"A") & " " & "missed" -> 0 missed | CS19: =COUNTIF($CI19:$CJ19,"A") & " " & "missed" -> 0 missed | CT19: =2-COUNTIF($CG19:$CH19,"A") -> 2 | CU19: =2-COUNTIF($CI19:$CJ19,"A") -> 2 | CV19: =$CT19/2 -> 1 | CW19: =$CU19/2 -> 1 | CX19: =COUNTIF($CG19:$CJ19, "A") & " " &"missed" -> 0 missed | CY19: =4- COUNTIF($CG19:$CJ19, "A") -> 4 | CZ19: =$CY19/4 -> 1 | DA19: =CONCATENATE("Q-",$CT19," A-",$CU19," || Q Total-2, A Total-2") -> Q-2 A-2 || Q Total-2, A Total-2 | DB19: {=IFERROR(INDEX('Attendance-Slot-1'!$Q$2:$Q$1112,MATCH(1,('Attendance-Slot-1'!$A$2:$A$1112=$C19)*('Attendance-Slot-1'!$G$2:$G$1112=DB$2),0)),"No Data")} -> No Data | DC19: {=IFERROR(INDEX('Attendance-Slot-2'!$Q$2:$Q$2595,MATCH(1,('Attendance-Slot-2'!$A$2:$A$2595=$C19)*('Attendance-Slot-2'!$G$2:$G$2595=DB$2),0)),"No Data")} -> P-S2_Onsite | DD19: =VLOOKUP($CQ19,'Written Exam Marks'!$H:$Q,10,FALSE) -> 15 | DE19: =VLOOKUP($CQ19,'Written Exam Marks'!$H:$Q,9,FALSE) -> 50 | DF19: =IF(COUNTIF($DB19:$DC19,"P-*")>0,"Present", IF(COUNTIF($DB19:$DC19,"A-*")>0,"Absent", IF(COUNTIF($DB19:$DC19,"No Data")>0,"No Data",""))) -> Present | DG19: =IF(LEFT($DB19,2)="P-",$DB19,IF(LEFT($DC19,2)="P-",$DC19,IF(LEFT($DB19,2)="A-",$DB19,IF(LEFT($DC19,2)="A-",$DC19,IF($DB19="No Data",$DB19,IF($DC19="No Data",$DC19,"")))))) -> P-S2_Onsite | DH19: 90 | DI19: 90 | DJ19: 100 | DK19: ="P-"&(COUNTIF($AB19,"P-*")+COUNTIF($BB19,"P-*")+COUNTIF($CA19,"P-*")+COUNTIF($DB19,"P-*"))&", A-"&(COUNTIF($AB19,"A-*")+COUNTIF($BB19,"A-*")+COUNTIF($CA19,"A-*")+COUNTIF($DB19,"A-*"))&", No Data-"&(COUNTIF($AB19,"No Data")+COUNTIF($BB19,"No Data")+COUNTIF($CA19,"No Data")+COUNTIF($DB19,"No Data")) -> P-0, A-0, No Data-4 | DL19: ="P-"&(COUNTIF($AC19,"P-*")+COUNTIF($BC19,"P-*")+COUNTIF($CB19,"P-*")+COUNTIF($DC19,"P-*"))&", A-"&(COUNTIF($AC19,"A-*")+COUNTIF($BC19,"A-*")+COUNTIF($CB19,"A-*")+COUNTIF($DC19,"A-*"))&", No Data-"&(COUNTIF($AC19,"No Data")+COUNTIF($BC19,"No Data")+COUNTIF($CB19,"No Data")+COUNTIF($DC19,"No Data")) -> P-2, A-2, No Data-0 | DM19: =IF(LEFT($AB19,2)="P-",$AB19, IF(LEFT($AC19,2)="P-",$AC19, IF(LEFT($AB19,2)="A-",$AB19, IF(LEFT($AC19,2)="A-",$AC19, IF($AB19="No Data",$AB19, IF($AC19="No Data",$AC19,"")))))) -> A-S2_Onsite | DN19: =IF(LEFT($DB19,2)="P-",$DB19, IF(LEFT($DC19,2)="P-",$DC19, IF(LEFT($DB19,2)="A-",$DB19, IF(LEFT($DC19,2)="A-",$DC19, IF($DB19="No Data",$DB19, IF($DC19="No Data",$DC19,"")))))) -> P-S2_Onsite | DO19: =IF(LEFT($BB19,2)="P-",$BB19, IF(LEFT($BC19,2)="P-",$BC19, IF(LEFT($BB19,2)="A-",$BB19, IF(LEFT($BC19,2)="A-",$BC19, IF($BB19="No Data",$BB19, IF($BC19="No Data",$BC19,"")))))) -> P-S2_Onsite | DP19: =IF(LEFT($CA19,2)="P-",$CA19, IF(LEFT($CB19,2)="P-",$CB19, IF(LEFT($CA19,2)="A-",$CA19, IF(LEFT($CB19,2)="A-",$CB19, IF($CA19="No Data",$CA19, IF($CB19="No Data",$CB19,"")))))) -> A-S2_Onsite | DQ19: ="P-"&COUNTIF($DM19:$DP19,"P-*")&", A-"&COUNTIF($DM19:$DP19,"A-*")&", No Data-"&COUNTIF($DM19:$DP19,"No Data") -> P-2, A-2, No Data-0 | DR19: =IF( AND( $AA19="Q-4 A-1 || Q Total-4, A Total-1", $BA19="Q-3 A-2 || Q Total-3, A Total-2", $BZ19="Q-3 A-1 || Q Total-3, A Total-1", $DA19="Q-2 A-2 || Q Total-2, A Total-2" ), 1, 0 ) -> 0 | DS19: Activated | DT19: Exam Given | DU19: 2025EB1100016
A20: 17 | B20: BS DS-AI | C20: 2025EB1100017 | D20: 2025eb1100017@bitspilani-digital.edu.in | E20: SIDDHANT AGARWAL | F20: MALE | G20: `+91-9330268009 | H20: A | I20: A | J20: A | K20: A | L20: A | M20: 1.6 | N20: 60 | O20: Computer Programming | P20: BDSDF113 | Q20: =CONCATENATE($C20,"-",$P20) -> 2025EB1100017-BDSDF113 | R20: =COUNTIF($H20:$K20,"A") & " " & "missed" -> 4 missed | S20: =COUNTIF(L20,"A") & " " & "missed" -> 1 missed | T20: =4-COUNTIF($H20:$K20,"A") -> 0 | U20: =1-COUNTIF($L20,"A") -> 0 | V20: =$T20/4 -> 0 | W20: =$U20/1 -> 0 | X20: =COUNTIF($H20:$L20, "A") & " " &"missed" -> 5 missed | Y20: =5- COUNTIF($H20:$L20, "A") -> 0 | Z20: =$Y20/5 -> 0 | AA20: =CONCATENATE("Q-",$T20," A-",$U20," || Q Total-4, A Total-1") -> Q-0 A-0 || Q Total-4, A Total-1 | AB20: {=IFERROR(INDEX('Attendance-Slot-1'!$Q$2:$Q$1112,MATCH(1,('Attendance-Slot-1'!$A$2:$A$1112=$C20)*('Attendance-Slot-1'!$G$2:$G$1112=AB$2),0)),"No Data")} -> No Data | AC20: {=IFERROR(INDEX('Attendance-Slot-2'!$Q$2:$Q$2595,MATCH(1,('Attendance-Slot-2'!$A$2:$A$2595=$C20)*('Attendance-Slot-2'!$G$2:$G$2595=AB$2),0)),"No Data")} -> A-S2_Onsite | AD20: =VLOOKUP($Q20,'Written Exam Marks'!$H:$Q,10,FALSE) -> #N/A | AE20: =VLOOKUP($Q20,'Written Exam Marks'!$H:$Q,9,FALSE) -> #N/A | AF20: =IF(COUNTIF($AB20:$AC20,"P-*")>0,"Present", IF(COUNTIF($AB20:$AC20,"A-*")>0,"Absent", IF(COUNTIF($AB20:$AC20,"No Data")>0,"No Data",""))) -> Absent | AG20: =IF(LEFT($AB20,2)="P-",$AB20,IF(LEFT($AC20,2)="P-",$AC20,IF(LEFT($AB20,2)="A-",$AB20,IF(LEFT($AC20,2)="A-",$AC20,IF($AB20="No Data",$AB20,IF($AC20="No Data",$AC20,"")))))) -> A-S2_Onsite | AH20: A | AI20: A | AJ20: A | AK20: A | AL20: A | AM20: 0 | AN20: 60 | AO20: Computer Systems | AP20: BDSDF108 | AQ20: =CONCATENATE($C20,"-",$AP20) -> 2025EB1100017-BDSDF108 | AR20: =COUNTIF($AJ20:$AL20,"A") & " " & "missed" -> 3 missed | AS20: =COUNTIF($AH20:$AI20,"A") & " " & "missed" -> 2 missed | AT20: =3-COUNTIF(AJ20:AL20,"A") -> 0 | AU20: =2-COUNTIF($AH20:$AI20,"A") -> 0 | AV20: =$AT20/3 -> 0 | AW20: =$AU20/2 -> 0 | AX20: =COUNTIF($AH20:$AL20, "A") & " " &"missed" -> 5 missed | AY20: =5- COUNTIF($AH20:$AL20, "A") -> 0 | AZ20: =$AY20/5 -> 0 | BA20: =CONCATENATE("Q-",$AT20," A-",$AU20," || Q Total-3, A Total-2") -> Q-0 A-0 || Q Total-3, A Total-2 | BB20: {=IFERROR(INDEX('Attendance-Slot-1'!$Q$2:$Q$1112,MATCH(1,('Attendance-Slot-1'!$A$2:$A$1112=$C20)*('Attendance-Slot-1'!$G$2:$G$1112=BB$2),0)),"No Data")} -> No Data | BC20: {=IFERROR(INDEX('Attendance-Slot-2'!$Q$2:$Q$2595,MATCH(1,('Attendance-Slot-2'!$A$2:$A$2595=$C20)*('Attendance-Slot-2'!$G$2:$G$2595=BB$2),0)),"No Data")} -> A-S2_Onsite | BD20: =VLOOKUP($AQ20,'Written Exam Marks'!$H:$Q,10,FALSE) -> #N/A | BE20: =VLOOKUP($AQ20,'Written Exam Marks'!$H:$Q,9,FALSE) -> #N/A | BF20: =IF(COUNTIF($BB20:$BC20,"P-*")>0,"Present", IF(COUNTIF($BB20:$BC20,"A-*")>0,"Absent", IF(COUNTIF($BB20:$BC20,"No Data")>0,"No Data",""))) -> Absent | BG20: =IF(LEFT($BB20,2)="P-",$BB20,IF(LEFT($BC20,2)="P-",$BC20,IF(LEFT($BB20,2)="A-",$BB20,IF(LEFT($BC20,2)="A-",$BC20,IF($BB20="No Data",$BB20,IF($BC20="No Data",$BC20,"")))))) -> A-S2_Onsite | BH20: A | BI20: A | BJ20: A | BK20: A | BL20: 0 | BM20: 60 | BN20: Probability & Statistics | BO20: BDSDF114 | BP20: =CONCATENATE($C20,"-",$BO20) -> 2025EB1100017-BDSDF114 | BQ20: =COUNTIF($BH20:$BJ20,"A") & " " & "missed" -> 3 missed | BR20: =COUNTIF($BK20,"A") & " " & "missed" -> 1 missed | BS20: =3-COUNTIF($BH20:$BJ20,"A") -> 0 | BT20: =1-COUNTIF($BK20,"A") -> 0 | BU20: =$BS20/3 -> 0 | BV20: =$BT20/1 -> 0 | BW20: =COUNTIF($BH20:$BK20, "A") & " " &"missed" -> 4 missed | BX20: =4- COUNTIF(BH20:BK20, "A") -> 0 | BY20: =$BX20/4 -> 0 | BZ20: =CONCATENATE("Q-",$BS20," A-",$BT20," || Q Total-3, A Total-1") -> Q-0 A-0 || Q Total-3, A Total-1 | CA20: {=IFERROR(INDEX('Attendance-Slot-1'!$Q$2:$Q$1112,MATCH(1,('Attendance-Slot-1'!$A$2:$A$1112=$C20)*('Attendance-Slot-1'!$G$2:$G$1112=CA$2),0)),"No Data")} -> No Data | CB20: {=IFERROR(INDEX('Attendance-Slot-2'!$Q$2:$Q$2595,MATCH(1,('Attendance-Slot-2'!$A$2:$A$2595=$C20)*('Attendance-Slot-2'!$G$2:$G$2595=CA$2),0)),"No Data")} -> A-S2_Onsite | CC20: =VLOOKUP($BP20,'Written Exam Marks'!$H:$Q,10,FALSE) -> #N/A | CD20: =VLOOKUP($BP20,'Written Exam Marks'!$H:$Q,9,FALSE) -> #N/A | CE20: =IF(COUNTIF($CA20:$CB20,"P-*")>0,"Present", IF(COUNTIF($CA20:$CB20,"A-*")>0,"Absent", IF(COUNTIF($CA20:$CB20,"No Data")>0,"No Data",""))) -> Absent | CF20: =IF(LEFT($CA20,2)="P-",$CA20,IF(LEFT($CB20,2)="P-",$CB20,IF(LEFT($CA20,2)="A-",$CA20,IF(LEFT($CB20,2)="A-",$CB20,IF($CA20="No Data",$CA20,IF($CB20="No Data",$CB20,"")))))) -> A-S2_Onsite | CG20: A | CH20: A | CI20: A | CJ20: A | CK20: A | CL20: A | CM20: 0 | CN20: 50 | CO20: Writing Practice | CP20: BDSDF112 | CQ20: =CONCATENATE($C20,"-",$CP20) -> 2025EB1100017-BDSDF112 | CR20: =COUNTIF($CG20:$CH20,"A") & " " & "missed" -> 2 missed | CS20: =COUNTIF($CI20:$CJ20,"A") & " " & "missed" -> 2 missed | CT20: =2-COUNTIF($CG20:$CH20,"A") -> 0 | CU20: =2-COUNTIF($CI20:$CJ20,"A") -> 0 | CV20: =$CT20/2 -> 0 | CW20: =$CU20/2 -> 0 | CX20: =COUNTIF($CG20:$CJ20, "A") & " " &"missed" -> 4 missed | CY20: =4- COUNTIF($CG20:$CJ20, "A") -> 0 | CZ20: =$CY20/4 -> 0 | DA20: =CONCATENATE("Q-",$CT20," A-",$CU20," || Q Total-2, A Total-2") -> Q-0 A-0 || Q Total-2, A Total-2 | DB20: {=IFERROR(INDEX('Attendance-Slot-1'!$Q$2:$Q$1112,MATCH(1,('Attendance-Slot-1'!$A$2:$A$1112=$C20)*('Attendance-Slot-1'!$G$2:$G$1112=DB$2),0)),"No Data")} -> No Data | DC20: {=IFERROR(INDEX('Attendance-Slot-2'!$Q$2:$Q$2595,MATCH(1,('Attendance-Slot-2'!$A$2:$A$2595=$C20)*('Attendance-Slot-2'!$G$2:$G$2595=DB$2),0)),"No Data")} -> A-S2_Onsite | DD20: =VLOOKUP($CQ20,'Written Exam Marks'!$H:$Q,10,FALSE) -> #N/A | DE20: =VLOOKUP($CQ20,'Written Exam Marks'!$H:$Q,9,FALSE) -> #N/A | DF20: =IF(COUNTIF($DB20:$DC20,"P-*")>0,"Present", IF(COUNTIF($DB20:$DC20,"A-*")>0,"Absent", IF(COUNTIF($DB20:$DC20,"No Data")>0,"No Data",""))) -> Absent | DG20: =IF(LEFT($DB20,2)="P-",$DB20,IF(LEFT($DC20,2)="P-",$DC20,IF(LEFT($DB20,2)="A-",$DB20,IF(LEFT($DC20,2)="A-",$DC20,IF($DB20="No Data",$DB20,IF($DC20="No Data",$DC20,"")))))) -> A-S2_Onsite | DH20: A | DI20: 0 | DJ20: 100 | DK20: ="P-"&(COUNTIF($AB20,"P-*")+COUNTIF($BB20,"P-*")+COUNTIF($CA20,"P-*")+COUNTIF($DB20,"P-*"))&", A-"&(COUNTIF($AB20,"A-*")+COUNTIF($BB20,"A-*")+COUNTIF($CA20,"A-*")+COUNTIF($DB20,"A-*"))&", No Data-"&(COUNTIF($AB20,"No Data")+COUNTIF($BB20,"No Data")+COUNTIF($CA20,"No Data")+COUNTIF($DB20,"No Data")) -> P-0, A-0, No Data-4 | DL20: ="P-"&(COUNTIF($AC20,"P-*")+COUNTIF($BC20,"P-*")+COUNTIF($CB20,"P-*")+COUNTIF($DC20,"P-*"))&", A-"&(COUNTIF($AC20,"A-*")+COUNTIF($BC20,"A-*")+COUNTIF($CB20,"A-*")+COUNTIF($DC20,"A-*"))&", No Data-"&(COUNTIF($AC20,"No Data")+COUNTIF($BC20,"No Data")+COUNTIF($CB20,"No Data")+COUNTIF($DC20,"No Data")) -> P-0, A-4, No Data-0 | DM20: =IF(LEFT($AB20,2)="P-",$AB20, IF(LEFT($AC20,2)="P-",$AC20, IF(LEFT($AB20,2)="A-",$AB20, IF(LEFT($AC20,2)="A-",$AC20, IF($AB20="No Data",$AB20, IF($AC20="No Data",$AC20,"")))))) -> A-S2_Onsite | DN20: =IF(LEFT($DB20,2)="P-",$DB20, IF(LEFT($DC20,2)="P-",$DC20, IF(LEFT($DB20,2)="A-",$DB20, IF(LEFT($DC20,2)="A-",$DC20, IF($DB20="No Data",$DB20, IF($DC20="No Data",$DC20,"")))))) -> A-S2_Onsite | DO20: =IF(LEFT($BB20,2)="P-",$BB20, IF(LEFT($BC20,2)="P-",$BC20, IF(LEFT($BB20,2)="A-",$BB20, IF(LEFT($BC20,2)="A-",$BC20, IF($BB20="No Data",$BB20, IF($BC20="No Data",$BC20,"")))))) -> A-S2_Onsite | DP20: =IF(LEFT($CA20,2)="P-",$CA20, IF(LEFT($CB20,2)="P-",$CB20, IF(LEFT($CA20,2)="A-",$CA20, IF(LEFT($CB20,2)="A-",$CB20, IF($CA20="No Data",$CA20, IF($CB20="No Data",$CB20,"")))))) -> A-S2_Onsite | DQ20: ="P-"&COUNTIF($DM20:$DP20,"P-*")&", A-"&COUNTIF($DM20:$DP20,"A-*")&", No Data-"&COUNTIF($DM20:$DP20,"No Data") -> P-0, A-4, No Data-0 | DR20: =IF( AND( $AA20="Q-4 A-1 || Q Total-4, A Total-1", $BA20="Q-3 A-2 || Q Total-3, A Total-2", $BZ20="Q-3 A-1 || Q Total-3, A Total-1", $DA20="Q-2 A-2 || Q Total-2, A Total-2" ), 1, 0 ) -> 0 | DS20: Activated | DT20: Absent | DU20: 2025EB1100017 | DV20: Preference Not Selected
A21: 18 | B21: BS DS-AI | C21: 2025EB1100018 | D21: 2025eb1100018@bitspilani-digital.edu.in | E21: NIMMAGANTI SUMAHE | F21: FEMALE | G21: `+965-69649746 | H21: 8 | I21: 6.4 | J21: 8 | K21: 8 | L21: 28 | M21: 58.4 | N21: 60 | O21: Computer Programming | P21: BDSDF113 | Q21: =CONCATENATE($C21,"-",$P21) -> 2025EB1100018-BDSDF113 | R21: =COUNTIF($H21:$K21,"A") & " " & "missed" -> 0 missed | S21: =COUNTIF(L21,"A") & " " & "missed" -> 0 missed | T21: =4-COUNTIF($H21:$K21,"A") -> 4 | U21: =1-COUNTIF($L21,"A") -> 1 | V21: =$T21/4 -> 1 | W21: =$U21/1 -> 1 | X21: =COUNTIF($H21:$L21, "A") & " " &"missed" -> 0 missed | Y21: =5- COUNTIF($H21:$L21, "A") -> 5 | Z21: =$Y21/5 -> 1 | AA21: =CONCATENATE("Q-",$T21," A-",$U21," || Q Total-4, A Total-1") -> Q-4 A-1 || Q Total-4, A Total-1 | AB21: {=IFERROR(INDEX('Attendance-Slot-1'!$Q$2:$Q$1112,MATCH(1,('Attendance-Slot-1'!$A$2:$A$1112=$C21)*('Attendance-Slot-1'!$G$2:$G$1112=AB$2),0)),"No Data")} -> No Data | AC21: {=IFERROR(INDEX('Attendance-Slot-2'!$Q$2:$Q$2595,MATCH(1,('Attendance-Slot-2'!$A$2:$A$2595=$C21)*('Attendance-Slot-2'!$G$2:$G$2595=AB$2),0)),"No Data")} -> P-S2_Online | AD21: =VLOOKUP($Q21,'Written Exam Marks'!$H:$Q,10,FALSE) -> 27 | AE21: =VLOOKUP($Q21,'Written Exam Marks'!$H:$Q,9,FALSE) -> 40 | AF21: =IF(COUNTIF($AB21:$AC21,"P-*")>0,"Present", IF(COUNTIF($AB21:$AC21,"A-*")>0,"Absent", IF(COUNTIF($AB21:$AC21,"No Data")>0,"No Data",""))) -> Present | AG21: =IF(LEFT($AB21,2)="P-",$AB21,IF(LEFT($AC21,2)="P-",$AC21,IF(LEFT($AB21,2)="A-",$AB21,IF(LEFT($AC21,2)="A-",$AC21,IF($AB21="No Data",$AB21,IF($AC21="No Data",$AC21,"")))))) -> P-S2_Online | AH21: 12 | AI21: 14 | AJ21: 8 | AK21: 10 | AL21: 9 | AM21: 53 | AN21: 60 | AO21: Computer Systems | AP21: BDSDF108 | AQ21: =CONCATENATE($C21,"-",$AP21) -> 2025EB1100018-BDSDF108 | AR21: =COUNTIF($AJ21:$AL21,"A") & " " & "missed" -> 0 missed | AS21: =COUNTIF($AH21:$AI21,"A") & " " & "missed" -> 0 missed | AT21: =3-COUNTIF(AJ21:AL21,"A") -> 3 | AU21: =2-COUNTIF($AH21:$AI21,"A") -> 2 | AV21: =$AT21/3 -> 1 | AW21: =$AU21/2 -> 1 | AX21: =COUNTIF($AH21:$AL21, "A") & " " &"missed" -> 0 missed | AY21: =5- COUNTIF($AH21:$AL21, "A") -> 5 | AZ21: =$AY21/5 -> 1 | BA21: =CONCATENATE("Q-",$AT21," A-",$AU21," || Q Total-3, A Total-2") -> Q-3 A-2 || Q Total-3, A Total-2 | BB21: {=IFERROR(INDEX('Attendance-Slot-1'!$Q$2:$Q$1112,MATCH(1,('Attendance-Slot-1'!$A$2:$A$1112=$C21)*('Attendance-Slot-1'!$G$2:$G$1112=BB$2),0)),"No Data")} -> No Data | BC21: {=IFERROR(INDEX('Attendance-Slot-2'!$Q$2:$Q$2595,MATCH(1,('Attendance-Slot-2'!$A$2:$A$2595=$C21)*('Attendance-Slot-2'!$G$2:$G$2595=BB$2),0)),"No Data")} -> P-S2_Online | BD21: =VLOOKUP($AQ21,'Written Exam Marks'!$H:$Q,10,FALSE) -> 27 | BE21: =VLOOKUP($AQ21,'Written Exam Marks'!$H:$Q,9,FALSE) -> 40 | BF21: =IF(COUNTIF($BB21:$BC21,"P-*")>0,"Present", IF(COUNTIF($BB21:$BC21,"A-*")>0,"Absent", IF(COUNTIF($BB21:$BC21,"No Data")>0,"No Data",""))) -> Present | BG21: =IF(LEFT($BB21,2)="P-",$BB21,IF(LEFT($BC21,2)="P-",$BC21,IF(LEFT($BB21,2)="A-",$BB21,IF(LEFT($BC21,2)="A-",$BC21,IF($BB21="No Data",$BB21,IF($BC21="No Data",$BC21,"")))))) -> P-S2_Online | BH21: 8 | BI21: 9 | BJ21: 15 | BK21: 19 | BL21: 51 | BM21: 60 | BN21: Probability & Statistics | BO21: BDSDF114 | BP21: =CONCATENATE($C21,"-",$BO21) -> 2025EB1100018-BDSDF114 | BQ21: =COUNTIF($BH21:$BJ21,"A") & " " & "missed" -> 0 missed | BR21: =COUNTIF($BK21,"A") & " " & "missed" -> 0 missed | BS21: =3-COUNTIF($BH21:$BJ21,"A") -> 3 | BT21: =1-COUNTIF($BK21,"A") -> 1 | BU21: =$BS21/3 -> 1 | BV21: =$BT21/1 -> 1 | BW21: =COUNTIF($BH21:$BK21, "A") & " " &"missed" -> 0 missed | BX21: =4- COUNTIF(BH21:BK21, "A") -> 4 | BY21: =$BX21/4 -> 1 | BZ21: =CONCATENATE("Q-",$BS21," A-",$BT21," || Q Total-3, A Total-1") -> Q-3 A-1 || Q Total-3, A Total-1 | CA21: {=IFERROR(INDEX('Attendance-Slot-1'!$Q$2:$Q$1112,MATCH(1,('Attendance-Slot-1'!$A$2:$A$1112=$C21)*('Attendance-Slot-1'!$G$2:$G$1112=CA$2),0)),"No Data")} -> No Data | CB21: {=IFERROR(INDEX('Attendance-Slot-2'!$Q$2:$Q$2595,MATCH(1,('Attendance-Slot-2'!$A$2:$A$2595=$C21)*('Attendance-Slot-2'!$G$2:$G$2595=CA$2),0)),"No Data")} -> P-S2_Online | CC21: =VLOOKUP($BP21,'Written Exam Marks'!$H:$Q,10,FALSE) -> 26.5 | CD21: =VLOOKUP($BP21,'Written Exam Marks'!$H:$Q,9,FALSE) -> 40 | CE21: =IF(COUNTIF($CA21:$CB21,"P-*")>0,"Present", IF(COUNTIF($CA21:$CB21,"A-*")>0,"Absent", IF(COUNTIF($CA21:$CB21,"No Data")>0,"No Data",""))) -> Present | CF21: =IF(LEFT($CA21,2)="P-",$CA21,IF(LEFT($CB21,2)="P-",$CB21,IF(LEFT($CA21,2)="A-",$CA21,IF(LEFT($CB21,2)="A-",$CB21,IF($CA21="No Data",$CA21,IF($CB21="No Data",$CB21,"")))))) -> P-S2_Online | CG21: 5 | CH21: 5 | CI21: 5.5 | CJ21: 8 | CK21: 10 | CL21: 10 | CM21: 43.5 | CN21: 50 | CO21: Writing Practice | CP21: BDSDF112 | CQ21: =CONCATENATE($C21,"-",$CP21) -> 2025EB1100018-BDSDF112 | CR21: =COUNTIF($CG21:$CH21,"A") & " " & "missed" -> 0 missed | CS21: =COUNTIF($CI21:$CJ21,"A") & " " & "missed" -> 0 missed | CT21: =2-COUNTIF($CG21:$CH21,"A") -> 2 | CU21: =2-COUNTIF($CI21:$CJ21,"A") -> 2 | CV21: =$CT21/2 -> 1 | CW21: =$CU21/2 -> 1 | CX21: =COUNTIF($CG21:$CJ21, "A") & " " &"missed" -> 0 missed | CY21: =4- COUNTIF($CG21:$CJ21, "A") -> 4 | CZ21: =$CY21/4 -> 1 | DA21: =CONCATENATE("Q-",$CT21," A-",$CU21," || Q Total-2, A Total-2") -> Q-2 A-2 || Q Total-2, A Total-2 | DB21: {=IFERROR(INDEX('Attendance-Slot-1'!$Q$2:$Q$1112,MATCH(1,('Attendance-Slot-1'!$A$2:$A$1112=$C21)*('Attendance-Slot-1'!$G$2:$G$1112=DB$2),0)),"No Data")} -> No Data | DC21: {=IFERROR(INDEX('Attendance-Slot-2'!$Q$2:$Q$2595,MATCH(1,('Attendance-Slot-2'!$A$2:$A$2595=$C21)*('Attendance-Slot-2'!$G$2:$G$2595=DB$2),0)),"No Data")} -> P-S2_Online | DD21: =VLOOKUP($CQ21,'Written Exam Marks'!$H:$Q,10,FALSE) -> 29.5 | DE21: =VLOOKUP($CQ21,'Written Exam Marks'!$H:$Q,9,FALSE) -> 50 | DF21: =IF(COUNTIF($DB21:$DC21,"P-*")>0,"Present", IF(COUNTIF($DB21:$DC21,"A-*")>0,"Absent", IF(COUNTIF($DB21:$DC21,"No Data")>0,"No Data",""))) -> Present | DG21: =IF(LEFT($DB21,2)="P-",$DB21,IF(LEFT($DC21,2)="P-",$DC21,IF(LEFT($DB21,2)="A-",$DB21,IF(LEFT($DC21,2)="A-",$DC21,IF($DB21="No Data",$DB21,IF($DC21="No Data",$DC21,"")))))) -> P-S2_Online | DH21: 90 | DI21: 90 | DJ21: 100 | DK21: ="P-"&(COUNTIF($AB21,"P-*")+COUNTIF($BB21,"P-*")+COUNTIF($CA21,"P-*")+COUNTIF($DB21,"P-*"))&", A-"&(COUNTIF($AB21,"A-*")+COUNTIF($BB21,"A-*")+COUNTIF($CA21,"A-*")+COUNTIF($DB21,"A-*"))&", No Data-"&(COUNTIF($AB21,"No Data")+COUNTIF($BB21,"No Data")+COUNTIF($CA21,"No Data")+COUNTIF($DB21,"No Data")) -> P-0, A-0, No Data-4 | DL21: ="P-"&(COUNTIF($AC21,"P-*")+COUNTIF($BC21,"P-*")+COUNTIF($CB21,"P-*")+COUNTIF($DC21,"P-*"))&", A-"&(COUNTIF($AC21,"A-*")+COUNTIF($BC21,"A-*")+COUNTIF($CB21,"A-*")+COUNTIF($DC21,"A-*"))&", No Data-"&(COUNTIF($AC21,"No Data")+COUNTIF($BC21,"No Data")+COUNTIF($CB21,"No Data")+COUNTIF($DC21,"No Data")) -> P-4, A-0, No Data-0 | DM21: =IF(LEFT($AB21,2)="P-",$AB21, IF(LEFT($AC21,2)="P-",$AC21, IF(LEFT($AB21,2)="A-",$AB21, IF(LEFT($AC21,2)="A-",$AC21, IF($AB21="No Data",$AB21, IF($AC21="No Data",$AC21,"")))))) -> P-S2_Online | DN21: =IF(LEFT($DB21,2)="P-",$DB21, IF(LEFT($DC21,2)="P-",$DC21, IF(LEFT($DB21,2)="A-",$DB21, IF(LEFT($DC21,2)="A-",$DC21, IF($DB21="No Data",$DB21, IF($DC21="No Data",$DC21,"")))))) -> P-S2_Online | DO21: =IF(LEFT($BB21,2)="P-",$BB21, IF(LEFT($BC21,2)="P-",$BC21, IF(LEFT($BB21,2)="A-",$BB21, IF(LEFT($BC21,2)="A-",$BC21, IF($BB21="No Data",$BB21, IF($BC21="No Data",$BC21,"")))))) -> P-S2_Online | DP21: =IF(LEFT($CA21,2)="P-",$CA21, IF(LEFT($CB21,2)="P-",$CB21, IF(LEFT($CA21,2)="A-",$CA21, IF(LEFT($CB21,2)="A-",$CB21, IF($CA21="No Data",$CA21, IF($CB21="No Data",$CB21,"")))))) -> P-S2_Online | DQ21: ="P-"&COUNTIF($DM21:$DP21,"P-*")&", A-"&COUNTIF($DM21:$DP21,"A-*")&", No Data-"&COUNTIF($DM21:$DP21,"No Data") -> P-4, A-0, No Data-0 | DR21: =IF( AND( $AA21="Q-4 A-1 || Q Total-4, A Total-1", $BA21="Q-3 A-2 || Q Total-3, A Total-2", $BZ21="Q-3 A-1 || Q Total-3, A Total-1", $DA21="Q-2 A-2 || Q Total-2, A Total-2" ), 1, 0 ) -> 1 | DS21: Activated | DT21: Exam Given | DU21: 2025EB1100018
A22: 19 | B22: BS DS-AI | C22: 2025EB1100019 | D22: 2025eb1100019@bitspilani-digital.edu.in | E22: NITISH KUMAR | F22: MALE | G22: `+91-7973245890 | H22: 1.6 | I22: 6.4 | J22: 8 | K22: A | L22: A | M22: 16 | N22: 60 | O22: Computer Programming | P22: BDSDF113 | Q22: =CONCATENATE($C22,"-",$P22) -> 2025EB1100019-BDSDF113 | R22: =COUNTIF($H22:$K22,"A") & " " & "missed" -> 1 missed | S22: =COUNTIF(L22,"A") & " " & "missed" -> 1 missed | T22: =4-COUNTIF($H22:$K22,"A") -> 3 | U22: =1-COUNTIF($L22,"A") -> 0 | V22: =$T22/4 -> 0.75 | W22: =$U22/1 -> 0 | X22: =COUNTIF($H22:$L22, "A") & " " &"missed" -> 2 missed | Y22: =5- COUNTIF($H22:$L22, "A") -> 3 | Z22: =$Y22/5 -> 0.6 | AA22: =CONCATENATE("Q-",$T22," A-",$U22," || Q Total-4, A Total-1") -> Q-3 A-0 || Q Total-4, A Total-1 | AB22: {=IFERROR(INDEX('Attendance-Slot-1'!$Q$2:$Q$1112,MATCH(1,('Attendance-Slot-1'!$A$2:$A$1112=$C22)*('Attendance-Slot-1'!$G$2:$G$1112=AB$2),0)),"No Data")} -> No Data | AC22: {=IFERROR(INDEX('Attendance-Slot-2'!$Q$2:$Q$2595,MATCH(1,('Attendance-Slot-2'!$A$2:$A$2595=$C22)*('Attendance-Slot-2'!$G$2:$G$2595=AB$2),0)),"No Data")} -> P-S2_Onsite | AD22: =VLOOKUP($Q22,'Written Exam Marks'!$H:$Q,10,FALSE) -> 10 | AE22: =VLOOKUP($Q22,'Written Exam Marks'!$H:$Q,9,FALSE) -> 40 | AF22: =IF(COUNTIF($AB22:$AC22,"P-*")>0,"Present", IF(COUNTIF($AB22:$AC22,"A-*")>0,"Absent", IF(COUNTIF($AB22:$AC22,"No Data")>0,"No Data",""))) -> Present | AG22: =IF(LEFT($AB22,2)="P-",$AB22,IF(LEFT($AC22,2)="P-",$AC22,IF(LEFT($AB22,2)="A-",$AB22,IF(LEFT($AC22,2)="A-",$AC22,IF($AB22="No Data",$AB22,IF($AC22="No Data",$AC22,"")))))) -> P-S2_Onsite | AH22: 13.5 | AI22: 13 | AJ22: A | AK22: 10 | AL22: 9 | AM22: 45.5 | AN22: 60 | AO22: Computer Systems | AP22: BDSDF108 | AQ22: =CONCATENATE($C22,"-",$AP22) -> 2025EB1100019-BDSDF108 | AR22: =COUNTIF($AJ22:$AL22,"A") & " " & "missed" -> 1 missed | AS22: =COUNTIF($AH22:$AI22,"A") & " " & "missed" -> 0 missed | AT22: =3-COUNTIF(AJ22:AL22,"A") -> 2 | AU22: =2-COUNTIF($AH22:$AI22,"A") -> 2 | AV22: =$AT22/3 -> 0.66666667 | AW22: =$AU22/2 -> 1 | AX22: =COUNTIF($AH22:$AL22, "A") & " " &"missed" -> 1 missed | AY22: =5- COUNTIF($AH22:$AL22, "A") -> 4 | AZ22: =$AY22/5 -> 0.8 | BA22: =CONCATENATE("Q-",$AT22," A-",$AU22," || Q Total-3, A Total-2") -> Q-2 A-2 || Q Total-3, A Total-2 | BB22: {=IFERROR(INDEX('Attendance-Slot-1'!$Q$2:$Q$1112,MATCH(1,('Attendance-Slot-1'!$A$2:$A$1112=$C22)*('Attendance-Slot-1'!$G$2:$G$1112=BB$2),0)),"No Data")} -> No Data | BC22: {=IFERROR(INDEX('Attendance-Slot-2'!$Q$2:$Q$2595,MATCH(1,('Attendance-Slot-2'!$A$2:$A$2595=$C22)*('Attendance-Slot-2'!$G$2:$G$2595=BB$2),0)),"No Data")} -> A-S2_Onsite | BD22: =VLOOKUP($AQ22,'Written Exam Marks'!$H:$Q,10,FALSE) -> #N/A | BE22: =VLOOKUP($AQ22,'Written Exam Marks'!$H:$Q,9,FALSE) -> #N/A | BF22: =IF(COUNTIF($BB22:$BC22,"P-*")>0,"Present", IF(COUNTIF($BB22:$BC22,"A-*")>0,"Absent", IF(COUNTIF($BB22:$BC22,"No Data")>0,"No Data",""))) -> Absent | BG22: =IF(LEFT($BB22,2)="P-",$BB22,IF(LEFT($BC22,2)="P-",$BC22,IF(LEFT($BB22,2)="A-",$BB22,IF(LEFT($BC22,2)="A-",$BC22,IF($BB22="No Data",$BB22,IF($BC22="No Data",$BC22,"")))))) -> A-S2_Onsite | BH22: 10 | BI22: 13.5 | BJ22: A | BK22: 17 | BL22: 40.5 | BM22: 60 | BN22: Probability & Statistics | BO22: BDSDF114 | BP22: =CONCATENATE($C22,"-",$BO22) -> 2025EB1100019-BDSDF114 | BQ22: =COUNTIF($BH22:$BJ22,"A") & " " & "missed" -> 1 missed | BR22: =COUNTIF($BK22,"A") & " " & "missed" -> 0 missed | BS22: =3-COUNTIF($BH22:$BJ22,"A") -> 2 | BT22: =1-COUNTIF($BK22,"A") -> 1 | BU22: =$BS22/3 -> 0.66666667 | BV22: =$BT22/1 -> 1 | BW22: =COUNTIF($BH22:$BK22, "A") & " " &"missed" -> 1 missed | BX22: =4- COUNTIF(BH22:BK22, "A") -> 3 | BY22: =$BX22/4 -> 0.75 | BZ22: =CONCATENATE("Q-",$BS22," A-",$BT22," || Q Total-3, A Total-1") -> Q-2 A-1 || Q Total-3, A Total-1 | CA22: {=IFERROR(INDEX('Attendance-Slot-1'!$Q$2:$Q$1112,MATCH(1,('Attendance-Slot-1'!$A$2:$A$1112=$C22)*('Attendance-Slot-1'!$G$2:$G$1112=CA$2),0)),"No Data")} -> No Data | CB22: {=IFERROR(INDEX('Attendance-Slot-2'!$Q$2:$Q$2595,MATCH(1,('Attendance-Slot-2'!$A$2:$A$2595=$C22)*('Attendance-Slot-2'!$G$2:$G$2595=CA$2),0)),"No Data")} -> A-S2_Onsite | CC22: =VLOOKUP($BP22,'Written Exam Marks'!$H:$Q,10,FALSE) -> #N/A | CD22: =VLOOKUP($BP22,'Written Exam Marks'!$H:$Q,9,FALSE) -> #N/A | CE22: =IF(COUNTIF($CA22:$CB22,"P-*")>0,"Present", IF(COUNTIF($CA22:$CB22,"A-*")>0,"Absent", IF(COUNTIF($CA22:$CB22,"No Data")>0,"No Data",""))) -> Absent | CF22: =IF(LEFT($CA22,2)="P-",$CA22,IF(LEFT($CB22,2)="P-",$CB22,IF(LEFT($CA22,2)="A-",$CA22,IF(LEFT($CB22,2)="A-",$CB22,IF($CA22="No Data",$CA22,IF($CB22="No Data",$CB22,"")))))) -> A-S2_Onsite | CG22: 3.5 | CH22: 4.5 | CI22: 6 | CJ22: 7 | CK22: A | CL22: A | CM22: 21 | CN22: 50 | CO22: Writing Practice | CP22: BDSDF112 | CQ22: =CONCATENATE($C22,"-",$CP22) -> 2025EB1100019-BDSDF112 | CR22: =COUNTIF($CG22:$CH22,"A") & " " & "missed" -> 0 missed | CS22: =COUNTIF($CI22:$CJ22,"A") & " " & "missed" -> 0 missed | CT22: =2-COUNTIF($CG22:$CH22,"A") -> 2 | CU22: =2-COUNTIF($CI22:$CJ22,"A") -> 2 | CV22: =$CT22/2 -> 1 | CW22: =$CU22/2 -> 1 | CX22: =COUNTIF($CG22:$CJ22, "A") & " " &"missed" -> 0 missed | CY22: =4- COUNTIF($CG22:$CJ22, "A") -> 4 | CZ22: =$CY22/4 -> 1 | DA22: =CONCATENATE("Q-",$CT22," A-",$CU22," || Q Total-2, A Total-2") -> Q-2 A-2 || Q Total-2, A Total-2 | DB22: {=IFERROR(INDEX('Attendance-Slot-1'!$Q$2:$Q$1112,MATCH(1,('Attendance-Slot-1'!$A$2:$A$1112=$C22)*('Attendance-Slot-1'!$G$2:$G$1112=DB$2),0)),"No Data")} -> No Data | DC22: {=IFERROR(INDEX('Attendance-Slot-2'!$Q$2:$Q$2595,MATCH(1,('Attendance-Slot-2'!$A$2:$A$2595=$C22)*('Attendance-Slot-2'!$G$2:$G$2595=DB$2),0)),"No Data")} -> P-S2_Onsite | DD22: =VLOOKUP($CQ22,'Written Exam Marks'!$H:$Q,10,FALSE) -> 21.5 | DE22: =VLOOKUP($CQ22,'Written Exam Marks'!$H:$Q,9,FALSE) -> 50 | DF22: =IF(COUNTIF($DB22:$DC22,"P-*")>0,"Present", IF(COUNTIF($DB22:$DC22,"A-*")>0,"Absent", IF(COUNTIF($DB22:$DC22,"No Data")>0,"No Data",""))) -> Present | DG22: =IF(LEFT($DB22,2)="P-",$DB22,IF(LEFT($DC22,2)="P-",$DC22,IF(LEFT($DB22,2)="A-",$DB22,IF(LEFT($DC22,2)="A-",$DC22,IF($DB22="No Data",$DB22,IF($DC22="No Data",$DC22,"")))))) -> P-S2_Onsite | DH22: 90 | DI22: 90 | DJ22: 100 | DK22: ="P-"&(COUNTIF($AB22,"P-*")+COUNTIF($BB22,"P-*")+COUNTIF($CA22,"P-*")+COUNTIF($DB22,"P-*"))&", A-"&(COUNTIF($AB22,"A-*")+COUNTIF($BB22,"A-*")+COUNTIF($CA22,"A-*")+COUNTIF($DB22,"A-*"))&", No Data-"&(COUNTIF($AB22,"No Data")+COUNTIF($BB22,"No Data")+COUNTIF($CA22,"No Data")+COUNTIF($DB22,"No Data")) -> P-0, A-0, No Data-4 | DL22: ="P-"&(COUNTIF($AC22,"P-*")+COUNTIF($BC22,"P-*")+COUNTIF($CB22,"P-*")+COUNTIF($DC22,"P-*"))&", A-"&(COUNTIF($AC22,"A-*")+COUNTIF($BC22,"A-*")+COUNTIF($CB22,"A-*")+COUNTIF($DC22,"A-*"))&", No Data-"&(COUNTIF($AC22,"No Data")+COUNTIF($BC22,"No Data")+COUNTIF($CB22,"No Data")+COUNTIF($DC22,"No Data")) -> P-2, A-2, No Data-0 | DM22: =IF(LEFT($AB22,2)="P-",$AB22, IF(LEFT($AC22,2)="P-",$AC22, IF(LEFT($AB22,2)="A-",$AB22, IF(LEFT($AC22,2)="A-",$AC22, IF($AB22="No Data",$AB22, IF($AC22="No Data",$AC22,"")))))) -> P-S2_Onsite | DN22: =IF(LEFT($DB22,2)="P-",$DB22, IF(LEFT($DC22,2)="P-",$DC22, IF(LEFT($DB22,2)="A-",$DB22, IF(LEFT($DC22,2)="A-",$DC22, IF($DB22="No Data",$DB22, IF($DC22="No Data",$DC22,"")))))) -> P-S2_Onsite | DO22: =IF(LEFT($BB22,2)="P-",$BB22, IF(LEFT($BC22,2)="P-",$BC22, IF(LEFT($BB22,2)="A-",$BB22, IF(LEFT($BC22,2)="A-",$BC22, IF($BB22="No Data",$BB22, IF($BC22="No Data",$BC22,"")))))) -> A-S2_Onsite | DP22: =IF(LEFT($CA22,2)="P-",$CA22, IF(LEFT($CB22,2)="P-",$CB22, IF(LEFT($CA22,2)="A-",$CA22, IF(LEFT($CB22,2)="A-",$CB22, IF($CA22="No Data",$CA22, IF($CB22="No Data",$CB22,"")))))) -> A-S2_Onsite | DQ22: ="P-"&COUNTIF($DM22:$DP22,"P-*")&", A-"&COUNTIF($DM22:$DP22,"A-*")&", No Data-"&COUNTIF($DM22:$DP22,"No Data") -> P-2, A-2, No Data-0 | DR22: =IF( AND( $AA22="Q-4 A-1 || Q Total-4, A Total-1", $BA22="Q-3 A-2 || Q Total-3, A Total-2", $BZ22="Q-3 A-1 || Q Total-3, A Total-1", $DA22="Q-2 A-2 || Q Total-2, A Total-2" ), 1, 0 ) -> 0 | DS22: Activated | DT22: Exam Given | DU22: 2025EB1100019
A23: 20 | B23: BS DS-AI | C23: 2025EB1100020 | D23: 2025eb1100020@bitspilani-digital.edu.in | E23: AYUSH JHA | F23: MALE | G23: `+91-7903292376 | H23: A | I23: A | J23: A | K23: A | L23: A | M23: 1.6 | N23: 60 | O23: Computer Programming | P23: BDSDF113 | Q23: =CONCATENATE($C23,"-",$P23) -> 2025EB1100020-BDSDF113 | R23: =COUNTIF($H23:$K23,"A") & " " & "missed" -> 4 missed | S23: =COUNTIF(L23,"A") & " " & "missed" -> 1 missed | T23: =4-COUNTIF($H23:$K23,"A") -> 0 | U23: =1-COUNTIF($L23,"A") -> 0 | V23: =$T23/4 -> 0 | W23: =$U23/1 -> 0 | X23: =COUNTIF($H23:$L23, "A") & " " &"missed" -> 5 missed | Y23: =5- COUNTIF($H23:$L23, "A") -> 0 | Z23: =$Y23/5 -> 0 | AA23: =CONCATENATE("Q-",$T23," A-",$U23," || Q Total-4, A Total-1") -> Q-0 A-0 || Q Total-4, A Total-1 | AB23: {=IFERROR(INDEX('Attendance-Slot-1'!$Q$2:$Q$1112,MATCH(1,('Attendance-Slot-1'!$A$2:$A$1112=$C23)*('Attendance-Slot-1'!$G$2:$G$1112=AB$2),0)),"No Data")} -> No Data | AC23: {=IFERROR(INDEX('Attendance-Slot-2'!$Q$2:$Q$2595,MATCH(1,('Attendance-Slot-2'!$A$2:$A$2595=$C23)*('Attendance-Slot-2'!$G$2:$G$2595=AB$2),0)),"No Data")} -> A-S2_Onsite | AD23: =VLOOKUP($Q23,'Written Exam Marks'!$H:$Q,10,FALSE) -> #N/A | AE23: =VLOOKUP($Q23,'Written Exam Marks'!$H:$Q,9,FALSE) -> #N/A | AF23: =IF(COUNTIF($AB23:$AC23,"P-*")>0,"Present", IF(COUNTIF($AB23:$AC23,"A-*")>0,"Absent", IF(COUNTIF($AB23:$AC23,"No Data")>0,"No Data",""))) -> Absent | AG23: =IF(LEFT($AB23,2)="P-",$AB23,IF(LEFT($AC23,2)="P-",$AC23,IF(LEFT($AB23,2)="A-",$AB23,IF(LEFT($AC23,2)="A-",$AC23,IF($AB23="No Data",$AB23,IF($AC23="No Data",$AC23,"")))))) -> A-S2_Onsite | AH23: A | AI23: A | AJ23: A | AK23: A | AL23: A | AM23: 0 | AN23: 60 | AO23: Computer Systems | AP23: BDSDF108 | AQ23: =CONCATENATE($C23,"-",$AP23) -> 2025EB1100020-BDSDF108 | AR23: =COUNTIF($AJ23:$AL23,"A") & " " & "missed" -> 3 missed | AS23: =COUNTIF($AH23:$AI23,"A") & " " & "missed" -> 2 missed | AT23: =3-COUNTIF(AJ23:AL23,"A") -> 0 | AU23: =2-COUNTIF($AH23:$AI23,"A") -> 0 | AV23: =$AT23/3 -> 0 | AW23: =$AU23/2 -> 0 | AX23: =COUNTIF($AH23:$AL23, "A") & " " &"missed" -> 5 missed | AY23: =5- COUNTIF($AH23:$AL23, "A") -> 0 | AZ23: =$AY23/5 -> 0 | BA23: =CONCATENATE("Q-",$AT23," A-",$AU23," || Q Total-3, A Total-2") -> Q-0 A-0 || Q Total-3, A Total-2 | BB23: {=IFERROR(INDEX('Attendance-Slot-1'!$Q$2:$Q$1112,MATCH(1,('Attendance-Slot-1'!$A$2:$A$1112=$C23)*('Attendance-Slot-1'!$G$2:$G$1112=BB$2),0)),"No Data")} -> No Data | BC23: {=IFERROR(INDEX('Attendance-Slot-2'!$Q$2:$Q$2595,MATCH(1,('Attendance-Slot-2'!$A$2:$A$2595=$C23)*('Attendance-Slot-2'!$G$2:$G$2595=BB$2),0)),"No Data")} -> A-S2_Onsite | BD23: =VLOOKUP($AQ23,'Written Exam Marks'!$H:$Q,10,FALSE) -> #N/A | BE23: =VLOOKUP($AQ23,'Written Exam Marks'!$H:$Q,9,FALSE) -> #N/A | BF23: =IF(COUNTIF($BB23:$BC23,"P-*")>0,"Present", IF(COUNTIF($BB23:$BC23,"A-*")>0,"Absent", IF(COUNTIF($BB23:$BC23,"No Data")>0,"No Data",""))) -> Absent | BG23: =IF(LEFT($BB23,2)="P-",$BB23,IF(LEFT($BC23,2)="P-",$BC23,IF(LEFT($BB23,2)="A-",$BB23,IF(LEFT($BC23,2)="A-",$BC23,IF($BB23="No Data",$BB23,IF($BC23="No Data",$BC23,"")))))) -> A-S2_Onsite | BH23: A | BI23: A | BJ23: A | BK23: A | BL23: 0 | BM23: 60 | BN23: Probability & Statistics | BO23: BDSDF114 | BP23: =CONCATENATE($C23,"-",$BO23) -> 2025EB1100020-BDSDF114 | BQ23: =COUNTIF($BH23:$BJ23,"A") & " " & "missed" -> 3 missed | BR23: =COUNTIF($BK23,"A") & " " & "missed" -> 1 missed | BS23: =3-COUNTIF($BH23:$BJ23,"A") -> 0 | BT23: =1-COUNTIF($BK23,"A") -> 0 | BU23: =$BS23/3 -> 0 | BV23: =$BT23/1 -> 0 | BW23: =COUNTIF($BH23:$BK23, "A") & " " &"missed" -> 4 missed | BX23: =4- COUNTIF(BH23:BK23, "A") -> 0 | BY23: =$BX23/4 -> 0 | BZ23: =CONCATENATE("Q-",$BS23," A-",$BT23," || Q Total-3, A Total-1") -> Q-0 A-0 || Q Total-3, A Total-1 | CA23: {=IFERROR(INDEX('Attendance-Slot-1'!$Q$2:$Q$1112,MATCH(1,('Attendance-Slot-1'!$A$2:$A$1112=$C23)*('Attendance-Slot-1'!$G$2:$G$1112=CA$2),0)),"No Data")} -> No Data | CB23: {=IFERROR(INDEX('Attendance-Slot-2'!$Q$2:$Q$2595,MATCH(1,('Attendance-Slot-2'!$A$2:$A$2595=$C23)*('Attendance-Slot-2'!$G$2:$G$2595=CA$2),0)),"No Data")} -> A-S2_Onsite | CC23: =VLOOKUP($BP23,'Written Exam Marks'!$H:$Q,10,FALSE) -> #N/A | CD23: =VLOOKUP($BP23,'Written Exam Marks'!$H:$Q,9,FALSE) -> #N/A | CE23: =IF(COUNTIF($CA23:$CB23,"P-*")>0,"Present", IF(COUNTIF($CA23:$CB23,"A-*")>0,"Absent", IF(COUNTIF($CA23:$CB23,"No Data")>0,"No Data",""))) -> Absent | CF23: =IF(LEFT($CA23,2)="P-",$CA23,IF(LEFT($CB23,2)="P-",$CB23,IF(LEFT($CA23,2)="A-",$CA23,IF(LEFT($CB23,2)="A-",$CB23,IF($CA23="No Data",$CA23,IF($CB23="No Data",$CB23,"")))))) -> A-S2_Onsite | CG23: A | CH23: A | CI23: A | CJ23: A | CK23: A | CL23: A | CM23: 0 | CN23: 50 | CO23: Writing Practice | CP23: BDSDF112 | CQ23: =CONCATENATE($C23,"-",$CP23) -> 2025EB1100020-BDSDF112 | CR23: =COUNTIF($CG23:$CH23,"A") & " " & "missed" -> 2 missed | CS23: =COUNTIF($CI23:$CJ23,"A") & " " & "missed" -> 2 missed | CT23: =2-COUNTIF($CG23:$CH23,"A") -> 0 | CU23: =2-COUNTIF($CI23:$CJ23,"A") -> 0 | CV23: =$CT23/2 -> 0 | CW23: =$CU23/2 -> 0 | CX23: =COUNTIF($CG23:$CJ23, "A") & " " &"missed" -> 4 missed | CY23: =4- COUNTIF($CG23:$CJ23, "A") -> 0 | CZ23: =$CY23/4 -> 0 | DA23: =CONCATENATE("Q-",$CT23," A-",$CU23," || Q Total-2, A Total-2") -> Q-0 A-0 || Q Total-2, A Total-2 | DB23: {=IFERROR(INDEX('Attendance-Slot-1'!$Q$2:$Q$1112,MATCH(1,('Attendance-Slot-1'!$A$2:$A$1112=$C23)*('Attendance-Slot-1'!$G$2:$G$1112=DB$2),0)),"No Data")} -> No Data | DC23: {=IFERROR(INDEX('Attendance-Slot-2'!$Q$2:$Q$2595,MATCH(1,('Attendance-Slot-2'!$A$2:$A$2595=$C23)*('Attendance-Slot-2'!$G$2:$G$2595=DB$2),0)),"No Data")} -> A-S2_Onsite | DD23: =VLOOKUP($CQ23,'Written Exam Marks'!$H:$Q,10,FALSE) -> #N/A | DE23: =VLOOKUP($CQ23,'Written Exam Marks'!$H:$Q,9,FALSE) -> #N/A | DF23: =IF(COUNTIF($DB23:$DC23,"P-*")>0,"Present", IF(COUNTIF($DB23:$DC23,"A-*")>0,"Absent", IF(COUNTIF($DB23:$DC23,"No Data")>0,"No Data",""))) -> Absent | DG23: =IF(LEFT($DB23,2)="P-",$DB23,IF(LEFT($DC23,2)="P-",$DC23,IF(LEFT($DB23,2)="A-",$DB23,IF(LEFT($DC23,2)="A-",$DC23,IF($DB23="No Data",$DB23,IF($DC23="No Data",$DC23,"")))))) -> A-S2_Onsite | DH23: A | DI23: 0 | DJ23: 100 | DK23: ="P-"&(COUNTIF($AB23,"P-*")+COUNTIF($BB23,"P-*")+COUNTIF($CA23,"P-*")+COUNTIF($DB23,"P-*"))&", A-"&(COUNTIF($AB23,"A-*")+COUNTIF($BB23,"A-*")+COUNTIF($CA23,"A-*")+COUNTIF($DB23,"A-*"))&", No Data-"&(COUNTIF($AB23,"No Data")+COUNTIF($BB23,"No Data")+COUNTIF($CA23,"No Data")+COUNTIF($DB23,"No Data")) -> P-0, A-0, No Data-4 | DL23: ="P-"&(COUNTIF($AC23,"P-*")+COUNTIF($BC23,"P-*")+COUNTIF($CB23,"P-*")+COUNTIF($DC23,"P-*"))&", A-"&(COUNTIF($AC23,"A-*")+COUNTIF($BC23,"A-*")+COUNTIF($CB23,"A-*")+COUNTIF($DC23,"A-*"))&", No Data-"&(COUNTIF($AC23,"No Data")+COUNTIF($BC23,"No Data")+COUNTIF($CB23,"No Data")+COUNTIF($DC23,"No Data")) -> P-0, A-4, No Data-0 | DM23: =IF(LEFT($AB23,2)="P-",$AB23, IF(LEFT($AC23,2)="P-",$AC23, IF(LEFT($AB23,2)="A-",$AB23, IF(LEFT($AC23,2)="A-",$AC23, IF($AB23="No Data",$AB23, IF($AC23="No Data",$AC23,"")))))) -> A-S2_Onsite | DN23: =IF(LEFT($DB23,2)="P-",$DB23, IF(LEFT($DC23,2)="P-",$DC23, IF(LEFT($DB23,2)="A-",$DB23, IF(LEFT($DC23,2)="A-",$DC23, IF($DB23="No Data",$DB23, IF($DC23="No Data",$DC23,"")))))) -> A-S2_Onsite | DO23: =IF(LEFT($BB23,2)="P-",$BB23, IF(LEFT($BC23,2)="P-",$BC23, IF(LEFT($BB23,2)="A-",$BB23, IF(LEFT($BC23,2)="A-",$BC23, IF($BB23="No Data",$BB23, IF($BC23="No Data",$BC23,"")))))) -> A-S2_Onsite | DP23: =IF(LEFT($CA23,2)="P-",$CA23, IF(LEFT($CB23,2)="P-",$CB23, IF(LEFT($CA23,2)="A-",$CA23, IF(LEFT($CB23,2)="A-",$CB23, IF($CA23="No Data",$CA23, IF($CB23="No Data",$CB23,"")))))) -> A-S2_Onsite | DQ23: ="P-"&COUNTIF($DM23:$DP23,"P-*")&", A-"&COUNTIF($DM23:$DP23,"A-*")&", No Data-"&COUNTIF($DM23:$DP23,"No Data") -> P-0, A-4, No Data-0 | DR23: =IF( AND( $AA23="Q-4 A-1 || Q Total-4, A Total-1", $BA23="Q-3 A-2 || Q Total-3, A Total-2", $BZ23="Q-3 A-1 || Q Total-3, A Total-1", $DA23="Q-2 A-2 || Q Total-2, A Total-2" ), 1, 0 ) -> 0 | DS23: Activated | DT23: Absent | DU23: 2025EB1100020 | DV23: Preference Not Selected
A24: 21 | B24: BS DS-AI | C24: 2025EB1100021 | D24: 2025eb1100021@bitspilani-digital.edu.in | E24: R KUSHAL MEHTA | F24: MALE | G24: `+91-9345867511 | H24: 8 | I24: 8 | J24: 8 | K24: 8 | L24: 28 | M24: 60 | N24: 60 | O24: Computer Programming | P24: BDSDF113 | Q24: =CONCATENATE($C24,"-",$P24) -> 2025EB1100021-BDSDF113 | R24: =COUNTIF($H24:$K24,"A") & " " & "missed" -> 0 missed | S24: =COUNTIF(L24,"A") & " " & "missed" -> 0 missed | T24: =4-COUNTIF($H24:$K24,"A") -> 4 | U24: =1-COUNTIF($L24,"A") -> 1 | V24: =$T24/4 -> 1 | W24: =$U24/1 -> 1 | X24: =COUNTIF($H24:$L24, "A") & " " &"missed" -> 0 missed | Y24: =5- COUNTIF($H24:$L24, "A") -> 5 | Z24: =$Y24/5 -> 1 | AA24: =CONCATENATE("Q-",$T24," A-",$U24," || Q Total-4, A Total-1") -> Q-4 A-1 || Q Total-4, A Total-1 | AB24: {=IFERROR(INDEX('Attendance-Slot-1'!$Q$2:$Q$1112,MATCH(1,('Attendance-Slot-1'!$A$2:$A$1112=$C24)*('Attendance-Slot-1'!$G$2:$G$1112=AB$2),0)),"No Data")} -> No Data | AC24: {=IFERROR(INDEX('Attendance-Slot-2'!$Q$2:$Q$2595,MATCH(1,('Attendance-Slot-2'!$A$2:$A$2595=$C24)*('Attendance-Slot-2'!$G$2:$G$2595=AB$2),0)),"No Data")} -> P-S2_Onsite | AD24: =VLOOKUP($Q24,'Written Exam Marks'!$H:$Q,10,FALSE) -> 13 | AE24: =VLOOKUP($Q24,'Written Exam Marks'!$H:$Q,9,FALSE) -> 40 | AF24: =IF(COUNTIF($AB24:$AC24,"P-*")>0,"Present", IF(COUNTIF($AB24:$AC24,"A-*")>0,"Absent", IF(COUNTIF($AB24:$AC24,"No Data")>0,"No Data",""))) -> Present | AG24: =IF(LEFT($AB24,2)="P-",$AB24,IF(LEFT($AC24,2)="P-",$AC24,IF(LEFT($AB24,2)="A-",$AB24,IF(LEFT($AC24,2)="A-",$AC24,IF($AB24="No Data",$AB24,IF($AC24="No Data",$AC24,"")))))) -> P-S2_Onsite | AH24: 14 | AI24: 10 | AJ24: 9.3333333 | AK24: 10 | AL24: 10 | AM24: 53.333333 | AN24: 60 | AO24: Computer Systems | AP24: BDSDF108 | AQ24: =CONCATENATE($C24,"-",$AP24) -> 2025EB1100021-BDSDF108 | AR24: =COUNTIF($AJ24:$AL24,"A") & " " & "missed" -> 0 missed | AS24: =COUNTIF($AH24:$AI24,"A") & " " & "missed" -> 0 missed | AT24: =3-COUNTIF(AJ24:AL24,"A") -> 3 | AU24: =2-COUNTIF($AH24:$AI24,"A") -> 2 | AV24: =$AT24/3 -> 1 | AW24: =$AU24/2 -> 1 | AX24: =COUNTIF($AH24:$AL24, "A") & " " &"missed" -> 0 missed | AY24: =5- COUNTIF($AH24:$AL24, "A") -> 5 | AZ24: =$AY24/5 -> 1 | BA24: =CONCATENATE("Q-",$AT24," A-",$AU24," || Q Total-3, A Total-2") -> Q-3 A-2 || Q Total-3, A Total-2 | BB24: {=IFERROR(INDEX('Attendance-Slot-1'!$Q$2:$Q$1112,MATCH(1,('Attendance-Slot-1'!$A$2:$A$1112=$C24)*('Attendance-Slot-1'!$G$2:$G$1112=BB$2),0)),"No Data")} -> P-S1_Onsite | BC24: {=IFERROR(INDEX('Attendance-Slot-2'!$Q$2:$Q$2595,MATCH(1,('Attendance-Slot-2'!$A$2:$A$2595=$C24)*('Attendance-Slot-2'!$G$2:$G$2595=BB$2),0)),"No Data")} -> No Data | BD24: =VLOOKUP($AQ24,'Written Exam Marks'!$H:$Q,10,FALSE) -> 20 | BE24: =VLOOKUP($AQ24,'Written Exam Marks'!$H:$Q,9,FALSE) -> 40 | BF24: =IF(COUNTIF($BB24:$BC24,"P-*")>0,"Present", IF(COUNTIF($BB24:$BC24,"A-*")>0,"Absent", IF(COUNTIF($BB24:$BC24,"No Data")>0,"No Data",""))) -> Present | BG24: =IF(LEFT($BB24,2)="P-",$BB24,IF(LEFT($BC24,2)="P-",$BC24,IF(LEFT($BB24,2)="A-",$BB24,IF(LEFT($BC24,2)="A-",$BC24,IF($BB24="No Data",$BB24,IF($BC24="No Data",$BC24,"")))))) -> P-S1_Onsite | BH24: 10 | BI24: 13.5 | BJ24: 15 | BK24: 17 | BL24: 55.5 | BM24: 60 | BN24: Probability & Statistics | BO24: BDSDF114 | BP24: =CONCATENATE($C24,"-",$BO24) -> 2025EB1100021-BDSDF114 | BQ24: =COUNTIF($BH24:$BJ24,"A") & " " & "missed" -> 0 missed | BR24: =COUNTIF($BK24,"A") & " " & "missed" -> 0 missed | BS24: =3-COUNTIF($BH24:$BJ24,"A") -> 3 | BT24: =1-COUNTIF($BK24,"A") -> 1 | BU24: =$BS24/3 -> 1 | BV24: =$BT24/1 -> 1 | BW24: =COUNTIF($BH24:$BK24, "A") & " " &"missed" -> 0 missed | BX24: =4- COUNTIF(BH24:BK24, "A") -> 4 | BY24: =$BX24/4 -> 1 | BZ24: =CONCATENATE("Q-",$BS24," A-",$BT24," || Q Total-3, A Total-1") -> Q-3 A-1 || Q Total-3, A Total-1 | CA24: {=IFERROR(INDEX('Attendance-Slot-1'!$Q$2:$Q$1112,MATCH(1,('Attendance-Slot-1'!$A$2:$A$1112=$C24)*('Attendance-Slot-1'!$G$2:$G$1112=CA$2),0)),"No Data")} -> No Data | CB24: {=IFERROR(INDEX('Attendance-Slot-2'!$Q$2:$Q$2595,MATCH(1,('Attendance-Slot-2'!$A$2:$A$2595=$C24)*('Attendance-Slot-2'!$G$2:$G$2595=CA$2),0)),"No Data")} -> P-S2_Onsite | CC24: =VLOOKUP($BP24,'Written Exam Marks'!$H:$Q,10,FALSE) -> 3.5 | CD24: =VLOOKUP($BP24,'Written Exam Marks'!$H:$Q,9,FALSE) -> 40 | CE24: =IF(COUNTIF($CA24:$CB24,"P-*")>0,"Present", IF(COUNTIF($CA24:$CB24,"A-*")>0,"Absent", IF(COUNTIF($CA24:$CB24,"No Data")>0,"No Data",""))) -> Present | CF24: =IF(LEFT($CA24,2)="P-",$CA24,IF(LEFT($CB24,2)="P-",$CB24,IF(LEFT($CA24,2)="A-",$CA24,IF(LEFT($CB24,2)="A-",$CB24,IF($CA24="No Data",$CA24,IF($CB24="No Data",$CB24,"")))))) -> P-S2_Onsite | CG24: 4.5 | CH24: 4.5 | CI24: 9 | CJ24: 9.25 | CK24: 10 | CL24: 10 | CM24: 47.25 | CN24: 50 | CO24: Writing Practice | CP24: BDSDF112 | CQ24: =CONCATENATE($C24,"-",$CP24) -> 2025EB1100021-BDSDF112 | CR24: =COUNTIF($CG24:$CH24,"A") & " " & "missed" -> 0 missed | CS24: =COUNTIF($CI24:$CJ24,"A") & " " & "missed" -> 0 missed | CT24: =2-COUNTIF($CG24:$CH24,"A") -> 2 | CU24: =2-COUNTIF($CI24:$CJ24,"A") -> 2 | CV24: =$CT24/2 -> 1 | CW24: =$CU24/2 -> 1 | CX24: =COUNTIF($CG24:$CJ24, "A") & " " &"missed" -> 0 missed | CY24: =4- COUNTIF($CG24:$CJ24, "A") -> 4 | CZ24: =$CY24/4 -> 1 | DA24: =CONCATENATE("Q-",$CT24," A-",$CU24," || Q Total-2, A Total-2") -> Q-2 A-2 || Q Total-2, A Total-2 | DB24: {=IFERROR(INDEX('Attendance-Slot-1'!$Q$2:$Q$1112,MATCH(1,('Attendance-Slot-1'!$A$2:$A$1112=$C24)*('Attendance-Slot-1'!$G$2:$G$1112=DB$2),0)),"No Data")} -> P-S1_Onsite | DC24: {=IFERROR(INDEX('Attendance-Slot-2'!$Q$2:$Q$2595,MATCH(1,('Attendance-Slot-2'!$A$2:$A$2595=$C24)*('Attendance-Slot-2'!$G$2:$G$2595=DB$2),0)),"No Data")} -> No Data | DD24: =VLOOKUP($CQ24,'Written Exam Marks'!$H:$Q,10,FALSE) -> 29.5 | DE24: =VLOOKUP($CQ24,'Written Exam Marks'!$H:$Q,9,FALSE) -> 50 | DF24: =IF(COUNTIF($DB24:$DC24,"P-*")>0,"Present", IF(COUNTIF($DB24:$DC24,"A-*")>0,"Absent", IF(COUNTIF($DB24:$DC24,"No Data")>0,"No Data",""))) -> Present | DG24: =IF(LEFT($DB24,2)="P-",$DB24,IF(LEFT($DC24,2)="P-",$DC24,IF(LEFT($DB24,2)="A-",$DB24,IF(LEFT($DC24,2)="A-",$DC24,IF($DB24="No Data",$DB24,IF($DC24="No Data",$DC24,"")))))) -> P-S1_Onsite | DH24: 90 | DI24: 90 | DJ24: 100 | DK24: ="P-"&(COUNTIF($AB24,"P-*")+COUNTIF($BB24,"P-*")+COUNTIF($CA24,"P-*")+COUNTIF($DB24,"P-*"))&", A-"&(COUNTIF($AB24,"A-*")+COUNTIF($BB24,"A-*")+COUNTIF($CA24,"A-*")+COUNTIF($DB24,"A-*"))&", No Data-"&(COUNTIF($AB24,"No Data")+COUNTIF($BB24,"No Data")+COUNTIF($CA24,"No Data")+COUNTIF($DB24,"No Data")) -> P-2, A-0, No Data-2 | DL24: ="P-"&(COUNTIF($AC24,"P-*")+COUNTIF($BC24,"P-*")+COUNTIF($CB24,"P-*")+COUNTIF($DC24,"P-*"))&", A-"&(COUNTIF($AC24,"A-*")+COUNTIF($BC24,"A-*")+COUNTIF($CB24,"A-*")+COUNTIF($DC24,"A-*"))&", No Data-"&(COUNTIF($AC24,"No Data")+COUNTIF($BC24,"No Data")+COUNTIF($CB24,"No Data")+COUNTIF($DC24,"No Data")) -> P-2, A-0, No Data-2 | DM24: =IF(LEFT($AB24,2)="P-",$AB24, IF(LEFT($AC24,2)="P-",$AC24, IF(LEFT($AB24,2)="A-",$AB24, IF(LEFT($AC24,2)="A-",$AC24, IF($AB24="No Data",$AB24, IF($AC24="No Data",$AC24,"")))))) -> P-S2_Onsite | DN24: =IF(LEFT($DB24,2)="P-",$DB24, IF(LEFT($DC24,2)="P-",$DC24, IF(LEFT($DB24,2)="A-",$DB24, IF(LEFT($DC24,2)="A-",$DC24, IF($DB24="No Data",$DB24, IF($DC24="No Data",$DC24,"")))))) -> P-S1_Onsite | DO24: =IF(LEFT($BB24,2)="P-",$BB24, IF(LEFT($BC24,2)="P-",$BC24, IF(LEFT($BB24,2)="A-",$BB24, IF(LEFT($BC24,2)="A-",$BC24, IF($BB24="No Data",$BB24, IF($BC24="No Data",$BC24,"")))))) -> P-S1_Onsite | DP24: =IF(LEFT($CA24,2)="P-",$CA24, IF(LEFT($CB24,2)="P-",$CB24, IF(LEFT($CA24,2)="A-",$CA24, IF(LEFT($CB24,2)="A-",$CB24, IF($CA24="No Data",$CA24, IF($CB24="No Data",$CB24,"")))))) -> P-S2_Onsite | DQ24: ="P-"&COUNTIF($DM24:$DP24,"P-*")&", A-"&COUNTIF($DM24:$DP24,"A-*")&", No Data-"&COUNTIF($DM24:$DP24,"No Data") -> P-4, A-0, No Data-0 | DR24: =IF( AND( $AA24="Q-4 A-1 || Q Total-4, A Total-1", $BA24="Q-3 A-2 || Q Total-3, A Total-2", $BZ24="Q-3 A-1 || Q Total-3, A Total-1", $DA24="Q-2 A-2 || Q Total-2, A Total-2" ), 1, 0 ) -> 1 | DS24: Activated | DT24: Exam Given | DU24: 2025EB1100021
A25: 22 | B25: BS DS-AI | C25: 2025EB1100022 | D25: 2025eb1100022@bitspilani-digital.edu.in | E25: SUBHOM KAR | F25: MALE | G25: `+91-9861033343 | H25: 7.2 | I25: A | J25: A | K25: A | L25: 25.2 | M25: 32.4 | N25: 60 | O25: Computer Programming | P25: BDSDF113 | Q25: =CONCATENATE($C25,"-",$P25) -> 2025EB1100022-BDSDF113 | R25: =COUNTIF($H25:$K25,"A") & " " & "missed" -> 3 missed | S25: =COUNTIF(L25,"A") & " " & "missed" -> 0 missed | T25: =4-COUNTIF($H25:$K25,"A") -> 1 | U25: =1-COUNTIF($L25,"A") -> 1 | V25: =$T25/4 -> 0.25 | W25: =$U25/1 -> 1 | X25: =COUNTIF($H25:$L25, "A") & " " &"missed" -> 3 missed | Y25: =5- COUNTIF($H25:$L25, "A") -> 2 | Z25: =$Y25/5 -> 0.4 | AA25: =CONCATENATE("Q-",$T25," A-",$U25," || Q Total-4, A Total-1") -> Q-1 A-1 || Q Total-4, A Total-1 | AB25: {=IFERROR(INDEX('Attendance-Slot-1'!$Q$2:$Q$1112,MATCH(1,('Attendance-Slot-1'!$A$2:$A$1112=$C25)*('Attendance-Slot-1'!$G$2:$G$1112=AB$2),0)),"No Data")} -> P-S1_Onsite | AC25: {=IFERROR(INDEX('Attendance-Slot-2'!$Q$2:$Q$2595,MATCH(1,('Attendance-Slot-2'!$A$2:$A$2595=$C25)*('Attendance-Slot-2'!$G$2:$G$2595=AB$2),0)),"No Data")} -> No Data | AD25: =VLOOKUP($Q25,'Written Exam Marks'!$H:$Q,10,FALSE) -> 16 | AE25: =VLOOKUP($Q25,'Written Exam Marks'!$H:$Q,9,FALSE) -> 40 | AF25: =IF(COUNTIF($AB25:$AC25,"P-*")>0,"Present", IF(COUNTIF($AB25:$AC25,"A-*")>0,"Absent", IF(COUNTIF($AB25:$AC25,"No Data")>0,"No Data",""))) -> Present | AG25: =IF(LEFT($AB25,2)="P-",$AB25,IF(LEFT($AC25,2)="P-",$AC25,IF(LEFT($AB25,2)="A-",$AB25,IF(LEFT($AC25,2)="A-",$AC25,IF($AB25="No Data",$AB25,IF($AC25="No Data",$AC25,"")))))) -> P-S1_Onsite | AH25: A | AI25: A | AJ25: A | AK25: A | AL25: A | AM25: 0 | AN25: 60 | AO25: Computer Systems | AP25: BDSDF108 | AQ25: =CONCATENATE($C25,"-",$AP25) -> 2025EB1100022-BDSDF108 | AR25: =COUNTIF($AJ25:$AL25,"A") & " " & "missed" -> 3 missed | AS25: =COUNTIF($AH25:$AI25,"A") & " " & "missed" -> 2 missed | AT25: =3-COUNTIF(AJ25:AL25,"A") -> 0 | AU25: =2-COUNTIF($AH25:$AI25,"A") -> 0 | AV25: =$AT25/3 -> 0 | AW25: =$AU25/2 -> 0 | AX25: =COUNTIF($AH25:$AL25, "A") & " " &"missed" -> 5 missed | AY25: =5- COUNTIF($AH25:$AL25, "A") -> 0 | AZ25: =$AY25/5 -> 0 | BA25: =CONCATENATE("Q-",$AT25," A-",$AU25," || Q Total-3, A Total-2") -> Q-0 A-0 || Q Total-3, A Total-2 | BB25: {=IFERROR(INDEX('Attendance-Slot-1'!$Q$2:$Q$1112,MATCH(1,('Attendance-Slot-1'!$A$2:$A$1112=$C25)*('Attendance-Slot-1'!$G$2:$G$1112=BB$2),0)),"No Data")} -> No Data | BC25: {=IFERROR(INDEX('Attendance-Slot-2'!$Q$2:$Q$2595,MATCH(1,('Attendance-Slot-2'!$A$2:$A$2595=$C25)*('Attendance-Slot-2'!$G$2:$G$2595=BB$2),0)),"No Data")} -> P-S2_Onsite | BD25: =VLOOKUP($AQ25,'Written Exam Marks'!$H:$Q,10,FALSE) -> 14 | BE25: =VLOOKUP($AQ25,'Written Exam Marks'!$H:$Q,9,FALSE) -> 40 | BF25: =IF(COUNTIF($BB25:$BC25,"P-*")>0,"Present", IF(COUNTIF($BB25:$BC25,"A-*")>0,"Absent", IF(COUNTIF($BB25:$BC25,"No Data")>0,"No Data",""))) -> Present | BG25: =IF(LEFT($BB25,2)="P-",$BB25,IF(LEFT($BC25,2)="P-",$BC25,IF(LEFT($BB25,2)="A-",$BB25,IF(LEFT($BC25,2)="A-",$BC25,IF($BB25="No Data",$BB25,IF($BC25="No Data",$BC25,"")))))) -> P-S2_Onsite | BH25: 10 | BI25: A | BJ25: 13.5 | BK25: 19 | BL25: 42.5 | BM25: 60 | BN25: Probability & Statistics | BO25: BDSDF114 | BP25: =CONCATENATE($C25,"-",$BO25) -> 2025EB1100022-BDSDF114 | BQ25: =COUNTIF($BH25:$BJ25,"A") & " " & "missed" -> 1 missed | BR25: =COUNTIF($BK25,"A") & " " & "missed" -> 0 missed | BS25: =3-COUNTIF($BH25:$BJ25,"A") -> 2 | BT25: =1-COUNTIF($BK25,"A") -> 1 | BU25: =$BS25/3 -> 0.66666667 | BV25: =$BT25/1 -> 1 | BW25: =COUNTIF($BH25:$BK25, "A") & " " &"missed" -> 1 missed | BX25: =4- COUNTIF(BH25:BK25, "A") -> 3 | BY25: =$BX25/4 -> 0.75 | BZ25: =CONCATENATE("Q-",$BS25," A-",$BT25," || Q Total-3, A Total-1") -> Q-2 A-1 || Q Total-3, A Total-1 | CA25: {=IFERROR(INDEX('Attendance-Slot-1'!$Q$2:$Q$1112,MATCH(1,('Attendance-Slot-1'!$A$2:$A$1112=$C25)*('Attendance-Slot-1'!$G$2:$G$1112=CA$2),0)),"No Data")} -> No Data | CB25: {=IFERROR(INDEX('Attendance-Slot-2'!$Q$2:$Q$2595,MATCH(1,('Attendance-Slot-2'!$A$2:$A$2595=$C25)*('Attendance-Slot-2'!$G$2:$G$2595=CA$2),0)),"No Data")} -> P-S2_Onsite | CC25: =VLOOKUP($BP25,'Written Exam Marks'!$H:$Q,10,FALSE) -> 8 | CD25: =VLOOKUP($BP25,'Written Exam Marks'!$H:$Q,9,FALSE) -> 40 | CE25: =IF(COUNTIF($CA25:$CB25,"P-*")>0,"Present", IF(COUNTIF($CA25:$CB25,"A-*")>0,"Absent", IF(COUNTIF($CA25:$CB25,"No Data")>0,"No Data",""))) -> Present | CF25: =IF(LEFT($CA25,2)="P-",$CA25,IF(LEFT($CB25,2)="P-",$CB25,IF(LEFT($CA25,2)="A-",$CA25,IF(LEFT($CB25,2)="A-",$CB25,IF($CA25="No Data",$CA25,IF($CB25="No Data",$CB25,"")))))) -> P-S2_Onsite | CG25: 4 | CH25: 4 | CI25: A | CJ25: A | CK25: A | CL25: A | CM25: 8 | CN25: 50 | CO25: Writing Practice | CP25: BDSDF112 | CQ25: =CONCATENATE($C25,"-",$CP25) -> 2025EB1100022-BDSDF112 | CR25: =COUNTIF($CG25:$CH25,"A") & " " & "missed" -> 0 missed | CS25: =COUNTIF($CI25:$CJ25,"A") & " " & "missed" -> 2 missed | CT25: =2-COUNTIF($CG25:$CH25,"A") -> 2 | CU25: =2-COUNTIF($CI25:$CJ25,"A") -> 0 | CV25: =$CT25/2 -> 1 | CW25: =$CU25/2 -> 0 | CX25: =COUNTIF($CG25:$CJ25, "A") & " " &"missed" -> 2 missed | CY25: =4- COUNTIF($CG25:$CJ25, "A") -> 2 | CZ25: =$CY25/4 -> 0.5 | DA25: =CONCATENATE("Q-",$CT25," A-",$CU25," || Q Total-2, A Total-2") -> Q-2 A-0 || Q Total-2, A Total-2 | DB25: {=IFERROR(INDEX('Attendance-Slot-1'!$Q$2:$Q$1112,MATCH(1,('Attendance-Slot-1'!$A$2:$A$1112=$C25)*('Attendance-Slot-1'!$G$2:$G$1112=DB$2),0)),"No Data")} -> P-S1_Onsite | DC25: {=IFERROR(INDEX('Attendance-Slot-2'!$Q$2:$Q$2595,MATCH(1,('Attendance-Slot-2'!$A$2:$A$2595=$C25)*('Attendance-Slot-2'!$G$2:$G$2595=DB$2),0)),"No Data")} -> No Data | DD25: =VLOOKUP($CQ25,'Written Exam Marks'!$H:$Q,10,FALSE) -> 29.5 | DE25: =VLOOKUP($CQ25,'Written Exam Marks'!$H:$Q,9,FALSE) -> 50 | DF25: =IF(COUNTIF($DB25:$DC25,"P-*")>0,"Present", IF(COUNTIF($DB25:$DC25,"A-*")>0,"Absent", IF(COUNTIF($DB25:$DC25,"No Data")>0,"No Data",""))) -> Present | DG25: =IF(LEFT($DB25,2)="P-",$DB25,IF(LEFT($DC25,2)="P-",$DC25,IF(LEFT($DB25,2)="A-",$DB25,IF(LEFT($DC25,2)="A-",$DC25,IF($DB25="No Data",$DB25,IF($DC25="No Data",$DC25,"")))))) -> P-S1_Onsite | DH25: A | DI25: 0 | DJ25: 100 | DK25: ="P-"&(COUNTIF($AB25,"P-*")+COUNTIF($BB25,"P-*")+COUNTIF($CA25,"P-*")+COUNTIF($DB25,"P-*"))&", A-"&(COUNTIF($AB25,"A-*")+COUNTIF($BB25,"A-*")+COUNTIF($CA25,"A-*")+COUNTIF($DB25,"A-*"))&", No Data-"&(COUNTIF($AB25,"No Data")+COUNTIF($BB25,"No Data")+COUNTIF($CA25,"No Data")+COUNTIF($DB25,"No Data")) -> P-2, A-0, No Data-2 | DL25: ="P-"&(COUNTIF($AC25,"P-*")+COUNTIF($BC25,"P-*")+COUNTIF($CB25,"P-*")+COUNTIF($DC25,"P-*"))&", A-"&(COUNTIF($AC25,"A-*")+COUNTIF($BC25,"A-*")+COUNTIF($CB25,"A-*")+COUNTIF($DC25,"A-*"))&", No Data-"&(COUNTIF($AC25,"No Data")+COUNTIF($BC25,"No Data")+COUNTIF($CB25,"No Data")+COUNTIF($DC25,"No Data")) -> P-2, A-0, No Data-2 | DM25: =IF(LEFT($AB25,2)="P-",$AB25, IF(LEFT($AC25,2)="P-",$AC25, IF(LEFT($AB25,2)="A-",$AB25, IF(LEFT($AC25,2)="A-",$AC25, IF($AB25="No Data",$AB25, IF($AC25="No Data",$AC25,"")))))) -> P-S1_Onsite | DN25: =IF(LEFT($DB25,2)="P-",$DB25, IF(LEFT($DC25,2)="P-",$DC25, IF(LEFT($DB25,2)="A-",$DB25, IF(LEFT($DC25,2)="A-",$DC25, IF($DB25="No Data",$DB25, IF($DC25="No Data",$DC25,"")))))) -> P-S1_Onsite | DO25: =IF(LEFT($BB25,2)="P-",$BB25, IF(LEFT($BC25,2)="P-",$BC25, IF(LEFT($BB25,2)="A-",$BB25, IF(LEFT($BC25,2)="A-",$BC25, IF($BB25="No Data",$BB25, IF($BC25="No Data",$BC25,"")))))) -> P-S2_Onsite | DP25: =IF(LEFT($CA25,2)="P-",$CA25, IF(LEFT($CB25,2)="P-",$CB25, IF(LEFT($CA25,2)="A-",$CA25, IF(LEFT($CB25,2)="A-",$CB25, IF($CA25="No Data",$CA25, IF($CB25="No Data",$CB25,"")))))) -> P-S2_Onsite | DQ25: ="P-"&COUNTIF($DM25:$DP25,"P-*")&", A-"&COUNTIF($DM25:$DP25,"A-*")&", No Data-"&COUNTIF($DM25:$DP25,"No Data") -> P-4, A-0, No Data-0 | DR25: =IF( AND( $AA25="Q-4 A-1 || Q Total-4, A Total-1", $BA25="Q-3 A-2 || Q Total-3, A Total-2", $BZ25="Q-3 A-1 || Q Total-3, A Total-1", $DA25="Q-2 A-2 || Q Total-2, A Total-2" ), 1, 0 ) -> 0 | DS25: Activated | DT25: Exam Given | DU25: 2025EB1100022
A26: 23 | B26: BS DS-AI | C26: 2025EB1100023 | D26: 2025eb1100023@bitspilani-digital.edu.in | E26: KARISHMA GODARA | F26: FEMALE | G26: `+91-9079187683 | H26: 7.2 | I26: 7.2 | J26: 8 | K26: 8 | L26: A | M26: 30.4 | N26: 60 | O26: Computer Programming | P26: BDSDF113 | Q26: =CONCATENATE($C26,"-",$P26) -> 2025EB1100023-BDSDF113 | R26: =COUNTIF($H26:$K26,"A") & " " & "missed" -> 0 missed | S26: =COUNTIF(L26,"A") & " " & "missed" -> 1 missed | T26: =4-COUNTIF($H26:$K26,"A") -> 4 | U26: =1-COUNTIF($L26,"A") -> 0 | V26: =$T26/4 -> 1 | W26: =$U26/1 -> 0 | X26: =COUNTIF($H26:$L26, "A") & " " &"missed" -> 1 missed | Y26: =5- COUNTIF($H26:$L26, "A") -> 4 | Z26: =$Y26/5 -> 0.8 | AA26: =CONCATENATE("Q-",$T26," A-",$U26," || Q Total-4, A Total-1") -> Q-4 A-0 || Q Total-4, A Total-1 | AB26: {=IFERROR(INDEX('Attendance-Slot-1'!$Q$2:$Q$1112,MATCH(1,('Attendance-Slot-1'!$A$2:$A$1112=$C26)*('Attendance-Slot-1'!$G$2:$G$1112=AB$2),0)),"No Data")} -> No Data | AC26: {=IFERROR(INDEX('Attendance-Slot-2'!$Q$2:$Q$2595,MATCH(1,('Attendance-Slot-2'!$A$2:$A$2595=$C26)*('Attendance-Slot-2'!$G$2:$G$2595=AB$2),0)),"No Data")} -> No Data | AD26: =VLOOKUP($Q26,'Written Exam Marks'!$H:$Q,10,FALSE) -> #N/A | AE26: =VLOOKUP($Q26,'Written Exam Marks'!$H:$Q,9,FALSE) -> #N/A | AF26: =IF(COUNTIF($AB26:$AC26,"P-*")>0,"Present", IF(COUNTIF($AB26:$AC26,"A-*")>0,"Absent", IF(COUNTIF($AB26:$AC26,"No Data")>0,"No Data",""))) -> No Data | AG26: =IF(LEFT($AB26,2)="P-",$AB26,IF(LEFT($AC26,2)="P-",$AC26,IF(LEFT($AB26,2)="A-",$AB26,IF(LEFT($AC26,2)="A-",$AC26,IF($AB26="No Data",$AB26,IF($AC26="No Data",$AC26,"")))))) -> No Data | AH26: 13 | AI26: 13.5 | AJ26: 8.6666667 | AK26: A | AL26: A | AM26: 35.166667 | AN26: 60 | AO26: Computer Systems | AP26: BDSDF108 | AQ26: =CONCATENATE($C26,"-",$AP26) -> 2025EB1100023-BDSDF108 | AR26: =COUNTIF($AJ26:$AL26,"A") & " " & "missed" -> 2 missed | AS26: =COUNTIF($AH26:$AI26,"A") & " " & "missed" -> 0 missed | AT26: =3-COUNTIF(AJ26:AL26,"A") -> 1 | AU26: =2-COUNTIF($AH26:$AI26,"A") -> 2 | AV26: =$AT26/3 -> 0.33333333 | AW26: =$AU26/2 -> 1 | AX26: =COUNTIF($AH26:$AL26, "A") & " " &"missed" -> 2 missed | AY26: =5- COUNTIF($AH26:$AL26, "A") -> 3 | AZ26: =$AY26/5 -> 0.6 | BA26: =CONCATENATE("Q-",$AT26," A-",$AU26," || Q Total-3, A Total-2") -> Q-1 A-2 || Q Total-3, A Total-2 | BB26: {=IFERROR(INDEX('Attendance-Slot-1'!$Q$2:$Q$1112,MATCH(1,('Attendance-Slot-1'!$A$2:$A$1112=$C26)*('Attendance-Slot-1'!$G$2:$G$1112=BB$2),0)),"No Data")} -> No Data | BC26: {=IFERROR(INDEX('Attendance-Slot-2'!$Q$2:$Q$2595,MATCH(1,('Attendance-Slot-2'!$A$2:$A$2595=$C26)*('Attendance-Slot-2'!$G$2:$G$2595=BB$2),0)),"No Data")} -> No Data | BD26: =VLOOKUP($AQ26,'Written Exam Marks'!$H:$Q,10,FALSE) -> #N/A | BE26: =VLOOKUP($AQ26,'Written Exam Marks'!$H:$Q,9,FALSE) -> #N/A | BF26: =IF(COUNTIF($BB26:$BC26,"P-*")>0,"Present", IF(COUNTIF($BB26:$BC26,"A-*")>0,"Absent", IF(COUNTIF($BB26:$BC26,"No Data")>0,"No Data",""))) -> No Data | BG26: =IF(LEFT($BB26,2)="P-",$BB26,IF(LEFT($BC26,2)="P-",$BC26,IF(LEFT($BB26,2)="A-",$BB26,IF(LEFT($BC26,2)="A-",$BC26,IF($BB26="No Data",$BB26,IF($BC26="No Data",$BC26,"")))))) -> No Data | BH26: 10 | BI26: 13.5 | BJ26: 15 | BK26: A | BL26: 38.5 | BM26: 60 | BN26: Probability & Statistics | BO26: BDSDF114 | BP26: =CONCATENATE($C26,"-",$BO26) -> 2025EB1100023-BDSDF114 | BQ26: =COUNTIF($BH26:$BJ26,"A") & " " & "missed" -> 0 missed | BR26: =COUNTIF($BK26,"A") & " " & "missed" -> 1 missed | BS26: =3-COUNTIF($BH26:$BJ26,"A") -> 3 | BT26: =1-COUNTIF($BK26,"A") -> 0 | BU26: =$BS26/3 -> 1 | BV26: =$BT26/1 -> 0 | BW26: =COUNTIF($BH26:$BK26, "A") & " " &"missed" -> 1 missed | BX26: =4- COUNTIF(BH26:BK26, "A") -> 3 | BY26: =$BX26/4 -> 0.75 | BZ26: =CONCATENATE("Q-",$BS26," A-",$BT26," || Q Total-3, A Total-1") -> Q-3 A-0 || Q Total-3, A Total-1 | CA26: {=IFERROR(INDEX('Attendance-Slot-1'!$Q$2:$Q$1112,MATCH(1,('Attendance-Slot-1'!$A$2:$A$1112=$C26)*('Attendance-Slot-1'!$G$2:$G$1112=CA$2),0)),"No Data")} -> No Data | CB26: {=IFERROR(INDEX('Attendance-Slot-2'!$Q$2:$Q$2595,MATCH(1,('Attendance-Slot-2'!$A$2:$A$2595=$C26)*('Attendance-Slot-2'!$G$2:$G$2595=CA$2),0)),"No Data")} -> No Data | CC26: =VLOOKUP($BP26,'Written Exam Marks'!$H:$Q,10,FALSE) -> #N/A | CD26: =VLOOKUP($BP26,'Written Exam Marks'!$H:$Q,9,FALSE) -> #N/A | CE26: =IF(COUNTIF($CA26:$CB26,"P-*")>0,"Present", IF(COUNTIF($CA26:$CB26,"A-*")>0,"Absent", IF(COUNTIF($CA26:$CB26,"No Data")>0,"No Data",""))) -> No Data | CF26: =IF(LEFT($CA26,2)="P-",$CA26,IF(LEFT($CB26,2)="P-",$CB26,IF(LEFT($CA26,2)="A-",$CA26,IF(LEFT($CB26,2)="A-",$CB26,IF($CA26="No Data",$CA26,IF($CB26="No Data",$CB26,"")))))) -> No Data | CG26: 5 | CH26: 4.5 | CI26: 8 | CJ26: 8 | CK26: 10 | CL26: 10 | CM26: 45.5 | CN26: 50 | CO26: Writing Practice | CP26: BDSDF112 | CQ26: =CONCATENATE($C26,"-",$CP26) -> 2025EB1100023-BDSDF112 | CR26: =COUNTIF($CG26:$CH26,"A") & " " & "missed" -> 0 missed | CS26: =COUNTIF($CI26:$CJ26,"A") & " " & "missed" -> 0 missed | CT26: =2-COUNTIF($CG26:$CH26,"A") -> 2 | CU26: =2-COUNTIF($CI26:$CJ26,"A") -> 2 | CV26: =$CT26/2 -> 1 | CW26: =$CU26/2 -> 1 | CX26: =COUNTIF($CG26:$CJ26, "A") & " " &"missed" -> 0 missed | CY26: =4- COUNTIF($CG26:$CJ26, "A") -> 4 | CZ26: =$CY26/4 -> 1 | DA26: =CONCATENATE("Q-",$CT26," A-",$CU26," || Q Total-2, A Total-2") -> Q-2 A-2 || Q Total-2, A Total-2 | DB26: {=IFERROR(INDEX('Attendance-Slot-1'!$Q$2:$Q$1112,MATCH(1,('Attendance-Slot-1'!$A$2:$A$1112=$C26)*('Attendance-Slot-1'!$G$2:$G$1112=DB$2),0)),"No Data")} -> No Data | DC26: {=IFERROR(INDEX('Attendance-Slot-2'!$Q$2:$Q$2595,MATCH(1,('Attendance-Slot-2'!$A$2:$A$2595=$C26)*('Attendance-Slot-2'!$G$2:$G$2595=DB$2),0)),"No Data")} -> P-S2_Onsite | DD26: =VLOOKUP($CQ26,'Written Exam Marks'!$H:$Q,10,FALSE) -> 25.5 | DE26: =VLOOKUP($CQ26,'Written Exam Marks'!$H:$Q,9,FALSE) -> 50 | DF26: =IF(COUNTIF($DB26:$DC26,"P-*")>0,"Present", IF(COUNTIF($DB26:$DC26,"A-*")>0,"Absent", IF(COUNTIF($DB26:$DC26,"No Data")>0,"No Data",""))) -> Present | DG26: =IF(LEFT($DB26,2)="P-",$DB26,IF(LEFT($DC26,2)="P-",$DC26,IF(LEFT($DB26,2)="A-",$DB26,IF(LEFT($DC26,2)="A-",$DC26,IF($DB26="No Data",$DB26,IF($DC26="No Data",$DC26,"")))))) -> P-S2_Onsite | DH26: 90 | DI26: 90 | DJ26: 100 | DK26: ="P-"&(COUNTIF($AB26,"P-*")+COUNTIF($BB26,"P-*")+COUNTIF($CA26,"P-*")+COUNTIF($DB26,"P-*"))&", A-"&(COUNTIF($AB26,"A-*")+COUNTIF($BB26,"A-*")+COUNTIF($CA26,"A-*")+COUNTIF($DB26,"A-*"))&", No Data-"&(COUNTIF($AB26,"No Data")+COUNTIF($BB26,"No Data")+COUNTIF($CA26,"No Data")+COUNTIF($DB26,"No Data")) -> P-0, A-0, No Data-4 | DL26: ="P-"&(COUNTIF($AC26,"P-*")+COUNTIF($BC26,"P-*")+COUNTIF($CB26,"P-*")+COUNTIF($DC26,"P-*"))&", A-"&(COUNTIF($AC26,"A-*")+COUNTIF($BC26,"A-*")+COUNTIF($CB26,"A-*")+COUNTIF($DC26,"A-*"))&", No Data-"&(COUNTIF($AC26,"No Data")+COUNTIF($BC26,"No Data")+COUNTIF($CB26,"No Data")+COUNTIF($DC26,"No Data")) -> P-1, A-0, No Data-3 | DM26: =IF(LEFT($AB26,2)="P-",$AB26, IF(LEFT($AC26,2)="P-",$AC26, IF(LEFT($AB26,2)="A-",$AB26, IF(LEFT($AC26,2)="A-",$AC26, IF($AB26="No Data",$AB26, IF($AC26="No Data",$AC26,"")))))) -> No Data | DN26: =IF(LEFT($DB26,2)="P-",$DB26, IF(LEFT($DC26,2)="P-",$DC26, IF(LEFT($DB26,2)="A-",$DB26, IF(LEFT($DC26,2)="A-",$DC26, IF($DB26="No Data",$DB26, IF($DC26="No Data",$DC26,"")))))) -> P-S2_Onsite | DO26: =IF(LEFT($BB26,2)="P-",$BB26, IF(LEFT($BC26,2)="P-",$BC26, IF(LEFT($BB26,2)="A-",$BB26, IF(LEFT($BC26,2)="A-",$BC26, IF($BB26="No Data",$BB26, IF($BC26="No Data",$BC26,"")))))) -> No Data | DP26: =IF(LEFT($CA26,2)="P-",$CA26, IF(LEFT($CB26,2)="P-",$CB26, IF(LEFT($CA26,2)="A-",$CA26, IF(LEFT($CB26,2)="A-",$CB26, IF($CA26="No Data",$CA26, IF($CB26="No Data",$CB26,"")))))) -> No Data | DQ26: ="P-"&COUNTIF($DM26:$DP26,"P-*")&", A-"&COUNTIF($DM26:$DP26,"A-*")&", No Data-"&COUNTIF($DM26:$DP26,"No Data") -> P-1, A-0, No Data-3 | DR26: =IF( AND( $AA26="Q-4 A-1 || Q Total-4, A Total-1", $BA26="Q-3 A-2 || Q Total-3, A Total-2", $BZ26="Q-3 A-1 || Q Total-3, A Total-1", $DA26="Q-2 A-2 || Q Total-2, A Total-2" ), 1, 0 ) -> 0 | DS26: Activated | DT26: Exam Given | DU26: 2025EB1100023
A27: 24 | B27: BS DS-AI | C27: 2025EB1100024 | D27: 2025eb1100024@bitspilani-digital.edu.in | E27: SHOORSEN THIRUNAVUKKARASU K | F27: MALE | G27: `+91-9884023886 | H27: A | I27: A | J27: A | K27: A | L27: A | M27: 1.6 | N27: 60 | O27: Computer Programming | P27: BDSDF113 | Q27: =CONCATENATE($C27,"-",$P27) -> 2025EB1100024-BDSDF113 | R27: =COUNTIF($H27:$K27,"A") & " " & "missed" -> 4 missed | S27: =COUNTIF(L27,"A") & " " & "missed" -> 1 missed | T27: =4-COUNTIF($H27:$K27,"A") -> 0 | U27: =1-COUNTIF($L27,"A") -> 0 | V27: =$T27/4 -> 0 | W27: =$U27/1 -> 0 | X27: =COUNTIF($H27:$L27, "A") & " " &"missed" -> 5 missed | Y27: =5- COUNTIF($H27:$L27, "A") -> 0 | Z27: =$Y27/5 -> 0 | AA27: =CONCATENATE("Q-",$T27," A-",$U27," || Q Total-4, A Total-1") -> Q-0 A-0 || Q Total-4, A Total-1 | AB27: {=IFERROR(INDEX('Attendance-Slot-1'!$Q$2:$Q$1112,MATCH(1,('Attendance-Slot-1'!$A$2:$A$1112=$C27)*('Attendance-Slot-1'!$G$2:$G$1112=AB$2),0)),"No Data")} -> P-S1_Onsite | AC27: {=IFERROR(INDEX('Attendance-Slot-2'!$Q$2:$Q$2595,MATCH(1,('Attendance-Slot-2'!$A$2:$A$2595=$C27)*('Attendance-Slot-2'!$G$2:$G$2595=AB$2),0)),"No Data")} -> No Data | AD27: =VLOOKUP($Q27,'Written Exam Marks'!$H:$Q,10,FALSE) -> 7 | AE27: =VLOOKUP($Q27,'Written Exam Marks'!$H:$Q,9,FALSE) -> 40 | AF27: =IF(COUNTIF($AB27:$AC27,"P-*")>0,"Present", IF(COUNTIF($AB27:$AC27,"A-*")>0,"Absent", IF(COUNTIF($AB27:$AC27,"No Data")>0,"No Data",""))) -> Present | AG27: =IF(LEFT($AB27,2)="P-",$AB27,IF(LEFT($AC27,2)="P-",$AC27,IF(LEFT($AB27,2)="A-",$AB27,IF(LEFT($AC27,2)="A-",$AC27,IF($AB27="No Data",$AB27,IF($AC27="No Data",$AC27,"")))))) -> P-S1_Onsite | AH27: A | AI27: 10 | AJ27: A | AK27: A | AL27: 10 | AM27: 20 | AN27: 60 | AO27: Computer Systems | AP27: BDSDF108 | AQ27: =CONCATENATE($C27,"-",$AP27) -> 2025EB1100024-BDSDF108 | AR27: =COUNTIF($AJ27:$AL27,"A") & " " & "missed" -> 2 missed | AS27: =COUNTIF($AH27:$AI27,"A") & " " & "missed" -> 1 missed | AT27: =3-COUNTIF(AJ27:AL27,"A") -> 1 | AU27: =2-COUNTIF($AH27:$AI27,"A") -> 1 | AV27: =$AT27/3 -> 0.33333333 | AW27: =$AU27/2 -> 0.5 | AX27: =COUNTIF($AH27:$AL27, "A") & " " &"missed" -> 3 missed | AY27: =5- COUNTIF($AH27:$AL27, "A") -> 2 | AZ27: =$AY27/5 -> 0.4 | BA27: =CONCATENATE("Q-",$AT27," A-",$AU27," || Q Total-3, A Total-2") -> Q-1 A-1 || Q Total-3, A Total-2 | BB27: {=IFERROR(INDEX('Attendance-Slot-1'!$Q$2:$Q$1112,MATCH(1,('Attendance-Slot-1'!$A$2:$A$1112=$C27)*('Attendance-Slot-1'!$G$2:$G$1112=BB$2),0)),"No Data")} -> P-S1_Onsite | BC27: {=IFERROR(INDEX('Attendance-Slot-2'!$Q$2:$Q$2595,MATCH(1,('Attendance-Slot-2'!$A$2:$A$2595=$C27)*('Attendance-Slot-2'!$G$2:$G$2595=BB$2),0)),"No Data")} -> No Data | BD27: =VLOOKUP($AQ27,'Written Exam Marks'!$H:$Q,10,FALSE) -> 10.75 | BE27: =VLOOKUP($AQ27,'Written Exam Marks'!$H:$Q,9,FALSE) -> 40 | BF27: =IF(COUNTIF($BB27:$BC27,"P-*")>0,"Present", IF(COUNTIF($BB27:$BC27,"A-*")>0,"Absent", IF(COUNTIF($BB27:$BC27,"No Data")>0,"No Data",""))) -> Present | BG27: =IF(LEFT($BB27,2)="P-",$BB27,IF(LEFT($BC27,2)="P-",$BC27,IF(LEFT($BB27,2)="A-",$BB27,IF(LEFT($BC27,2)="A-",$BC27,IF($BB27="No Data",$BB27,IF($BC27="No Data",$BC27,"")))))) -> P-S1_Onsite | BH27: A | BI27: A | BJ27: A | BK27: 18 | BL27: 18 | BM27: 60 | BN27: Probability & Statistics | BO27: BDSDF114 | BP27: =CONCATENATE($C27,"-",$BO27) -> 2025EB1100024-BDSDF114 | BQ27: =COUNTIF($BH27:$BJ27,"A") & " " & "missed" -> 3 missed | BR27: =COUNTIF($BK27,"A") & " " & "missed" -> 0 missed | BS27: =3-COUNTIF($BH27:$BJ27,"A") -> 0 | BT27: =1-COUNTIF($BK27,"A") -> 1 | BU27: =$BS27/3 -> 0 | BV27: =$BT27/1 -> 1 | BW27: =COUNTIF($BH27:$BK27, "A") & " " &"missed" -> 3 missed | BX27: =4- COUNTIF(BH27:BK27, "A") -> 1 | BY27: =$BX27/4 -> 0.25 | BZ27: =CONCATENATE("Q-",$BS27," A-",$BT27," || Q Total-3, A Total-1") -> Q-0 A-1 || Q Total-3, A Total-1 | CA27: {=IFERROR(INDEX('Attendance-Slot-1'!$Q$2:$Q$1112,MATCH(1,('Attendance-Slot-1'!$A$2:$A$1112=$C27)*('Attendance-Slot-1'!$G$2:$G$1112=CA$2),0)),"No Data")} -> P-S1_Onsite | CB27: {=IFERROR(INDEX('Attendance-Slot-2'!$Q$2:$Q$2595,MATCH(1,('Attendance-Slot-2'!$A$2:$A$2595=$C27)*('Attendance-Slot-2'!$G$2:$G$2595=CA$2),0)),"No Data")} -> No Data | CC27: =VLOOKUP($BP27,'Written Exam Marks'!$H:$Q,10,FALSE) -> 4 | CD27: =VLOOKUP($BP27,'Written Exam Marks'!$H:$Q,9,FALSE) -> 40 | CE27: =IF(COUNTIF($CA27:$CB27,"P-*")>0,"Present", IF(COUNTIF($CA27:$CB27,"A-*")>0,"Absent", IF(COUNTIF($CA27:$CB27,"No Data")>0,"No Data",""))) -> Present | CF27: =IF(LEFT($CA27,2)="P-",$CA27,IF(LEFT($CB27,2)="P-",$CB27,IF(LEFT($CA27,2)="A-",$CA27,IF(LEFT($CB27,2)="A-",$CB27,IF($CA27="No Data",$CA27,IF($CB27="No Data",$CB27,"")))))) -> P-S1_Onsite | CG27: 4.5 | CH27: A | CI27: A | CJ27: A | CK27: A | CL27: A | CM27: 4.5 | CN27: 50 | CO27: Writing Practice | CP27: BDSDF112 | CQ27: =CONCATENATE($C27,"-",$CP27) -> 2025EB1100024-BDSDF112 | CR27: =COUNTIF($CG27:$CH27,"A") & " " & "missed" -> 1 missed | CS27: =COUNTIF($CI27:$CJ27,"A") & " " & "missed" -> 2 missed | CT27: =2-COUNTIF($CG27:$CH27,"A") -> 1 | CU27: =2-COUNTIF($CI27:$CJ27,"A") -> 0 | CV27: =$CT27/2 -> 0.5 | CW27: =$CU27/2 -> 0 | CX27: =COUNTIF($CG27:$CJ27, "A") & " " &"missed" -> 3 missed | CY27: =4- COUNTIF($CG27:$CJ27, "A") -> 1 | CZ27: =$CY27/4 -> 0.25 | DA27: =CONCATENATE("Q-",$CT27," A-",$CU27," || Q Total-2, A Total-2") -> Q-1 A-0 || Q Total-2, A Total-2 | DB27: {=IFERROR(INDEX('Attendance-Slot-1'!$Q$2:$Q$1112,MATCH(1,('Attendance-Slot-1'!$A$2:$A$1112=$C27)*('Attendance-Slot-1'!$G$2:$G$1112=DB$2),0)),"No Data")} -> P-S1_Onsite | DC27: {=IFERROR(INDEX('Attendance-Slot-2'!$Q$2:$Q$2595,MATCH(1,('Attendance-Slot-2'!$A$2:$A$2595=$C27)*('Attendance-Slot-2'!$G$2:$G$2595=DB$2),0)),"No Data")} -> No Data | DD27: =VLOOKUP($CQ27,'Written Exam Marks'!$H:$Q,10,FALSE) -> 26 | DE27: =VLOOKUP($CQ27,'Written Exam Marks'!$H:$Q,9,FALSE) -> 50 | DF27: =IF(COUNTIF($DB27:$DC27,"P-*")>0,"Present", IF(COUNTIF($DB27:$DC27,"A-*")>0,"Absent", IF(COUNTIF($DB27:$DC27,"No Data")>0,"No Data",""))) -> Present | DG27: =IF(LEFT($DB27,2)="P-",$DB27,IF(LEFT($DC27,2)="P-",$DC27,IF(LEFT($DB27,2)="A-",$DB27,IF(LEFT($DC27,2)="A-",$DC27,IF($DB27="No Data",$DB27,IF($DC27="No Data",$DC27,"")))))) -> P-S1_Onsite | DH27: A | DI27: 0 | DJ27: 100 | DK27: ="P-"&(COUNTIF($AB27,"P-*")+COUNTIF($BB27,"P-*")+COUNTIF($CA27,"P-*")+COUNTIF($DB27,"P-*"))&", A-"&(COUNTIF($AB27,"A-*")+COUNTIF($BB27,"A-*")+COUNTIF($CA27,"A-*")+COUNTIF($DB27,"A-*"))&", No Data-"&(COUNTIF($AB27,"No Data")+COUNTIF($BB27,"No Data")+COUNTIF($CA27,"No Data")+COUNTIF($DB27,"No Data")) -> P-4, A-0, No Data-0 | DL27: ="P-"&(COUNTIF($AC27,"P-*")+COUNTIF($BC27,"P-*")+COUNTIF($CB27,"P-*")+COUNTIF($DC27,"P-*"))&", A-"&(COUNTIF($AC27,"A-*")+COUNTIF($BC27,"A-*")+COUNTIF($CB27,"A-*")+COUNTIF($DC27,"A-*"))&", No Data-"&(COUNTIF($AC27,"No Data")+COUNTIF($BC27,"No Data")+COUNTIF($CB27,"No Data")+COUNTIF($DC27,"No Data")) -> P-0, A-0, No Data-4 | DM27: =IF(LEFT($AB27,2)="P-",$AB27, IF(LEFT($AC27,2)="P-",$AC27, IF(LEFT($AB27,2)="A-",$AB27, IF(LEFT($AC27,2)="A-",$AC27, IF($AB27="No Data",$AB27, IF($AC27="No Data",$AC27,"")))))) -> P-S1_Onsite | DN27: =IF(LEFT($DB27,2)="P-",$DB27, IF(LEFT($DC27,2)="P-",$DC27, IF(LEFT($DB27,2)="A-",$DB27, IF(LEFT($DC27,2)="A-",$DC27, IF($DB27="No Data",$DB27, IF($DC27="No Data",$DC27,"")))))) -> P-S1_Onsite | DO27: =IF(LEFT($BB27,2)="P-",$BB27, IF(LEFT($BC27,2)="P-",$BC27, IF(LEFT($BB27,2)="A-",$BB27, IF(LEFT($BC27,2)="A-",$BC27, IF($BB27="No Data",$BB27, IF($BC27="No Data",$BC27,"")))))) -> P-S1_Onsite | DP27: =IF(LEFT($CA27,2)="P-",$CA27, IF(LEFT($CB27,2)="P-",$CB27, IF(LEFT($CA27,2)="A-",$CA27, IF(LEFT($CB27,2)="A-",$CB27, IF($CA27="No Data",$CA27, IF($CB27="No Data",$CB27,"")))))) -> P-S1_Onsite | DQ27: ="P-"&COUNTIF($DM27:$DP27,"P-*")&", A-"&COUNTIF($DM27:$DP27,"A-*")&", No Data-"&COUNTIF($DM27:$DP27,"No Data") -> P-4, A-0, No Data-0 | DR27: =IF( AND( $AA27="Q-4 A-1 || Q Total-4, A Total-1", $BA27="Q-3 A-2 || Q Total-3, A Total-2", $BZ27="Q-3 A-1 || Q Total-3, A Total-1", $DA27="Q-2 A-2 || Q Total-2, A Total-2" ), 1, 0 ) -> 0 | DS27: Activated | DT27: Exam Given | DU27: 2025EB1100024
