Workbook

Sheet Graded Quiz 1 Status
A1: Parent Department Name | B1: BS
A3: Count of Username | B3: Column Labels
A4: Row Labels | B4: 2026-02-08 | C4: 2026-02-09 | D4: Grand Total | E4: Total no. of students | F4: %
A5: Computer Programming | B5: 50 | C5: 20 | D5: 70 | E5: =_xlfn.XLOOKUP(A5,Courses!A:A,Courses!E:E) -> 170 | F5: =D5/E5 -> 0.41176471
A6: Computing Systems | B6: 44 | C6: 22 | D6: 66 | E6: =_xlfn.XLOOKUP(A6,Courses!A:A,Courses!E:E) -> 193 | F6: =D6/E6 -> 0.34196891
A7: Data and the World | B7: 2 | C7: 1 | D7: 3 | E7: =_xlfn.XLOOKUP(A7,Courses!A:A,Courses!E:E) -> 160 | F7: =D7/E7 -> 0.01875
A8: Data Preprocessing (BS) | B8: 53 | C8: 18 | D8: 71 | E8: 154 | F8: =D8/E8 -> 0.46103896
A9: Data Structures for Data Science | B9: 62 | C9: 17 | D9: 79 | E9: =_xlfn.XLOOKUP(A9,Courses!A:A,Courses!E:E) -> 160 | F9: =D9/E9 -> 0.49375
A10: Fundamentals of Data Science and Engineering | B10: 75 | C10: 1 | D10: 76 | E10: =_xlfn.XLOOKUP(A10,Courses!A:A,Courses!E:E) -> 176 | F10: =D10/E10 -> 0.43181818
A11: Linear Algebra | B11: 68 | C11: 17 | D11: 85 | E11: =_xlfn.XLOOKUP(A11,Courses!A:A,Courses!E:E) -> 188 | F11: =D11/E11 -> 0.45212766
A12: Probability & Statistics | B12: 42 | C12: 15 | D12: 57 | E12: 177 | F12: =D12/E12 -> 0.3220339
A13: Writing Practice | B13: 31 | C13: 17 | D13: 48 | E13: =_xlfn.XLOOKUP(A13,Courses!A:A,Courses!E:E) -> 134 | F13: =D13/E13 -> 0.35820896
A14: Grand Total | B14: 427 | C14: 128 | D14: 555 | E14: =SUM(E5:E13) -> 1512 | F14: =D14/E14 -> 0.36706349
A16: Parent Department Name | B16: MS
A18: Count of Username | B18: Column Labels
A19: Row Labels | B19: 2026-02-08 | C19: 2026-02-09 | D19: Grand Total | E19: Total no. of students | F19: %
A20: Artificial Neural Networks | B20: 127 | C20: 35 | D20: 162 | E20: =_xlfn.XLOOKUP(A20,Courses!A:A,Courses!E:E) -> 352 | F20: =D20/E20 -> 0.46022727
A21: Cloud Services & Platforms | B21: 128 | C21: 39 | D21: 167 | E21: =_xlfn.XLOOKUP(A21,Courses!A:A,Courses!E:E) -> 357 | F21: =D21/E21 -> 0.46778711
A22: Data Pre-processing (MSc) | B22: 138 | C22: 42 | D22: 180 | E22: 389 | F22: =D22/E22 -> 0.46272494
A23: Data Stores & Pipelines | B23: 2 | C23: 1 | D23: 3 | E23: =_xlfn.XLOOKUP(A23,Courses!A:A,Courses!E:E) -> 17 | F23: =D23/E23 -> 0.17647059
A24: Data Visualization & Storytelling | B24: 126 | C24: 51 | D24: 177 | E24: =_xlfn.XLOOKUP(A24,Courses!A:A,Courses!E:E) -> 390 | F24: =D24/E24 -> 0.45384615
A25: Feature Engineering | B25: 4 | C25: 1 | D25: 5 | E25: =_xlfn.XLOOKUP(A25,Courses!A:A,Courses!E:E) -> 389 | F25: =D25/E25 -> 0.01285347
A26: Machine Learning | B26: 142 | C26: 48 | D26: 190 | E26: =_xlfn.XLOOKUP(A26,Courses!A:A,Courses!E:E) -> 350 | F26: =D26/E26 -> 0.54285714
A27: Statistical Modelling & Inferencing | B27: 128 | C27: 49 | D27: 177 | E27: =_xlfn.XLOOKUP(A27,Courses!A:A,Courses!E:E) -> 395 | F27: =D27/E27 -> 0.44810127
A28: Grand Total | B28: 795 | C28: 266 | D28: 1061 | E28: =SUM(E20:E27) -> 2639 | F28: =D28/E28 -> 0.40204623

Sheet Analysis Data
A1: Course Offering Name | B1: Parent Department Name | C1: Semester Name | D1: Username | E1: Username_for verification | F1: Org Defined Id | G1: First Name | H1: Is Active | I1: Content Completed | J1: Content Required | K1: Checklist Completed | L1: Quiz Completed | M1: Total Quiz Attempts | N1: Discussion Post Created | O1: Discussion Post Replies | P1: Discussion Post Read | Q1: Last Discussion Post Date | R1: Number Of Assignment Submissions | S1: Last Assignment Submission Date | T1: Total Time Spent In Content | U1: Last Visited Date | V1: Last System Login | W1: Number Of Logins To The System | X1: Auditor Name | Y1: Last Quiz Attempt Date | Z1: Last graded Quiz Attempt Date | AA1: Last SCORM Completion Date | AB1: Last SCORM Visit Date
A2: Data Structures for Data Science | B2: BS | C2: Trimester 2 | D2: 2025eb1100001@bitspilani-digital.edu.in | E2: =_xlfn.XLOOKUP(D2,Total_Enrolled!C:C,Total_Enrolled!C:C) -> 2025eb1100001@bitspilani-digital.edu.in | F2: 2025EB1100001 | G2: RUDRA SHARMA | H2: TRUE | I2: 1 | J2: 154 | K2: 0 | L2: 1 | M2: 1 | N2: 0 | O2: 0 | P2: 0 | R2: 0 | T2: 0 | U2: 2026-02-08T09:13:59.9530000Z | V2: 2026-02-08T08:54:36.2970000Z | W2: 166 | Y2: 2026-02-08T09:04:03.4030000Z | Z2: =LEFT(Y2,10) -> 2026-02-08
A3: Data Preprocessing (BS) | B3: BS | C3: Trimester 2 | D3: 2025eb1100001@bitspilani-digital.edu.in | E3: =_xlfn.XLOOKUP(D3,Total_Enrolled!C:C,Total_Enrolled!C:C) -> 2025eb1100001@bitspilani-digital.edu.in | F3: 2025EB1100001 | G3: RUDRA SHARMA | H3: TRUE | I3: 6 | J3: 158 | K3: 0 | L3: 2 | M3: 3 | N3: 0 | O3: 0 | P3: 0 | R3: 0 | T3: 17096 | U3: 2026-02-08T09:20:40.1530000Z | V3: 2026-02-08T08:54:36.2970000Z | W3: 166 | Y3: 2026-02-08T09:20:32.9730000Z | Z3: =LEFT(Y3,10) -> 2026-02-08
A4: Linear Algebra | B4: BS | C4: Trimester 2 | D4: 2025eb1100001@bitspilani-digital.edu.in | E4: =_xlfn.XLOOKUP(D4,Total_Enrolled!C:C,Total_Enrolled!C:C) -> 2025eb1100001@bitspilani-digital.edu.in | F4: 2025EB1100001 | G4: RUDRA SHARMA | H4: TRUE | I4: 3 | J4: 86 | K4: 0 | L4: 1 | M4: 1 | N4: 0 | O4: 0 | P4: 0 | R4: 0 | T4: 27 | U4: 2026-02-08T09:12:57.6770000Z | V4: 2026-02-08T08:54:36.2970000Z | W4: 166 | Y4: 2026-02-08T09:12:53.8070000Z | Z4: =LEFT(Y4,10) -> 2026-02-08 | AA4: 2026-01-23T15:01:45.2470000Z | AB4: 2026-01-23T15:01:48.8770000Z
A5: Computing Systems | B5: BS | C5: Trimester 2 | D5: 2025eb1100001@bitspilani-digital.edu.in | E5: =_xlfn.XLOOKUP(D5,Total_Enrolled!C:C,Total_Enrolled!C:C) -> 2025eb1100001@bitspilani-digital.edu.in | F5: 2025EB1100001 | G5: RUDRA SHARMA | H5: TRUE | I5: 92 | J5: 267 | K5: 0 | L5: 34 | M5: 56 | N5: 0 | O5: 0 | P5: 0 | R5: 0 | T5: 1027 | U5: 2026-02-08T08:57:34.8130000Z | V5: 2026-02-08T08:54:36.2970000Z | W5: 166 | Y5: 2026-02-08T08:57:30.2130000Z | Z5: =LEFT(Y5,10) -> 2026-02-08 | AA5: 2026-01-23T14:59:58.6570000Z | AB5: 2026-01-23T15:00:20.6770000Z
A6: Fundamentals of Data Science and Engineering | B6: BS | C6: Trimester 2 | D6: 2025eb1100004@bitspilani-digital.edu.in | E6: =_xlfn.XLOOKUP(D6,Total_Enrolled!C:C,Total_Enrolled!C:C) -> 2025eb1100004@bitspilani-digital.edu.in | F6: 2025EB1100004 | G6: ARUNLAL P | H6: TRUE | I6: 1 | J6: 112 | K6: 0 | L6: 1 | M6: 1 | N6: 0 | O6: 0 | P6: 0 | R6: 0 | T6: 0 | U6: 2026-02-08T15:58:42.1600000Z | V6: 2026-02-08T15:52:25.5800000Z | W6: 151 | Y6: 2026-02-08T15:58:35.0330000Z | Z6: =LEFT(Y6,10) -> 2026-02-08
A7: Linear Algebra | B7: BS | C7: Trimester 2 | D7: 2025eb1100006@bitspilani-digital.edu.in | E7: =_xlfn.XLOOKUP(D7,Total_Enrolled!C:C,Total_Enrolled!C:C) -> 2025eb1100006@bitspilani-digital.edu.in | F7: 2025EB1100006 | G7: JAL PATEL | H7: TRUE | I7: 1 | J7: 86 | K7: 0 | L7: 1 | M7: 1 | N7: 0 | O7: 0 | P7: 0 | R7: 0 | T7: 0 | U7: 2026-02-08T08:16:42.7600000Z | V7: 2026-02-08T07:51:39.3430000Z | W7: 73 | Y7: 2026-02-08T08:12:38.5830000Z | Z7: =LEFT(Y7,10) -> 2026-02-08
A8: Fundamentals of Data Science and Engineering | B8: BS | C8: Trimester 2 | D8: 2025eb1100006@bitspilani-digital.edu.in | E8: =_xlfn.XLOOKUP(D8,Total_Enrolled!C:C,Total_Enrolled!C:C) -> 2025eb1100006@bitspilani-digital.edu.in | F8: 2025EB1100006 | G8: JAL PATEL | H8: TRUE | I8: 2 | J8: 112 | K8: 0 | L8: 2 | M8: 2 | N8: 0 | O8: 0 | P8: 0 | R8: 0 | T8: 0 | U8: 2026-02-08T08:17:07.8730000Z | V8: 2026-02-08T07:51:39.3430000Z | W8: 73 | Y8: 2026-02-08T08:02:33.4500000Z | Z8: =LEFT(Y8,10) -> 2026-02-08
A9: Data Structures for Data Science | B9: BS | C9: Trimester 2 | D9: 2025eb1100006@bitspilani-digital.edu.in | E9: =_xlfn.XLOOKUP(D9,Total_Enrolled!C:C,Total_Enrolled!C:C) -> 2025eb1100006@bitspilani-digital.edu.in | F9: 2025EB1100006 | G9: JAL PATEL | H9: TRUE | I9: 1 | J9: 154 | K9: 0 | L9: 1 | M9: 1 | N9: 0 | O9: 0 | P9: 0 | R9: 0 | T9: 0 | U9: 2026-02-08T08:17:33.9070000Z | V9: 2026-02-08T07:51:39.3430000Z | W9: 73 | Y9: 2026-02-08T08:15:45.7230000Z | Z9: =LEFT(Y9,10) -> 2026-02-08
A10: Computer Programming | B10: BS | C10: Trimester 2 | D10: 2025eb1100007@bitspilani-digital.edu.in | E10: =_xlfn.XLOOKUP(D10,Total_Enrolled!C:C,Total_Enrolled!C:C) -> 2025eb1100007@bitspilani-digital.edu.in | F10: 2025EB1100007 | G10: HARSHVARDHAN SINGH | H10: TRUE | I10: 10 | J10: 356 | K10: 0 | L10: 4 | M10: 4 | N10: 0 | O10: 0 | P10: 0 | R10: 0 | T10: 24662 | U10: 2026-02-08T02:54:21.2930000Z | V10: 2026-02-09T00:57:34.8670000Z | W10: 67 | Y10: 2026-02-08T02:54:12.8470000Z | Z10: =LEFT(Y10,10) -> 2026-02-08 | AA10: 2026-01-30T14:05:06.5370000Z | AB10: 2026-02-05T07:23:03.0770000Z
A11: Probability & Statistics | B11: BS | C11: Trimester 2 | D11: 2025eb1100007@bitspilani-digital.edu.in | E11: =_xlfn.XLOOKUP(D11,Total_Enrolled!C:C,Total_Enrolled!C:C) -> 2025eb1100007@bitspilani-digital.edu.in | F11: 2025EB1100007 | G11: HARSHVARDHAN SINGH | H11: TRUE | I11: 1 | J11: 326 | K11: 0 | L11: 1 | M11: 1 | N11: 0 | O11: 0 | P11: 0 | R11: 0 | T11: 0 | U11: 2026-02-08T02:56:47.4770000Z | V11: 2026-02-09T00:57:34.8670000Z | W11: 67 | Y11: 2026-02-08T02:56:43.8530000Z | Z11: =LEFT(Y11,10) -> 2026-02-08
A12: Computing Systems | B12: BS | C12: Trimester 2 | D12: 2025eb1100007@bitspilani-digital.edu.in | E12: =_xlfn.XLOOKUP(D12,Total_Enrolled!C:C,Total_Enrolled!C:C) -> 2025eb1100007@bitspilani-digital.edu.in | F12: 2025EB1100007 | G12: HARSHVARDHAN SINGH | H12: TRUE | I12: 1 | J12: 267 | K12: 0 | L12: 1 | M12: 1 | N12: 0 | O12: 0 | P12: 0 | R12: 0 | T12: 0 | U12: 2026-02-08T03:02:53.3470000Z | V12: 2026-02-09T00:57:34.8670000Z | W12: 67 | Y12: 2026-02-08T03:02:49.6200000Z | Z12: =LEFT(Y12,10) -> 2026-02-08
A13: Fundamentals of Data Science and Engineering | B13: BS | C13: Trimester 2 | D13: 2025eb1100010@bitspilani-digital.edu.in | E13: =_xlfn.XLOOKUP(D13,Total_Enrolled!C:C,Total_Enrolled!C:C) -> 2025eb1100010@bitspilani-digital.edu.in | F13: 2025EB1100010 | G13: HARSHITA JAIN | H13: TRUE | I13: 4 | J13: 112 | K13: 0 | L13: 2 | M13: 2 | N13: 0 | O13: 0 | P13: 0 | R13: 0 | T13: 14 | U13: 2026-02-08T14:39:37.0530000Z | V13: 2026-02-08T14:34:30.4630000Z | W13: 169 | Y13: 2026-02-08T14:39:30.3800000Z | Z13: =LEFT(Y13,10) -> 2026-02-08
A14: Data Structures for Data Science | B14: BS | C14: Trimester 2 | D14: 2025eb1100015@bitspilani-digital.edu.in | E14: =_xlfn.XLOOKUP(D14,Total_Enrolled!C:C,Total_Enrolled!C:C) -> 2025eb1100015@bitspilani-digital.edu.in | F14: 2025EB1100015 | G14: TADIMALLA ADITI | H14: TRUE | I14: 12 | J14: 154 | K14: 0 | L14: 4 | M14: 4 | N14: 0 | O14: 0 | P14: 0 | R14: 0 | T14: 42049 | U14: 2026-02-08T17:30:42.8230000Z | V14: 2026-02-09T03:14:20.9130000Z | W14: 233 | Y14: 2026-02-08T17:30:39.1400000Z | Z14: =LEFT(Y14,10) -> 2026-02-08 | AA14: 2026-02-08T17:30:46.8530000Z | AB14: 2026-02-08T17:30:46.8530000Z
A15: Fundamentals of Data Science and Engineering | B15: BS | C15: Trimester 2 | D15: 2025eb1100018@bitspilani-digital.edu.in | E15: =_xlfn.XLOOKUP(D15,Total_Enrolled!C:C,Total_Enrolled!C:C) -> 2025eb1100018@bitspilani-digital.edu.in | F15: 2025EB1100018 | G15: NIMMAGANTI SUMAHE | H15: TRUE | I15: 52 | J15: 112 | K15: 0 | L15: 7 | M15: 7 | N15: 0 | O15: 0 | P15: 0 | R15: 0 | T15: 14750 | U15: 2026-02-08T21:41:02.6170000Z | V15: 2026-02-09T09:46:13.1530000Z | W15: 321 | Y15: 2026-02-08T21:40:36.1730000Z | Z15: =LEFT(Y15,10) -> 2026-02-08
A16: Linear Algebra | B16: BS | C16: Trimester 2 | D16: 2025eb1100018@bitspilani-digital.edu.in | E16: =_xlfn.XLOOKUP(D16,Total_Enrolled!C:C,Total_Enrolled!C:C) -> 2025eb1100018@bitspilani-digital.edu.in | F16: 2025EB1100018 | G16: NIMMAGANTI SUMAHE | H16: TRUE | I16: 61 | J16: 86 | K16: 0 | L16: 16 | M16: 17 | N16: 4 | O16: 0 | P16: 0 | Q16: 2026-02-08T20:09:50.6830000Z | R16: 0 | T16: 25463 | U16: 2026-02-08T20:10:03.7700000Z | V16: 2026-02-09T09:46:13.1530000Z | W16: 321 | Y16: 2026-02-08T20:01:37.7070000Z | Z16: =LEFT(Y16,10) -> 2026-02-08 | AA16: 2026-02-08T20:01:57.0970000Z | AB16: 2026-02-08T20:01:57.0970000Z
A17: Data Preprocessing (BS) | B17: BS | C17: Trimester 2 | D17: 2025eb1100018@bitspilani-digital.edu.in | E17: =_xlfn.XLOOKUP(D17,Total_Enrolled!C:C,Total_Enrolled!C:C) -> 2025eb1100018@bitspilani-digital.edu.in | F17: 2025EB1100018 | G17: NIMMAGANTI SUMAHE | H17: TRUE | I17: 81 | J17: 158 | K17: 0 | L17: 27 | M17: 27 | N17: 0 | O17: 0 | P17: 0 | R17: 0 | T17: 28046 | U17: 2026-02-08T20:10:27.6930000Z | V17: 2026-02-09T09:46:13.1530000Z | W17: 321 | Y17: 2026-02-08T14:32:46.4930000Z | Z17: =LEFT(Y17,10) -> 2026-02-08
A18: Data Structures for Data Science | B18: BS | C18: Trimester 2 | D18: 2025eb1100018@bitspilani-digital.edu.in | E18: =_xlfn.XLOOKUP(D18,Total_Enrolled!C:C,Total_Enrolled!C:C) -> 2025eb1100018@bitspilani-digital.edu.in | F18: 2025EB1100018 | G18: NIMMAGANTI SUMAHE | H18: TRUE | I18: 91 | J18: 154 | K18: 0 | L18: 30 | M18: 30 | N18: 0 | O18: 0 | P18: 0 | R18: 0 | T18: 29105 | U18: 2026-02-08T14:26:43.0470000Z | V18: 2026-02-09T09:46:13.1530000Z | W18: 321 | Y18: 2026-02-08T14:26:36.0170000Z | Z18: =LEFT(Y18,10) -> 2026-02-08 | AA18: 2026-02-05T18:26:03.1070000Z | AB18: 2026-02-05T18:36:20.5400000Z
A19: Probability & Statistics | B19: BS | C19: Trimester 2 | D19: 2025eb1100019@bitspilani-digital.edu.in | E19: =_xlfn.XLOOKUP(D19,Total_Enrolled!C:C,Total_Enrolled!C:C) -> 2025eb1100019@bitspilani-digital.edu.in | F19: 2025EB1100019 | G19: NITISH KUMAR | H19: TRUE | I19: 6 | J19: 326 | K19: 0 | L19: 1 | M19: 1 | N19: 0 | O19: 0 | P19: 0 | R19: 0 | T19: 763 | U19: 2026-02-08T15:01:55.8400000Z | V19: 2026-02-08T14:49:38.8730000Z | W19: 123 | Y19: 2026-02-08T15:01:36.1370000Z | Z19: =LEFT(Y19,10) -> 2026-02-08
A20: Computing Systems | B20: BS | C20: Trimester 2 | D20: 2025eb1100019@bitspilani-digital.edu.in | E20: =_xlfn.XLOOKUP(D20,Total_Enrolled!C:C,Total_Enrolled!C:C) -> 2025eb1100019@bitspilani-digital.edu.in | F20: 2025EB1100019 | G20: NITISH KUMAR | H20: TRUE | I20: 13 | J20: 267 | K20: 0 | L20: 3 | M20: 3 | N20: 0 | O20: 0 | P20: 0 | R20: 0 | T20: 5897 | U20: 2026-02-08T14:54:15.1670000Z | V20: 2026-02-08T14:49:38.8730000Z | W20: 123 | Y20: 2026-02-08T14:54:11.7000000Z | Z20: =LEFT(Y20,10) -> 2026-02-08 | AA20: 2026-01-23T15:27:29.7470000Z | AB20: 2026-02-06T07:59:20.1730000Z
A21: Computing Systems | B21: BS | C21: Trimester 2 | D21: 2025eb1100020@bitspilani-digital.edu.in | E21: =_xlfn.XLOOKUP(D21,Total_Enrolled!C:C,Total_Enrolled!C:C) -> 2025eb1100020@bitspilani-digital.edu.in | F21: 2025EB1100020 | G21: AYUSH JHA | H21: TRUE | I21: 5 | J21: 267 | K21: 0 | L21: 1 | M21: 1 | N21: 0 | O21: 0 | P21: 0 | R21: 0 | T21: 66 | U21: 2026-02-08T13:56:05.5670000Z | V21: 2026-02-09T07:21:41.8230000Z | W21: 77 | Y21: 2026-02-08T13:55:34.7400000Z | Z21: =LEFT(Y21,10) -> 2026-02-08 | AA21: 2026-01-24T15:44:23.2600000Z | AB21: 2026-01-24T15:44:23.2670000Z
A22: Probability & Statistics | B22: BS | C22: Trimester 2 | D22: 2025eb1100020@bitspilani-digital.edu.in | E22: =_xlfn.XLOOKUP(D22,Total_Enrolled!C:C,Total_Enrolled!C:C) -> 2025eb1100020@bitspilani-digital.edu.in | F22: 2025EB1100020 | G22: AYUSH JHA | H22: TRUE | I22: 1 | J22: 326 | K22: 0 | L22: 1 | M22: 1 | N22: 0 | O22: 0 | P22: 0 | R22: 0 | T22: 0 | U22: 2026-02-08T13:45:37.9530000Z | V22: 2026-02-09T07:21:41.8230000Z | W22: 77 | Y22: 2026-02-08T13:45:25.1370000Z | Z22: =LEFT(Y22,10) -> 2026-02-08
A23: Computer Programming | B23: BS | C23: Trimester 2 | D23: 2025eb1100020@bitspilani-digital.edu.in | E23: =_xlfn.XLOOKUP(D23,Total_Enrolled!C:C,Total_Enrolled!C:C) -> 2025eb1100020@bitspilani-digital.edu.in | F23: 2025EB1100020 | G23: AYUSH JHA | H23: TRUE | I23: 21 | J23: 356 | K23: 0 | L23: 6 | M23: 8 | N23: 0 | O23: 0 | P23: 0 | R23: 0 | T23: 4646 | U23: 2026-02-09T07:22:11.7630000Z | V23: 2026-02-09T07:21:41.8230000Z | W23: 77 | Y23: 2026-02-08T13:37:04.5700000Z | Z23: =LEFT(Y23,10) -> 2026-02-08 | AA23: 2026-02-09T07:41:28.0400000Z | AB23: 2026-02-09T07:41:28.0400000Z
A24: Computer Programming | B24: BS | C24: Trimester 2 | D24: 2025eb1100024@bitspilani-digital.edu.in | E24: =_xlfn.XLOOKUP(D24,Total_Enrolled!C:C,Total_Enrolled!C:C) -> 2025eb1100024@bitspilani-digital.edu.in | F24: 2025EB1100024 | G24: SHOORSEN THIRUNAVUKKARASU K | H24: TRUE | I24: 13 | J24: 356 | K24: 0 | L24: 4 | M24: 8 | N24: 0 | O24: 0 | P24: 0 | R24: 0 | T24: 1785 | U24: 2026-02-08T06:56:25.9930000Z | V24: 2026-02-08T06:51:55.3800000Z | W24: 112 | Y24: 2026-02-08T06:55:52.9500000Z | Z24: =LEFT(Y24,10) -> 2026-02-08 | AA24: 2026-01-29T14:37:14.7270000Z | AB24: 2026-01-29T14:37:14.7370000Z
A25: Linear Algebra | B25: BS | C25: Trimester 2 | D25: 2025eb1100024@bitspilani-digital.edu.in | E25: =_xlfn.XLOOKUP(D25,Total_Enrolled!C:C,Total_Enrolled!C:C) -> 2025eb1100024@bitspilani-digital.edu.in | F25: 2025EB1100024 | G25: SHOORSEN THIRUNAVUKKARASU K | H25: TRUE | I25: 9 | J25: 86 | K25: 0 | L25: 3 | M25: 3 | N25: 0 | O25: 0 | P25: 0 | R25: 0 | T25: 4129 | U25: 2026-02-08T06:59:50.3870000Z | V25: 2026-02-08T06:51:55.3800000Z | W25: 112 | Y25: 2026-02-08T06:59:45.8830000Z | Z25: =LEFT(Y25,10) -> 2026-02-08 | AA25: 2026-01-27T13:34:45.6630000Z | AB25: 2026-01-27T13:34:45.6730000Z
A26: Data Preprocessing (BS) | B26: BS | C26: Trimester 2 | D26: 2025eb1100026@bitspilani-digital.edu.in | E26: =_xlfn.XLOOKUP(D26,Total_Enrolled!C:C,Total_Enrolled!C:C) -> 2025eb1100026@bitspilani-digital.edu.in | F26: 2025EB1100026 | G26: SWARUP KUMAR PRADHAN | H26: TRUE | I26: 11 | J26: 158 | K26: 0 | L26: 4 | M26: 4 | N26: 0 | O26: 0 | P26: 0 | R26: 0 | T26: 1740 | U26: 2026-02-08T03:31:50.7270000Z | V26: 2026-02-09T01:09:56.6170000Z | W26: 262 | Y26: 2026-02-08T03:31:43.2300000Z | Z26: =LEFT(Y26,10) -> 2026-02-08
A27: Data Structures for Data Science | B27: BS | C27: Trimester 2 | D27: 2025eb1100026@bitspilani-digital.edu.in | E27: =_xlfn.XLOOKUP(D27,Total_Enrolled!C:C,Total_Enrolled!C:C) -> 2025eb1100026@bitspilani-digital.edu.in | F27: 2025EB1100026 | G27: SWARUP KUMAR PRADHAN | H27: TRUE | I27: 1 | J27: 154 | K27: 0 | L27: 1 | M27: 1 | N27: 0 | O27: 0 | P27: 0 | R27: 0 | T27: 0 | U27: 2026-02-08T03:22:01.9270000Z | V27: 2026-02-09T01:09:56.6170000Z | W27: 262 | Y27: 2026-02-08T03:21:54.7530000Z | Z27: =LEFT(Y27,10) -> 2026-02-08
A28: Linear Algebra | B28: BS | C28: Trimester 2 | D28: 2025eb1100026@bitspilani-digital.edu.in | E28: =_xlfn.XLOOKUP(D28,Total_Enrolled!C:C,Total_Enrolled!C:C) -> 2025eb1100026@bitspilani-digital.edu.in | F28: 2025EB1100026 | G28: SWARUP KUMAR PRADHAN | H28: TRUE | I28: 2 | J28: 86 | K28: 0 | L28: 2 | M28: 2 | N28: 0 | O28: 0 | P28: 0 | R28: 0 | T28: 31 | U28: 2026-02-08T04:14:09.4170000Z | V28: 2026-02-09T01:09:56.6170000Z | W28: 262 | Y28: 2026-02-08T04:14:05.3230000Z | Z28: =LEFT(Y28,10) -> 2026-02-08
A29: Data Preprocessing (BS) | B29: BS | C29: Trimester 2 | D29: 2025eb1100032@bitspilani-digital.edu.in | E29: =_xlfn.XLOOKUP(D29,Total_Enrolled!C:C,Total_Enrolled!C:C) -> 2025eb1100032@bitspilani-digital.edu.in | F29: 2025EB1100032 | G29: GANESH ANKIT | H29: TRUE | I29: 68 | J29: 158 | K29: 0 | L29: 18 | M29: 19 | N29: 0 | O29: 0 | P29: 0 | R29: 0 | T29: 354 | U29: 2026-02-08T11:58:58.7570000Z | V29: 2026-02-08T11:36:33.8600000Z | W29: 126 | Y29: 2026-02-08T11:57:40.1230000Z | Z29: =LEFT(Y29,10) -> 2026-02-08
A30: Data Structures for Data Science | B30: BS | C30: Trimester 2 | D30: 2025eb1100032@bitspilani-digital.edu.in | E30: =_xlfn.XLOOKUP(D30,Total_Enrolled!C:C,Total_Enrolled!C:C) -> 2025eb1100032@bitspilani-digital.edu.in | F30: 2025EB1100032 | G30: GANESH ANKIT | H30: TRUE | I30: 98 | J30: 154 | K30: 0 | L30: 20 | M30: 20 | N30: 1 | O30: 0 | P30: 0 | Q30: 2026-02-08T11:45:58.0400000Z | R30: 0 | T30: 2827 | U30: 2026-02-08T11:51:35.5700000Z | V30: 2026-02-08T11:36:33.8600000Z | W30: 126 | Y30: 2026-02-08T11:51:25.2600000Z | Z30: =LEFT(Y30,10) -> 2026-02-08 | AA30: 2026-01-24T06:46:47.5170000Z | AB30: 2026-01-24T06:46:49.3930000Z
A31: Fundamentals of Data Science and Engineering | B31: BS | C31: Trimester 2 | D31: 2025eb1100032@bitspilani-digital.edu.in | E31: =_xlfn.XLOOKUP(D31,Total_Enrolled!C:C,Total_Enrolled!C:C) -> 2025eb1100032@bitspilani-digital.edu.in | F31: 2025EB1100032 | G31: GANESH ANKIT | H31: TRUE | I31: 44 | J31: 112 | K31: 0 | L31: 6 | M31: 6 | N31: 0 | O31: 0 | P31: 0 | R31: 0 | T31: 302 | U31: 2026-02-08T11:53:18.9700000Z | V31: 2026-02-08T11:36:33.8600000Z | W31: 126 | Y31: 2026-02-08T11:53:02.1830000Z | Z31: =LEFT(Y31,10) -> 2026-02-08
A32: Linear Algebra | B32: BS | C32: Trimester 2 | D32: 2025eb1100032@bitspilani-digital.edu.in | E32: =_xlfn.XLOOKUP(D32,Total_Enrolled!C:C,Total_Enrolled!C:C) -> 2025eb1100032@bitspilani-digital.edu.in | F32: 2025EB1100032 | G32: GANESH ANKIT | H32: TRUE | I32: 45 | J32: 86 | K32: 0 | L32: 5 | M32: 5 | N32: 1 | O32: 0 | P32: 0 | Q32: 2026-02-08T11:38:55.9270000Z | R32: 0 | T32: 505 | U32: 2026-02-08T11:43:24.0200000Z | V32: 2026-02-08T11:36:33.8600000Z | W32: 126 | Y32: 2026-02-08T11:43:07.4570000Z | Z32: =LEFT(Y32,10) -> 2026-02-08 | AA32: 2026-01-24T06:48:02.5530000Z | AB32: 2026-01-24T06:48:05.0470000Z
A33: Fundamentals of Data Science and Engineering | B33: BS | C33: Trimester 2 | D33: 2025eb1100033@bitspilani-digital.edu.in | E33: =_xlfn.XLOOKUP(D33,Total_Enrolled!C:C,Total_Enrolled!C:C) -> 2025eb1100033@bitspilani-digital.edu.in | F33: 2025EB1100033 | G33: JHANVI KOTHARI | H33: TRUE | I33: 22 | J33: 112 | K33: 0 | L33: 2 | M33: 2 | N33: 0 | O33: 0 | P33: 0 | R33: 0 | T33: 9360 | U33: 2026-02-08T11:36:17.8130000Z | V33: 2026-02-08T11:27:45.0830000Z | W33: 127 | Y33: 2026-02-08T11:36:05.1730000Z | Z33: =LEFT(Y33,10) -> 2026-02-08
A34: Data Structures for Data Science | B34: BS | C34: Trimester 2 | D34: 2025eb1100033@bitspilani-digital.edu.in | E34: =_xlfn.XLOOKUP(D34,Total_Enrolled!C:C,Total_Enrolled!C:C) -> 2025eb1100033@bitspilani-digital.edu.in | F34: 2025EB1100033 | G34: JHANVI KOTHARI | H34: TRUE | I34: 23 | J34: 154 | K34: 0 | L34: 6 | M34: 6 | N34: 0 | O34: 0 | P34: 0 | R34: 0 | T34: 23162 | U34: 2026-02-08T13:25:48.7430000Z | V34: 2026-02-08T11:27:45.0830000Z | W34: 127 | Y34: 2026-02-08T13:25:40.8400000Z | Z34: =LEFT(Y34,10) -> 2026-02-08 | AA34: 2026-02-08T13:26:40.7170000Z | AB34: 2026-02-08T13:26:40.7200000Z
A35: Linear Algebra | B35: BS | C35: Trimester 2 | D35: 2025eb1100034@bitspilani-digital.edu.in | E35: =_xlfn.XLOOKUP(D35,Total_Enrolled!C:C,Total_Enrolled!C:C) -> 2025eb1100034@bitspilani-digital.edu.in | F35: 2025EB1100034 | G35: MEHTA PREET NIRAVKUMAR | H35: TRUE | I35: 19 | J35: 86 | K35: 0 | L35: 9 | M35: 9 | N35: 0 | O35: 0 | P35: 0 | R35: 0 | T35: 6532 | U35: 2026-02-08T18:40:28.5000000Z | V35: 2026-02-08T17:31:21.6330000Z | W35: 416 | Y35: 2026-02-08T05:36:49.9470000Z | Z35: =LEFT(Y35,10) -> 2026-02-08 | AA35: 2026-02-02T13:35:13.8030000Z | AB35: 2026-02-02T13:35:13.8030000Z
A36: Linear Algebra | B36: BS | C36: Trimester 2 | D36: 2025eb1100037@bitspilani-digital.edu.in | E36: =_xlfn.XLOOKUP(D36,Total_Enrolled!C:C,Total_Enrolled!C:C) -> 2025eb1100037@bitspilani-digital.edu.in | F36: 2025EB1100037 | G36: SHIVAM KUMAR | H36: TRUE | I36: 19 | J36: 86 | K36: 0 | L36: 1 | M36: 1 | N36: 0 | O36: 0 | P36: 0 | R36: 0 | T36: 2532 | U36: 2026-02-08T04:21:18.8170000Z | V36: 2026-02-09T09:24:49.1770000Z | W36: 114 | Y36: 2026-02-08T04:21:12.9030000Z | Z36: =LEFT(Y36,10) -> 2026-02-08 | AA36: 2026-02-02T14:58:20.9370000Z | AB36: 2026-02-02T14:58:20.9400000Z
A37: Fundamentals of Data Science and Engineering | B37: BS | C37: Trimester 2 | D37: 2025eb1100037@bitspilani-digital.edu.in | E37: =_xlfn.XLOOKUP(D37,Total_Enrolled!C:C,Total_Enrolled!C:C) -> 2025eb1100037@bitspilani-digital.edu.in | F37: 2025EB1100037 | G37: SHIVAM KUMAR | H37: TRUE | I37: 16 | J37: 112 | K37: 0 | L37: 2 | M37: 2 | N37: 0 | O37: 0 | P37: 0 | R37: 0 | T37: 7709 | U37: 2026-02-09T09:32:56.1670000Z | V37: 2026-02-09T09:24:49.1770000Z | W37: 114 | Y37: 2026-02-08T04:29:18.7800000Z | Z37: =LEFT(Y37,10) -> 2026-02-08
A38: Data Structures for Data Science | B38: BS | C38: Trimester 2 | D38: 2025eb1100037@bitspilani-digital.edu.in | E38: =_xlfn.XLOOKUP(D38,Total_Enrolled!C:C,Total_Enrolled!C:C) -> 2025eb1100037@bitspilani-digital.edu.in | F38: 2025EB1100037 | G38: SHIVAM KUMAR | H38: TRUE | I38: 23 | J38: 154 | K38: 0 | L38: 1 | M38: 1 | N38: 0 | O38: 0 | P38: 0 | R38: 0 | T38: 2909 | U38: 2026-02-08T04:25:23.6400000Z | V38: 2026-02-09T09:24:49.1770000Z | W38: 114 | Y38: 2026-02-08T04:25:12.7330000Z | Z38: =LEFT(Y38,10) -> 2026-02-08 | AA38: 2026-02-02T15:24:46.8500000Z | AB38: 2026-02-02T15:24:46.8500000Z
A39: Linear Algebra | B39: BS | C39: Trimester 2 | D39: 2025eb1100038@bitspilani-digital.edu.in | E39: =_xlfn.XLOOKUP(D39,Total_Enrolled!C:C,Total_Enrolled!C:C) -> 2025eb1100038@bitspilani-digital.edu.in | F39: 2025EB1100038 | G39: JAANVI KHANNA | H39: TRUE | I39: 7 | J39: 86 | K39: 0 | L39: 2 | M39: 2 | N39: 0 | O39: 0 | P39: 0 | R39: 0 | T39: 8580 | U39: 2026-02-08T14:46:37.1600000Z | V39: 2026-02-09T04:15:36.3270000Z | W39: 219 | Y39: 2026-02-08T14:46:12.7800000Z | Z39: =LEFT(Y39,10) -> 2026-02-08 | AA39: 2026-01-21T14:39:34.3430000Z | AB39: 2026-01-23T06:16:48.8470000Z
A40: Computing Systems | B40: BS | C40: Trimester 2 | D40: 2025eb1100038@bitspilani-digital.edu.in | E40: =_xlfn.XLOOKUP(D40,Total_Enrolled!C:C,Total_Enrolled!C:C) -> 2025eb1100038@bitspilani-digital.edu.in | F40: 2025EB1100038 | G40: JAANVI KHANNA | H40: TRUE | I40: 20 | J40: 267 | K40: 0 | L40: 3 | M40: 3 | N40: 0 | O40: 0 | P40: 0 | R40: 0 | T40: 25315 | U40: 2026-02-09T04:22:08.4230000Z | V40: 2026-02-09T04:15:36.3270000Z | W40: 219 | Y40: 2026-02-08T14:52:49.2770000Z | Z40: =LEFT(Y40,10) -> 2026-02-08 | AA40: 2026-02-09T04:30:24.7870000Z | AB40: 2026-02-09T04:30:24.7870000Z
A41: Linear Algebra | B41: BS | C41: Trimester 2 | D41: 2025eb1100042@bitspilani-digital.edu.in | E41: =_xlfn.XLOOKUP(D41,Total_Enrolled!C:C,Total_Enrolled!C:C) -> 2025eb1100042@bitspilani-digital.edu.in | F41: 2025EB1100042 | G41: SHUBHASHREE SANNIGRAHI | H41: TRUE | I41: 3 | J41: 86 | K41: 0 | L41: 1 | M41: 1 | N41: 0 | O41: 0 | P41: 0 | R41: 0 | T41: 53 | U41: 2026-02-08T02:58:15.8470000Z | V41: 2026-02-09T10:02:10.4400000Z | W41: 296 | Y41: 2026-02-08T02:58:11.0530000Z | Z41: =LEFT(Y41,10) -> 2026-02-08 | AA41: 2026-01-17T14:25:11.6030000Z | AB41: 2026-01-17T14:25:11.5900000Z
A42: Data Preprocessing (BS) | B42: BS | C42: Trimester 2 | D42: 2025eb1100042@bitspilani-digital.edu.in | E42: =_xlfn.XLOOKUP(D42,Total_Enrolled!C:C,Total_Enrolled!C:C) -> 2025eb1100042@bitspilani-digital.edu.in | F42: 2025EB1100042 | G42: SHUBHASHREE SANNIGRAHI | H42: TRUE | I42: 14 | J42: 158 | K42: 0 | L42: 2 | M42: 2 | N42: 0 | O42: 0 | P42: 0 | R42: 0 | T42: 22518 | U42: 2026-02-09T10:02:11.4500000Z | V42: 2026-02-09T10:02:10.4400000Z | W42: 296 | Y42: 2026-02-08T12:35:36.7500000Z | Z42: =LEFT(Y42,10) -> 2026-02-08
A43: Data Structures for Data Science | B43: BS | C43: Trimester 2 | D43: 2025eb1100042@bitspilani-digital.edu.in | E43: =_xlfn.XLOOKUP(D43,Total_Enrolled!C:C,Total_Enrolled!C:C) -> 2025eb1100042@bitspilani-digital.edu.in | F43: 2025EB1100042 | G43: SHUBHASHREE SANNIGRAHI | H43: TRUE | I43: 6 | J43: 154 | K43: 0 | L43: 1 | M43: 1 | N43: 0 | O43: 0 | P43: 0 | R43: 0 | T43: 54 | U43: 2026-02-08T02:55:36.6000000Z | V43: 2026-02-09T10:02:10.4400000Z | W43: 296 | Y43: 2026-02-08T02:55:15.9170000Z | Z43: =LEFT(Y43,10) -> 2026-02-08 | AA43: 2026-01-17T14:22:47.0170000Z | AB43: 2026-01-17T14:22:47.0000000Z
A44: Data Structures for Data Science | B44: BS | C44: Trimester 2 | D44: 2025eb1100043@bitspilani-digital.edu.in | E44: =_xlfn.XLOOKUP(D44,Total_Enrolled!C:C,Total_Enrolled!C:C) -> 2025eb1100043@bitspilani-digital.edu.in | F44: 2025EB1100043 | G44: JAHAGIRDAR ADITYA ASHWIN | H44: TRUE | I44: 68 | J44: 154 | K44: 0 | L44: 29 | M44: 29 | N44: 0 | O44: 0 | P44: 0 | R44: 0 | T44: 138664 | U44: 2026-02-08T19:47:58.1870000Z | V44: 2026-02-09T09:33:20.1430000Z | W44: 173 | Y44: 2026-02-08T09:40:45.6170000Z | Z44: =LEFT(Y44,10) -> 2026-02-08 | AA44: 2026-02-08T19:48:43.6470000Z | AB44: 2026-02-08T19:48:43.6500000Z
A45: Fundamentals of Data Science and Engineering | B45: BS | C45: Trimester 2 | D45: 2025eb1100043@bitspilani-digital.edu.in | E45: =_xlfn.XLOOKUP(D45,Total_Enrolled!C:C,Total_Enrolled!C:C) -> 2025eb1100043@bitspilani-digital.edu.in | F45: 2025EB1100043 | G45: JAHAGIRDAR ADITYA ASHWIN | H45: TRUE | I45: 27 | J45: 112 | K45: 0 | L45: 5 | M45: 5 | N45: 0 | O45: 0 | P45: 0 | R45: 0 | T45: 35721 | U45: 2026-02-08T09:37:11.8270000Z | V45: 2026-02-09T09:33:20.1430000Z | W45: 173 | Y45: 2026-02-08T09:37:05.0930000Z | Z45: =LEFT(Y45,10) -> 2026-02-08
A46: Linear Algebra | B46: BS | C46: Trimester 2 | D46: 2025eb1100047@bitspilani-digital.edu.in | E46: =_xlfn.XLOOKUP(D46,Total_Enrolled!C:C,Total_Enrolled!C:C) -> 2025eb1100047@bitspilani-digital.edu.in | F46: 2025EB1100047 | G46: SYED SARIM HASSAN | H46: TRUE | I46: 44 | J46: 86 | K46: 0 | L46: 12 | M46: 29 | N46: 0 | O46: 0 | P46: 0 | R46: 0 | T46: 20491 | U46: 2026-02-08T14:38:40.3430000Z | V46: 2026-02-08T14:13:18.1630000Z | W46: 226 | Y46: 2026-02-08T14:20:20.2870000Z | Z46: =LEFT(Y46,10) -> 2026-02-08 | AA46: 2026-02-05T09:32:34.7830000Z | AB46: 2026-02-05T09:32:38.0430000Z
A47: Data Structures for Data Science | B47: BS | C47: Trimester 2 | D47: 2025eb1100047@bitspilani-digital.edu.in | E47: =_xlfn.XLOOKUP(D47,Total_Enrolled!C:C,Total_Enrolled!C:C) -> 2025eb1100047@bitspilani-digital.edu.in | F47: 2025EB1100047 | G47: SYED SARIM HASSAN | H47: TRUE | I47: 88 | J47: 154 | K47: 0 | L47: 30 | M47: 68 | N47: 0 | O47: 0 | P47: 0 | R47: 0 | T47: 35001 | U47: 2026-02-08T14:38:20.2530000Z | V47: 2026-02-08T14:13:18.1630000Z | W47: 226 | Y47: 2026-02-08T14:27:02.9270000Z | Z47: =LEFT(Y47,10) -> 2026-02-08 | AA47: 2026-02-04T16:58:43.2170000Z | AB47: 2026-02-04T17:06:47.0100000Z
A48: Data Preprocessing (BS) | B48: BS | C48: Trimester 2 | D48: 2025eb1100047@bitspilani-digital.edu.in | E48: =_xlfn.XLOOKUP(D48,Total_Enrolled!C:C,Total_Enrolled!C:C) -> 2025eb1100047@bitspilani-digital.edu.in | F48: 2025EB1100047 | G48: SYED SARIM HASSAN | H48: TRUE | I48: 83 | J48: 158 | K48: 0 | L48: 26 | M48: 54 | N48: 0 | O48: 0 | P48: 0 | R48: 0 | T48: 57386 | U48: 2026-02-08T14:37:39.2900000Z | V48: 2026-02-08T14:13:18.1630000Z | W48: 226 | Y48: 2026-02-08T14:36:23.7870000Z | Z48: =LEFT(Y48,10) -> 2026-02-08
A49: Computing Systems | B49: BS | C49: Trimester 2 | D49: 2025eb1100050@bitspilani-digital.edu.in | E49: =_xlfn.XLOOKUP(D49,Total_Enrolled!C:C,Total_Enrolled!C:C) -> 2025eb1100050@bitspilani-digital.edu.in | F49: 2025EB1100050 | G49: BONAGIRI PRANAV SRIRAM | H49: TRUE | I49: 3 | J49: 267 | K49: 0 | L49: 1 | M49: 1 | N49: 0 | O49: 0 | P49: 0 | R49: 0 | T49: 1005 | U49: 2026-02-08T05:04:33.4830000Z | V49: 2026-02-08T04:53:43.0200000Z | W49: 87 | Y49: 2026-02-08T05:02:54.2870000Z | Z49: =LEFT(Y49,10) -> 2026-02-08 | AA49: 2026-01-21T16:09:05.1400000Z | AB49: 2026-02-04T09:40:37.3930000Z
A50: Fundamentals of Data Science and Engineering | B50: BS | C50: Trimester 2 | D50: 2025eb1100051@bitspilani-digital.edu.in | E50: =_xlfn.XLOOKUP(D50,Total_Enrolled!C:C,Total_Enrolled!C:C) -> 2025eb1100051@bitspilani-digital.edu.in | F50: 2025EB1100051 | G50: SHUNMUGA SUNDARAM S | H50: TRUE | I50: 29 | J50: 112 | K50: 0 | L50: 4 | M50: 4 | N50: 0 | O50: 0 | P50: 0 | R50: 0 | T50: 14518 | U50: 2026-02-08T14:49:56.4500000Z | V50: 2026-02-08T12:48:34.9730000Z | W50: 269 | Y50: 2026-02-08T14:49:42.1800000Z | Z50: =LEFT(Y50,10) -> 2026-02-08
A51: Linear Algebra | B51: BS | C51: Trimester 2 | D51: 2025eb1100052@bitspilani-digital.edu.in | E51: =_xlfn.XLOOKUP(D51,Total_Enrolled!C:C,Total_Enrolled!C:C) -> 2025eb1100052@bitspilani-digital.edu.in | F51: 2025EB1100052 | G51: KANAMARLAPUDI N V S AJAY KUMAR | H51: TRUE | I51: 19 | J51: 86 | K51: 0 | L51: 5 | M51: 5 | N51: 1 | O51: 0 | P51: 0 | Q51: 2026-01-18T16:03:50.7370000Z | R51: 0 | T51: 5059 | U51: 2026-02-08T05:16:20.3200000Z | V51: 2026-02-08T18:52:12.6300000Z | W51: 126 | Y51: 2026-02-08T05:15:22.8700000Z | Z51: =LEFT(Y51,10) -> 2026-02-08 | AA51: 2026-01-22T12:33:33.3970000Z | AB51: 2026-01-22T12:39:19.0500000Z
A52: Fundamentals of Data Science and Engineering | B52: BS | C52: Trimester 2 | D52: 2025eb1100052@bitspilani-digital.edu.in | E52: =_xlfn.XLOOKUP(D52,Total_Enrolled!C:C,Total_Enrolled!C:C) -> 2025eb1100052@bitspilani-digital.edu.in | F52: 2025EB1100052 | G52: KANAMARLAPUDI N V S AJAY KUMAR | H52: TRUE | I52: 23 | J52: 112 | K52: 0 | L52: 2 | M52: 2 | N52: 0 | O52: 0 | P52: 0 | R52: 0 | T52: 2047 | U52: 2026-02-08T05:16:13.0230000Z | V52: 2026-02-08T18:52:12.6300000Z | W52: 126 | Y52: 2026-02-08T05:08:22.7100000Z | Z52: =LEFT(Y52,10) -> 2026-02-08
A53: Data Preprocessing (BS) | B53: BS | C53: Trimester 2 | D53: 2025eb1100052@bitspilani-digital.edu.in | E53: =_xlfn.XLOOKUP(D53,Total_Enrolled!C:C,Total_Enrolled!C:C) -> 2025eb1100052@bitspilani-digital.edu.in | F53: 2025EB1100052 | G53: KANAMARLAPUDI N V S AJAY KUMAR | H53: TRUE | I53: 4 | J53: 158 | K53: 0 | L53: 1 | M53: 1 | N53: 0 | O53: 0 | P53: 0 | R53: 0 | T53: 239 | U53: 2026-02-08T13:28:55.8530000Z | V53: 2026-02-08T18:52:12.6300000Z | W53: 126 | Y53: 2026-02-08T13:28:43.4570000Z | Z53: =LEFT(Y53,10) -> 2026-02-08
A54: Data Structures for Data Science | B54: BS | C54: Trimester 2 | D54: 2025eb1100052@bitspilani-digital.edu.in | E54: =_xlfn.XLOOKUP(D54,Total_Enrolled!C:C,Total_Enrolled!C:C) -> 2025eb1100052@bitspilani-digital.edu.in | F54: 2025EB1100052 | G54: KANAMARLAPUDI N V S AJAY KUMAR | H54: TRUE | I54: 43 | J54: 154 | K54: 0 | L54: 13 | M54: 13 | N54: 1 | O54: 0 | P54: 0 | Q54: 2026-01-29T15:06:08.0930000Z | R54: 0 | T54: 11786 | U54: 2026-02-08T13:23:58.9200000Z | V54: 2026-02-08T18:52:12.6300000Z | W54: 126 | Y54: 2026-02-08T13:23:51.2070000Z | Z54: =LEFT(Y54,10) -> 2026-02-08 | AA54: 2026-02-02T13:28:14.4530000Z | AB54: 2026-02-02T13:28:19.4900000Z
A55: Data Structures for Data Science | B55: BS | C55: Trimester 2 | D55: 2025eb1100053@bitspilani-digital.edu.in | E55: =_xlfn.XLOOKUP(D55,Total_Enrolled!C:C,Total_Enrolled!C:C) -> 2025eb1100053@bitspilani-digital.edu.in | F55: 2025EB1100053 | G55: SIDHI | H55: TRUE | I55: 1 | J55: 154 | K55: 0 | L55: 1 | M55: 1 | N55: 0 | O55: 0 | P55: 0 | R55: 0 | T55: 0 | U55: 2026-02-08T10:11:17.8900000Z | V55: 2026-02-08T09:21:30.0330000Z | W55: 116 | Y55: 2026-02-08T10:11:10.6970000Z | Z55: =LEFT(Y55,10) -> 2026-02-08
A56: Data Preprocessing (BS) | B56: BS | C56: Trimester 2 | D56: 2025eb1100053@bitspilani-digital.edu.in | E56: =_xlfn.XLOOKUP(D56,Total_Enrolled!C:C,Total_Enrolled!C:C) -> 2025eb1100053@bitspilani-digital.edu.in | F56: 2025EB1100053 | G56: SIDHI | H56: TRUE | I56: 2 | J56: 158 | K56: 0 | L56: 1 | M56: 1 | N56: 0 | O56: 0 | P56: 0 | R56: 0 | T56: 0 | U56: 2026-02-08T12:23:38.5770000Z | V56: 2026-02-08T09:21:30.0330000Z | W56: 116 | Y56: 2026-02-08T10:15:20.5170000Z | Z56: =LEFT(Y56,10) -> 2026-02-08
A57: Fundamentals of Data Science and Engineering | B57: BS | C57: Trimester 2 | D57: 2025eb1100053@bitspilani-digital.edu.in | E57: =_xlfn.XLOOKUP(D57,Total_Enrolled!C:C,Total_Enrolled!C:C) -> 2025eb1100053@bitspilani-digital.edu.in | F57: 2025EB1100053 | G57: SIDHI | H57: TRUE | I57: 1 | J57: 112 | K57: 0 | L57: 1 | M57: 1 | N57: 0 | O57: 0 | P57: 0 | R57: 0 | T57: 0 | U57: 2026-02-08T10:00:34.2300000Z | V57: 2026-02-08T09:21:30.0330000Z | W57: 116 | Y57: 2026-02-08T10:00:29.0700000Z | Z57: =LEFT(Y57,10) -> 2026-02-08
A58: Linear Algebra | B58: BS | C58: Trimester 2 | D58: 2025eb1100053@bitspilani-digital.edu.in | E58: =_xlfn.XLOOKUP(D58,Total_Enrolled!C:C,Total_Enrolled!C:C) -> 2025eb1100053@bitspilani-digital.edu.in | F58: 2025EB1100053 | G58: SIDHI | H58: TRUE | I58: 2 | J58: 86 | K58: 0 | L58: 1 | M58: 1 | N58: 0 | O58: 0 | P58: 0 | R58: 0 | T58: 4 | U58: 2026-02-08T10:07:48.2900000Z | V58: 2026-02-08T09:21:30.0330000Z | W58: 116 | Y58: 2026-02-08T10:07:22.7800000Z | Z58: =LEFT(Y58,10) -> 2026-02-08 | AA58: 2026-02-01T12:35:54.6600000Z | AB58: 2026-02-04T17:26:40.5330000Z
A59: Linear Algebra | B59: BS | C59: Trimester 2 | D59: 2025eb1100054@bitspilani-digital.edu.in | E59: =_xlfn.XLOOKUP(D59,Total_Enrolled!C:C,Total_Enrolled!C:C) -> 2025eb1100054@bitspilani-digital.edu.in | F59: 2025EB1100054 | G59: PARTH NEGI | H59: TRUE | I59: 1 | J59: 86 | K59: 0 | L59: 1 | M59: 1 | N59: 0 | O59: 0 | P59: 0 | R59: 0 | T59: 0 | U59: 2026-02-08T17:07:04.3200000Z | V59: 2026-02-08T16:48:26.0330000Z | W59: 137 | Y59: 2026-02-08T17:06:56.8230000Z | Z59: =LEFT(Y59,10) -> 2026-02-08
A60: Data Preprocessing (BS) | B60: BS | C60: Trimester 2 | D60: 2025eb1100054@bitspilani-digital.edu.in | E60: =_xlfn.XLOOKUP(D60,Total_Enrolled!C:C,Total_Enrolled!C:C) -> 2025eb1100054@bitspilani-digital.edu.in | F60: 2025EB1100054 | G60: PARTH NEGI | H60: TRUE | I60: 2 | J60: 158 | K60: 0 | L60: 1 | M60: 1 | N60: 0 | O60: 0 | P60: 0 | R60: 0 | T60: 9 | U60: 2026-02-08T17:03:21.4000000Z | V60: 2026-02-08T16:48:26.0330000Z | W60: 137 | Y60: 2026-02-08T17:03:07.7870000Z | Z60: =LEFT(Y60,10) -> 2026-02-08
A61: Computing Systems | B61: BS | C61: Trimester 2 | D61: 2025eb1100054@bitspilani-digital.edu.in | E61: =_xlfn.XLOOKUP(D61,Total_Enrolled!C:C,Total_Enrolled!C:C) -> 2025eb1100054@bitspilani-digital.edu.in | F61: 2025EB1100054 | G61: PARTH NEGI | H61: TRUE | I61: 1 | J61: 267 | K61: 0 | L61: 1 | M61: 1 | N61: 0 | O61: 0 | P61: 0 | R61: 0 | T61: 0 | U61: 2026-02-08T17:07:39.2800000Z | V61: 2026-02-08T16:48:26.0330000Z | W61: 137 | Y61: 2026-02-08T17:01:12.4370000Z | Z61: =LEFT(Y61,10) -> 2026-02-08
A62: Linear Algebra | B62: BS | C62: Trimester 2 | D62: 2025eb1100056@bitspilani-digital.edu.in | E62: =_xlfn.XLOOKUP(D62,Total_Enrolled!C:C,Total_Enrolled!C:C) -> 2025eb1100056@bitspilani-digital.edu.in | F62: 2025EB1100056 | G62: SAKSHAM RAI | H62: TRUE | I62: 49 | J62: 86 | K62: 0 | L62: 12 | M62: 13 | N62: 1 | O62: 0 | P62: 0 | Q62: 2026-01-18T16:03:07.5170000Z | R62: 0 | T62: 28670 | U62: 2026-02-08T13:32:01.4900000Z | V62: 2026-02-09T02:13:00.6270000Z | W62: 374 | Y62: 2026-02-08T13:19:17.3100000Z | Z62: =LEFT(Y62,10) -> 2026-02-08 | AA62: 2026-02-02T04:46:51.1670000Z | AB62: 2026-02-02T13:30:03.7930000Z
A63: Data Structures for Data Science | B63: BS | C63: Trimester 2 | D63: 2025eb1100056@bitspilani-digital.edu.in | E63: =_xlfn.XLOOKUP(D63,Total_Enrolled!C:C,Total_Enrolled!C:C) -> 2025eb1100056@bitspilani-digital.edu.in | F63: 2025EB1100056 | G63: SAKSHAM RAI | H63: TRUE | I63: 102 | J63: 154 | K63: 0 | L63: 30 | M63: 30 | N63: 1 | O63: 0 | P63: 0 | Q63: 2026-01-30T17:28:08.9330000Z | R63: 0 | T63: 96755 | U63: 2026-02-08T13:31:10.9500000Z | V63: 2026-02-09T02:13:00.6270000Z | W63: 374 | Y63: 2026-02-08T13:24:10.5900000Z | Z63: =LEFT(Y63,10) -> 2026-02-08 | AA63: 2026-02-05T17:36:12.0870000Z | AB63: 2026-02-05T17:36:12.0830000Z
A64: Data Preprocessing (BS) | B64: BS | C64: Trimester 2 | D64: 2025eb1100058@bitspilani-digital.edu.in | E64: =_xlfn.XLOOKUP(D64,Total_Enrolled!C:C,Total_Enrolled!C:C) -> 2025eb1100058@bitspilani-digital.edu.in | F64: 2025EB1100058 | G64: MIRIYALA KIRATH VENKATA NAGA MARUTHI | H64: TRUE | I64: 4 | J64: 158 | K64: 0 | L64: 1 | M64: 1 | N64: 0 | O64: 0 | P64: 0 | R64: 0 | T64: 4534 | U64: 2026-02-08T19:22:10.7470000Z | V64: 2026-02-08T19:14:30.5100000Z | W64: 122 | Y64: 2026-02-08T19:22:01.3970000Z | Z64: =LEFT(Y64,10) -> 2026-02-08
A65: Data Structures for Data Science | B65: BS | C65: Trimester 2 | D65: 2025eb1100058@bitspilani-digital.edu.in | E65: =_xlfn.XLOOKUP(D65,Total_Enrolled!C:C,Total_Enrolled!C:C) -> 2025eb1100058@bitspilani-digital.edu.in | F65: 2025EB1100058 | G65: MIRIYALA KIRATH VENKATA NAGA MARUTHI | H65: TRUE | I65: 17 | J65: 154 | K65: 0 | L65: 6 | M65: 6 | N65: 0 | O65: 0 | P65: 0 | R65: 0 | T65: 7097 | U65: 2026-02-08T19:27:31.1070000Z | V65: 2026-02-08T19:14:30.5100000Z | W65: 122 | Y65: 2026-02-08T19:27:30.1070000Z | Z65: =LEFT(Y65,10) -> 2026-02-08 | AA65: 2026-02-07T05:41:46.5000000Z | AB65: 2026-02-07T05:41:46.5000000Z
A66: Fundamentals of Data Science and Engineering | B66: BS | C66: Trimester 2 | D66: 2025eb1100060@bitspilani-digital.edu.in | E66: =_xlfn.XLOOKUP(D66,Total_Enrolled!C:C,Total_Enrolled!C:C) -> 2025eb1100060@bitspilani-digital.edu.in | F66: 2025EB1100060 | G66: ABHIJEET MUMMITHI | H66: TRUE | I66: 38 | J66: 112 | K66: 0 | L66: 6 | M66: 6 | N66: 0 | O66: 0 | P66: 0 | R66: 0 | T66: 9822 | U66: 2026-02-08T13:02:39.7370000Z | V66: 2026-02-08T12:22:31.9870000Z | W66: 131 | Y66: 2026-02-08T13:02:20.7330000Z | Z66: =LEFT(Y66,10) -> 2026-02-08
A67: Fundamentals of Data Science and Engineering | B67: BS | C67: Trimester 2 | D67: 2025eb1100063@bitspilani-digital.edu.in | E67: =_xlfn.XLOOKUP(D67,Total_Enrolled!C:C,Total_Enrolled!C:C) -> 2025eb1100063@bitspilani-digital.edu.in | F67: 2025EB1100063 | G67: SHUVROJYOTI SARKAR | H67: TRUE | I67: 36 | J67: 112 | K67: 0 | L67: 2 | M67: 2 | N67: 0 | O67: 0 | P67: 0 | R67: 0 | T67: 18255 | U67: 2026-02-09T09:16:45.6730000Z | V67: 2026-02-09T07:08:54.6330000Z | W67: 191 | Y67: 2026-02-08T06:10:51.3900000Z | Z67: =LEFT(Y67,10) -> 2026-02-08
A68: Linear Algebra | B68: BS | C68: Trimester 2 | D68: 2025eb1100066@bitspilani-digital.edu.in | E68: =_xlfn.XLOOKUP(D68,Total_Enrolled!C:C,Total_Enrolled!C:C) -> 2025eb1100066@bitspilani-digital.edu.in | F68: 2025EB1100066 | G68: NAITIK SHARMA | H68: TRUE | I68: 6 | J68: 86 | K68: 0 | L68: 1 | M68: 1 | N68: 0 | O68: 0 | P68: 0 | R68: 0 | T68: 6220 | U68: 2026-02-08T13:41:29.1500000Z | V68: 2026-02-08T15:50:27.4000000Z | W68: 408 | Y68: 2026-02-08T13:41:24.6300000Z | Z68: =LEFT(Y68,10) -> 2026-02-08 | AA68: 2026-01-22T06:03:39.8700000Z | AB68: 2026-01-22T06:03:39.8770000Z
A69: Fundamentals of Data Science and Engineering | B69: BS | C69: Trimester 2 | D69: 2025eb1100066@bitspilani-digital.edu.in | E69: =_xlfn.XLOOKUP(D69,Total_Enrolled!C:C,Total_Enrolled!C:C) -> 2025eb1100066@bitspilani-digital.edu.in | F69: 2025EB1100066 | G69: NAITIK SHARMA | H69: TRUE | I69: 4 | J69: 112 | K69: 0 | L69: 2 | M69: 2 | N69: 0 | O69: 0 | P69: 0 | R69: 0 | T69: 0 | U69: 2026-02-08T13:11:53.4070000Z | V69: 2026-02-08T15:50:27.4000000Z | W69: 408 | Y69: 2026-02-08T13:11:52.4130000Z | Z69: =LEFT(Y69,10) -> 2026-02-08
A70: Data Structures for Data Science | B70: BS | C70: Trimester 2 | D70: 2025eb1100066@bitspilani-digital.edu.in | E70: =_xlfn.XLOOKUP(D70,Total_Enrolled!C:C,Total_Enrolled!C:C) -> 2025eb1100066@bitspilani-digital.edu.in | F70: 2025EB1100066 | G70: NAITIK SHARMA | H70: TRUE | I70: 47 | J70: 154 | K70: 0 | L70: 7 | M70: 7 | N70: 0 | O70: 0 | P70: 0 | R70: 0 | T70: 49194 | U70: 2026-02-08T13:44:19.6600000Z | V70: 2026-02-08T15:50:27.4000000Z | W70: 408 | Y70: 2026-02-08T13:43:56.7630000Z | Z70: =LEFT(Y70,10) -> 2026-02-08 | AA70: 2026-02-07T16:23:03.8070000Z | AB70: 2026-02-07T16:23:03.8030000Z
A71: Data Preprocessing (BS) | B71: BS | C71: Trimester 2 | D71: 2025eb1100066@bitspilani-digital.edu.in | E71: =_xlfn.XLOOKUP(D71,Total_Enrolled!C:C,Total_Enrolled!C:C) -> 2025eb1100066@bitspilani-digital.edu.in | F71: 2025EB1100066 | G71: NAITIK SHARMA | H71: TRUE | I71: 4 | J71: 158 | K71: 0 | L71: 1 | M71: 1 | N71: 0 | O71: 0 | P71: 0 | R71: 0 | T71: 2532 | U71: 2026-02-08T15:54:12.4070000Z | V71: 2026-02-08T15:50:27.4000000Z | W71: 408 | Y71: 2026-02-08T15:53:53.8870000Z | Z71: =LEFT(Y71,10) -> 2026-02-08
A72: Fundamentals of Data Science and Engineering | B72: BS | C72: Trimester 2 | D72: 2025eb1100068@bitspilani-digital.edu.in | E72: =_xlfn.XLOOKUP(D72,Total_Enrolled!C:C,Total_Enrolled!C:C) -> 2025eb1100068@bitspilani-digital.edu.in | F72: 2025EB1100068 | G72: ARNAV NAIR | H72: TRUE | I72: 4 | J72: 112 | K72: 0 | L72: 1 | M72: 1 | N72: 0 | O72: 0 | P72: 0 | R72: 0 | T72: 12525 | U72: 2026-02-08T12:05:17.6730000Z | V72: 2026-02-08T11:34:47.1800000Z | W72: 150 | Y72: 2026-02-08T12:05:16.7030000Z | Z72: =LEFT(Y72,10) -> 2026-02-08
A73: Fundamentals of Data Science and Engineering | B73: BS | C73: Trimester 2 | D73: 2025eb1100070@bitspilani-digital.edu.in | E73: =_xlfn.XLOOKUP(D73,Total_Enrolled!C:C,Total_Enrolled!C:C) -> 2025eb1100070@bitspilani-digital.edu.in | F73: 2025EB1100070 | G73: GAURAB DUTTA | H73: TRUE | I73: 19 | J73: 112 | K73: 0 | L73: 2 | M73: 2 | N73: 0 | O73: 0 | P73: 0 | R73: 0 | T73: 2302 | U73: 2026-02-08T14:33:10.9630000Z | V73: 2026-02-08T12:53:45.2700000Z | W73: 130 | Y73: 2026-02-08T13:04:57.6200000Z | Z73: =LEFT(Y73,10) -> 2026-02-08
A74: Linear Algebra | B74: BS | C74: Trimester 2 | D74: 2025eb1100074@bitspilani-digital.edu.in | E74: =_xlfn.XLOOKUP(D74,Total_Enrolled!C:C,Total_Enrolled!C:C) -> 2025eb1100074@bitspilani-digital.edu.in | F74: 2025EB1100074 | G74: S RUKSHITHA | H74: TRUE | I74: 1 | J74: 86 | K74: 0 | L74: 1 | M74: 1 | N74: 0 | O74: 0 | P74: 0 | R74: 0 | T74: 0 | U74: 2026-02-08T07:39:08.8730000Z | V74: 2026-02-08T06:26:29.4830000Z | W74: 62 | Y74: 2026-02-08T07:38:59.5500000Z | Z74: =LEFT(Y74,10) -> 2026-02-08
A75: Fundamentals of Data Science and Engineering | B75: BS | C75: Trimester 2 | D75: 2025eb1100074@bitspilani-digital.edu.in | E75: =_xlfn.XLOOKUP(D75,Total_Enrolled!C:C,Total_Enrolled!C:C) -> 2025eb1100074@bitspilani-digital.edu.in | F75: 2025EB1100074 | G75: S RUKSHITHA | H75: TRUE | I75: 2 | J75: 112 | K75: 0 | L75: 2 | M75: 2 | N75: 0 | O75: 0 | P75: 0 | R75: 0 | T75: 0 | U75: 2026-02-08T07:27:55.5200000Z | V75: 2026-02-08T06:26:29.4830000Z | W75: 62 | Y75: 2026-02-08T07:27:46.8470000Z | Z75: =LEFT(Y75,10) -> 2026-02-08
A76: Data Preprocessing (BS) | B76: BS | C76: Trimester 2 | D76: 2025eb1100074@bitspilani-digital.edu.in | E76: =_xlfn.XLOOKUP(D76,Total_Enrolled!C:C,Total_Enrolled!C:C) -> 2025eb1100074@bitspilani-digital.edu.in | F76: 2025EB1100074 | G76: S RUKSHITHA | H76: TRUE | I76: 29 | J76: 158 | K76: 0 | L76: 8 | M76: 8 | N76: 0 | O76: 0 | P76: 0 | R76: 0 | T76: 9961 | U76: 2026-02-08T07:23:33.8670000Z | V76: 2026-02-08T06:26:29.4830000Z | W76: 62 | Y76: 2026-02-08T07:23:06.4500000Z | Z76: =LEFT(Y76,10) -> 2026-02-08
A77: Computing Systems | B77: BS | C77: Trimester 2 | D77: 2025eb1100074@bitspilani-digital.edu.in | E77: =_xlfn.XLOOKUP(D77,Total_Enrolled!C:C,Total_Enrolled!C:C) -> 2025eb1100074@bitspilani-digital.edu.in | F77: 2025EB1100074 | G77: S RUKSHITHA | H77: TRUE | I77: 1 | J77: 267 | K77: 0 | L77: 1 | M77: 1 | N77: 0 | O77: 0 | P77: 0 | R77: 0 | T77: 0 | U77: 2026-02-08T07:30:52.0200000Z | V77: 2026-02-08T06:26:29.4830000Z | W77: 62 | Y77: 2026-02-08T07:30:47.9400000Z | Z77: =LEFT(Y77,10) -> 2026-02-08
A78: Computing Systems | B78: BS | C78: Trimester 2 | D78: 2025eb1100076@bitspilani-digital.edu.in | E78: =_xlfn.XLOOKUP(D78,Total_Enrolled!C:C,Total_Enrolled!C:C) -> 2025eb1100076@bitspilani-digital.edu.in | F78: 2025EB1100076 | G78: PATIL NIMA ONKAR | H78: TRUE | I78: 17 | J78: 267 | K78: 0 | L78: 5 | M78: 8 | N78: 0 | O78: 0 | P78: 0 | R78: 0 | T78: 7493 | U78: 2026-02-08T11:58:05.2300000Z | V78: 2026-02-09T09:47:37.6730000Z | W78: 171 | Y78: 2026-02-08T11:57:58.0570000Z | Z78: =LEFT(Y78,10) -> 2026-02-08 | AA78: 2026-02-08T11:58:13.9200000Z | AB78: 2026-02-08T11:58:13.8970000Z
A79: Fundamentals of Data Science and Engineering | B79: BS | C79: Trimester 2 | D79: 2025eb1100077@bitspilani-digital.edu.in | E79: =_xlfn.XLOOKUP(D79,Total_Enrolled!C:C,Total_Enrolled!C:C) -> 2025eb1100077@bitspilani-digital.edu.in | F79: 2025EB1100077 | G79: EBA LAHIRI | H79: TRUE | I79: 36 | J79: 112 | K79: 0 | L79: 6 | M79: 6 | N79: 0 | O79: 0 | P79: 0 | R79: 0 | T79: 35347 | U79: 2026-02-08T15:38:11.8600000Z | V79: 2026-02-09T10:46:28.2500000Z | W79: 821 | Y79: 2026-02-08T15:38:05.0630000Z | Z79: =LEFT(Y79,10) -> 2026-02-08
A80: Linear Algebra | B80: BS | C80: Trimester 2 | D80: 2025eb1100077@bitspilani-digital.edu.in | E80: =_xlfn.XLOOKUP(D80,Total_Enrolled!C:C,Total_Enrolled!C:C) -> 2025eb1100077@bitspilani-digital.edu.in | F80: 2025EB1100077 | G80: EBA LAHIRI | H80: TRUE | I80: 36 | J80: 86 | K80: 0 | L80: 12 | M80: 14 | N80: 0 | O80: 0 | P80: 0 | R80: 0 | T80: 10066 | U80: 2026-02-08T13:26:57.4430000Z | V80: 2026-02-09T10:46:28.2500000Z | W80: 821 | Y80: 2026-02-08T07:21:35.6600000Z | Z80: =LEFT(Y80,10) -> 2026-02-08 | AA80: 2026-01-20T10:27:02.8130000Z | AB80: 2026-01-20T10:32:19.4730000Z
A81: Data Preprocessing (BS) | B81: BS | C81: Trimester 2 | D81: 2025eb1100079@bitspilani-digital.edu.in | E81: =_xlfn.XLOOKUP(D81,Total_Enrolled!C:C,Total_Enrolled!C:C) -> 2025eb1100079@bitspilani-digital.edu.in | F81: 2025EB1100079 | G81: NEEDA KHALID SIBHAI | H81: TRUE | I81: 6 | J81: 158 | K81: 0 | L81: 1 | M81: 1 | N81: 0 | O81: 0 | P81: 0 | R81: 0 | T81: 4475 | U81: 2026-02-08T14:57:09.8900000Z | V81: 2026-02-08T14:42:27.0370000Z | W81: 250 | Y81: 2026-02-08T14:54:43.2830000Z | Z81: =LEFT(Y81,10) -> 2026-02-08
A82: Data Structures for Data Science | B82: BS | C82: Trimester 2 | D82: 2025eb1100079@bitspilani-digital.edu.in | E82: =_xlfn.XLOOKUP(D82,Total_Enrolled!C:C,Total_Enrolled!C:C) -> 2025eb1100079@bitspilani-digital.edu.in | F82: 2025EB1100079 | G82: NEEDA KHALID SIBHAI | H82: TRUE | I82: 1 | J82: 154 | K82: 0 | L82: 1 | M82: 1 | N82: 0 | O82: 0 | P82: 0 | R82: 0 | T82: 0 | U82: 2026-02-08T14:51:52.6630000Z | V82: 2026-02-08T14:42:27.0370000Z | W82: 250 | Y82: 2026-02-08T14:51:40.0570000Z | Z82: =LEFT(Y82,10) -> 2026-02-08
A83: Fundamentals of Data Science and Engineering | B83: BS | C83: Trimester 2 | D83: 2025eb1100079@bitspilani-digital.edu.in | E83: =_xlfn.XLOOKUP(D83,Total_Enrolled!C:C,Total_Enrolled!C:C) -> 2025eb1100079@bitspilani-digital.edu.in | F83: 2025EB1100079 | G83: NEEDA KHALID SIBHAI | H83: TRUE | I83: 2 | J83: 112 | K83: 0 | L83: 2 | M83: 2 | N83: 0 | O83: 0 | P83: 0 | R83: 0 | T83: 0 | U83: 2026-02-08T14:46:34.3770000Z | V83: 2026-02-08T14:42:27.0370000Z | W83: 250 | Y83: 2026-02-08T14:46:30.9900000Z | Z83: =LEFT(Y83,10) -> 2026-02-08
A84: Linear Algebra | B84: BS | C84: Trimester 2 | D84: 2025eb1100079@bitspilani-digital.edu.in | E84: =_xlfn.XLOOKUP(D84,Total_Enrolled!C:C,Total_Enrolled!C:C) -> 2025eb1100079@bitspilani-digital.edu.in | F84: 2025EB1100079 | G84: NEEDA KHALID SIBHAI | H84: TRUE | I84: 1 | J84: 86 | K84: 0 | L84: 1 | M84: 1 | N84: 0 | O84: 0 | P84: 0 | R84: 0 | T84: 0 | U84: 2026-02-08T14:49:43.7470000Z | V84: 2026-02-08T14:42:27.0370000Z | W84: 250 | Y84: 2026-02-08T14:49:26.8130000Z | Z84: =LEFT(Y84,10) -> 2026-02-08
A85: Linear Algebra | B85: BS | C85: Trimester 2 | D85: 2025eb1100081@bitspilani-digital.edu.in | E85: =_xlfn.XLOOKUP(D85,Total_Enrolled!C:C,Total_Enrolled!C:C) -> 2025eb1100081@bitspilani-digital.edu.in | F85: 2025EB1100081 | G85: DEVANSHU SHARMA | H85: TRUE | I85: 33 | J85: 86 | K85: 0 | L85: 9 | M85: 11 | N85: 2 | O85: 0 | P85: 0 | Q85: 2026-01-30T13:54:02.0570000Z | R85: 0 | T85: 19234 | U85: 2026-02-08T14:36:56.8030000Z | V85: 2026-02-08T14:30:44.0000000Z | W85: 296 | Y85: 2026-02-08T14:36:40.7230000Z | Z85: =LEFT(Y85,10) -> 2026-02-08 | AA85: 2026-01-30T13:36:52.0300000Z | AB85: 2026-01-30T14:02:28.5800000Z
A86: Data Structures for Data Science | B86: BS | C86: Trimester 2 | D86: 2025eb1100081@bitspilani-digital.edu.in | E86: =_xlfn.XLOOKUP(D86,Total_Enrolled!C:C,Total_Enrolled!C:C) -> 2025eb1100081@bitspilani-digital.edu.in | F86: 2025EB1100081 | G86: DEVANSHU SHARMA | H86: TRUE | I86: 12 | J86: 154 | K86: 0 | L86: 3 | M86: 3 | N86: 0 | O86: 0 | P86: 0 | R86: 0 | T86: 4161 | U86: 2026-02-08T14:39:36.1670000Z | V86: 2026-02-08T14:30:44.0000000Z | W86: 296 | Y86: 2026-02-08T14:39:25.9930000Z | Z86: =LEFT(Y86,10) -> 2026-02-08 | AA86: 2026-01-22T07:35:13.5800000Z | AB86: 2026-01-22T07:36:12.1000000Z
A87: Data Preprocessing (BS) | B87: BS | C87: Trimester 2 | D87: 2025eb1100081@bitspilani-digital.edu.in | E87: =_xlfn.XLOOKUP(D87,Total_Enrolled!C:C,Total_Enrolled!C:C) -> 2025eb1100081@bitspilani-digital.edu.in | F87: 2025EB1100081 | G87: DEVANSHU SHARMA | H87: TRUE | I87: 32 | J87: 158 | K87: 0 | L87: 8 | M87: 13 | N87: 0 | O87: 0 | P87: 0 | R87: 0 | T87: 27143 | U87: 2026-02-08T14:47:06.5330000Z | V87: 2026-02-08T14:30:44.0000000Z | W87: 296 | Y87: 2026-02-08T14:42:41.6100000Z | Z87: =LEFT(Y87,10) -> 2026-02-08
A88: Data Preprocessing (BS) | B88: BS | C88: Trimester 2 | D88: 2025eb1100082@bitspilani-digital.edu.in | E88: =_xlfn.XLOOKUP(D88,Total_Enrolled!C:C,Total_Enrolled!C:C) -> 2025eb1100082@bitspilani-digital.edu.in | F88: 2025EB1100082 | G88: THARUN ADITHYAN Y | H88: TRUE | I88: 1 | J88: 158 | K88: 0 | L88: 1 | M88: 1 | N88: 0 | O88: 0 | P88: 0 | R88: 0 | T88: 0 | U88: 2026-02-09T03:56:25.5400000Z | V88: 2026-02-09T03:56:10.5330000Z | W88: 69 | Y88: 2026-02-08T14:49:19.7830000Z | Z88: =LEFT(Y88,10) -> 2026-02-08
A89: Data Structures for Data Science | B89: BS | C89: Trimester 2 | D89: 2025eb1100082@bitspilani-digital.edu.in | E89: =_xlfn.XLOOKUP(D89,Total_Enrolled!C:C,Total_Enrolled!C:C) -> 2025eb1100082@bitspilani-digital.edu.in | F89: 2025EB1100082 | G89: THARUN ADITHYAN Y | H89: TRUE | I89: 2 | J89: 154 | K89: 0 | L89: 1 | M89: 1 | N89: 0 | O89: 0 | P89: 0 | R89: 0 | T89: 161 | U89: 2026-02-08T14:48:19.8200000Z | V89: 2026-02-09T03:56:10.5330000Z | W89: 69 | Y89: 2026-02-08T14:45:23.5970000Z | Z89: =LEFT(Y89,10) -> 2026-02-08
A90: Fundamentals of Data Science and Engineering | B90: BS | C90: Trimester 2 | D90: 2025eb1100082@bitspilani-digital.edu.in | E90: =_xlfn.XLOOKUP(D90,Total_Enrolled!C:C,Total_Enrolled!C:C) -> 2025eb1100082@bitspilani-digital.edu.in | F90: 2025EB1100082 | G90: THARUN ADITHYAN Y | H90: TRUE | I90: 2 | J90: 112 | K90: 0 | L90: 2 | M90: 2 | N90: 0 | O90: 0 | P90: 0 | R90: 0 | T90: 0 | U90: 2026-02-08T14:59:26.8200000Z | V90: 2026-02-09T03:56:10.5330000Z | W90: 69 | Y90: 2026-02-08T14:40:19.4330000Z | Z90: =LEFT(Y90,10) -> 2026-02-08
A91: Linear Algebra | B91: BS | C91: Trimester 2 | D91: 2025eb1100082@bitspilani-digital.edu.in | E91: =_xlfn.XLOOKUP(D91,Total_Enrolled!C:C,Total_Enrolled!C:C) -> 2025eb1100082@bitspilani-digital.edu.in | F91: 2025EB1100082 | G91: THARUN ADITHYAN Y | H91: TRUE | I91: 1 | J91: 86 | K91: 0 | L91: 1 | M91: 1 | N91: 0 | O91: 0 | P91: 0 | R91: 0 | T91: 0 | U91: 2026-02-09T03:56:38.4200000Z | V91: 2026-02-09T03:56:10.5330000Z | W91: 69 | Y91: 2026-02-08T14:44:14.2870000Z | Z91: =LEFT(Y91,10) -> 2026-02-08
A92: Fundamentals of Data Science and Engineering | B92: BS | C92: Trimester 2 | D92: 2025eb1100085@bitspilani-digital.edu.in | E92: =_xlfn.XLOOKUP(D92,Total_Enrolled!C:C,Total_Enrolled!C:C) -> 2025eb1100085@bitspilani-digital.edu.in | F92: 2025EB1100085 | G92: PORANDLA SAI SIRI CHANDANA | H92: TRUE | I92: 1 | J92: 112 | K92: 0 | L92: 1 | M92: 1 | N92: 0 | O92: 0 | P92: 0 | R92: 0 | T92: 0 | U92: 2026-02-08T14:13:56.6670000Z | V92: 2026-02-08T14:04:27.9830000Z | W92: 84 | Y92: 2026-02-08T14:07:15.8300000Z | Z92: =LEFT(Y92,10) -> 2026-02-08
A93: Data Structures for Data Science | B93: BS | C93: Trimester 2 | D93: 2025eb1100085@bitspilani-digital.edu.in | E93: =_xlfn.XLOOKUP(D93,Total_Enrolled!C:C,Total_Enrolled!C:C) -> 2025eb1100085@bitspilani-digital.edu.in | F93: 2025EB1100085 | G93: PORANDLA SAI SIRI CHANDANA | H93: TRUE | I93: 28 | J93: 154 | K93: 0 | L93: 7 | M93: 8 | N93: 0 | O93: 0 | P93: 0 | R93: 0 | T93: 27735 | U93: 2026-02-08T14:24:06.8430000Z | V93: 2026-02-08T14:04:27.9830000Z | W93: 84 | Y93: 2026-02-08T14:24:01.2200000Z | Z93: =LEFT(Y93,10) -> 2026-02-08 | AA93: 2026-02-07T17:34:23.5800000Z | AB93: 2026-02-08T14:14:15.9730000Z
A94: Fundamentals of Data Science and Engineering | B94: BS | C94: Trimester 2 | D94: 2025eb1100095@bitspilani-digital.edu.in | E94: =_xlfn.XLOOKUP(D94,Total_Enrolled!C:C,Total_Enrolled!C:C) -> 2025eb1100095@bitspilani-digital.edu.in | F94: 2025EB1100095 | G94: HIMNISH TEOTIA | H94: TRUE | I94: 19 | J94: 112 | K94: 0 | L94: 2 | M94: 2 | N94: 0 | O94: 0 | P94: 0 | R94: 0 | T94: 111514 | U94: 2026-02-09T04:53:28.0000000Z | V94: 2026-02-09T04:52:15.1470000Z | W94: 165 | Y94: 2026-02-08T11:28:26.5030000Z | Z94: =LEFT(Y94,10) -> 2026-02-08
A95: Data Preprocessing (BS) | B95: BS | C95: Trimester 2 | D95: 2025eb1100103@bitspilani-digital.edu.in | E95: =_xlfn.XLOOKUP(D95,Total_Enrolled!C:C,Total_Enrolled!C:C) -> 2025eb1100103@bitspilani-digital.edu.in | F95: 2025EB1100103 | G95: NILESH | H95: TRUE | I95: 76 | J95: 158 | K95: 0 | L95: 33 | M95: 36 | N95: 4 | O95: 0 | P95: 0 | Q95: 2026-02-01T17:09:57.6470000Z | R95: 0 | T95: 65439 | U95: 2026-02-08T12:40:20.3100000Z | V95: 2026-02-09T09:42:07.0370000Z | W95: 363 | Y95: 2026-02-08T12:39:36.7300000Z | Z95: =LEFT(Y95,10) -> 2026-02-08
A96: Data Structures for Data Science | B96: BS | C96: Trimester 2 | D96: 2025eb1100103@bitspilani-digital.edu.in | E96: =_xlfn.XLOOKUP(D96,Total_Enrolled!C:C,Total_Enrolled!C:C) -> 2025eb1100103@bitspilani-digital.edu.in | F96: 2025EB1100103 | G96: NILESH | H96: TRUE | I96: 88 | J96: 154 | K96: 0 | L96: 37 | M96: 38 | N96: 4 | O96: 0 | P96: 0 | Q96: 2026-02-01T16:51:36.1070000Z | R96: 0 | T96: 32434 | U96: 2026-02-08T12:51:52.3130000Z | V96: 2026-02-09T09:42:07.0370000Z | W96: 363 | Y96: 2026-02-08T12:51:15.8200000Z | Z96: =LEFT(Y96,10) -> 2026-02-08 | AA96: 2026-02-01T15:50:14.0270000Z | AB96: 2026-02-01T15:50:14.0270000Z
A97: Linear Algebra | B97: BS | C97: Trimester 2 | D97: 2025eb1100103@bitspilani-digital.edu.in | E97: =_xlfn.XLOOKUP(D97,Total_Enrolled!C:C,Total_Enrolled!C:C) -> 2025eb1100103@bitspilani-digital.edu.in | F97: 2025EB1100103 | G97: NILESH | H97: TRUE | I97: 74 | J97: 86 | K97: 0 | L97: 19 | M97: 22 | N97: 5 | O97: 0 | P97: 0 | Q97: 2026-02-04T03:30:20.9600000Z | R97: 0 | T97: 53641 | U97: 2026-02-09T09:42:57.6330000Z | V97: 2026-02-09T09:42:07.0370000Z | W97: 363 | Y97: 2026-02-08T13:05:17.6300000Z | Z97: =LEFT(Y97,10) -> 2026-02-08 | AA97: 2026-02-09T09:43:03.9430000Z | AB97: 2026-02-09T09:43:03.9430000Z
A98: Fundamentals of Data Science and Engineering | B98: BS | C98: Trimester 2 | D98: 2025eb1100104@bitspilani-digital.edu.in | E98: =_xlfn.XLOOKUP(D98,Total_Enrolled!C:C,Total_Enrolled!C:C) -> 2025eb1100104@bitspilani-digital.edu.in | F98: 2025EB1100104 | G98: KALANADHABHATTA S S BHARADWAJ | H98: TRUE | I98: 14 | J98: 112 | K98: 0 | L98: 2 | M98: 2 | N98: 0 | O98: 0 | P98: 0 | R98: 0 | T98: 704 | U98: 2026-02-08T12:25:03.5200000Z | V98: 2026-02-08T12:18:47.5300000Z | W98: 215 | Y98: 2026-02-08T12:25:02.0870000Z | Z98: =LEFT(Y98,10) -> 2026-02-08
A99: Data Preprocessing (BS) | B99: BS | C99: Trimester 2 | D99: 2025eb1100105@bitspilani-digital.edu.in | E99: =_xlfn.XLOOKUP(D99,Total_Enrolled!C:C,Total_Enrolled!C:C) -> 2025eb1100105@bitspilani-digital.edu.in | F99: 2025EB1100105 | G99: MIRAAN VAHIE | H99: TRUE | I99: 2 | J99: 158 | K99: 0 | L99: 1 | M99: 1 | N99: 0 | O99: 0 | P99: 0 | R99: 0 | T99: 0 | U99: 2026-02-08T04:50:30.7000000Z | V99: 2026-02-08T04:37:15.0270000Z | W99: 230 | Y99: 2026-02-08T04:50:29.6900000Z | Z99: =LEFT(Y99,10) -> 2026-02-08
A100: Data Structures for Data Science | B100: BS | C100: Trimester 2 | D100: 2025eb1100105@bitspilani-digital.edu.in | E100: =_xlfn.XLOOKUP(D100,Total_Enrolled!C:C,Total_Enrolled!C:C) -> 2025eb1100105@bitspilani-digital.edu.in | F100: 2025EB1100105 | G100: MIRAAN VAHIE | H100: TRUE | I100: 13 | J100: 154 | K100: 0 | L100: 4 | M100: 4 | N100: 0 | O100: 0 | P100: 0 | R100: 0 | T100: 2385 | U100: 2026-02-08T04:43:43.4230000Z | V100: 2026-02-08T04:37:15.0270000Z | W100: 230 | Y100: 2026-02-08T04:43:13.2670000Z | Z100: =LEFT(Y100,10) -> 2026-02-08 | AA100: 2026-01-19T06:09:31.5870000Z | AB100: 2026-01-19T06:09:31.5700000Z
...

Sheet Total_Enrolled
A1: PersonalEmailB3 | B1: IDB3 | C1: EmailB3 | D1: NameB3 | E1: passwordb3 | F1: Welcome Email Status
A2: JANCYJTG@GMAIL.COM | B2: 2025EM1200001 | C2: 2025em1200001@bitspilani-digital.edu.in | D2: JANCY C JOSHWA | E2: Ep$23012001 | F2: Sent
A3: OHILESWAR@GMAIL.COM | B3: 2025EM1200002 | C3: 2025em1200002@bitspilani-digital.edu.in | D3: OHILESWAR M N | E3: Ep$08061975 | F3: Sent
A4: TEJASLIMAYE37@GMAIL.COM | B4: 2025EM1200003 | C4: 2025em1200003@bitspilani-digital.edu.in | D4: TEJAS PRATAP LIMAYE | E4: Ep$19022002 | F4: Sent
A5: RAJANIDASTHRICE@YAHOO.CO.IN | B5: 2025EM1200005 | C5: 2025em1200005@bitspilani-digital.edu.in | D5: RAJANI DAS | E5: Ep$08091984 | F5: Sent
A6: ANEES.ASLAM.AI@GMAIL.COM | B6: 2025EM1200006 | C6: 2025em1200006@bitspilani-digital.edu.in | D6: ANEES A | E6: Ep$24102001 | F6: Sent
A7: GAURAVDATASCIENCE4438@GMAIL.COM | B7: 2025EM1200007 | C7: 2025em1200007@bitspilani-digital.edu.in | D7: GAURAV KUMAR SINGH | E7: Ep$23021993 | F7: Sent
A8: SAHI.VISTA@GMAIL.COM | B8: 2025EM1200008 | C8: 2025em1200008@bitspilani-digital.edu.in | D8: MOTUPALLI SURENDRA SAHI | E8: Ep$27051992 | F8: Sent
A9: ANASBISWAS@HOTMAIL.COM | B9: 2025EM1200009 | C9: 2025em1200009@bitspilani-digital.edu.in | D9: MD. ANAS BISWAS | E9: Ep$30081992 | F9: Sent
A10: SSK2410@GMAIL.COM | B10: 2025EM1200010 | C10: 2025em1200010@bitspilani-digital.edu.in | D10: KAMBLI SAURABH SANDEEP SWAPNA | E10: Ep$24101992 | F10: Sent
A11: ANKITA.SRIVASTAVA.01.09@GMAIL.COM | B11: 2025EM1200011 | C11: 2025em1200011@bitspilani-digital.edu.in | D11: ANKITA SRIVASTAVA | E11: Ep$27041995 | F11: Sent
A12: AMANABD98@GMAIL.COM | B12: 2025EM1200012 | C12: 2025em1200012@bitspilani-digital.edu.in | D12: AMAN ABDULLA | E12: Ep$16081998 | F12: Sent
... A1304: KHIMANSHU9953@GMAIL.COM | B1304: 2025EM1100509 | C1304: 2025em1100509@bitspilani-digital.edu.in | D1304: HIMANSHU PANDEY | E1304: Ep$19041999 | F1304: SENT

Sheet Courses
A1: LIVE SESSION ATTENDANCE
A2: BS (T-2 C-1) & (T-1 C-2) | C2: Trimester-1 (C-2 Jan-2026) (New) | D2: Trimester-2 (C-1 Sep-2025) (Old) | E2: Total
A3: Course | B3: Faculty
A4: Probability and Statistics | B4: Dr. Pushpendra | C4: 109 | D4: 68 | E4: 177
A5: Computer Programming | B5: Dr. Jagat Sesh Challa | C5: 109 | D5: 61 | E5: 170
A6: Writing Practice | B6: Solanki chakraborty | C6: 109 | D6: 25 | E6: 134
A7: Data and the World | B7: Deepankar Garg | C7: 109 | D7: 51 | E7: 160
A8: Computing Systems | B8: Prof. SUNIL KUMAR TEGGIHALLU | C8: 109 | D8: 84 | E8: 193
A11: BS (T-2 C-1) | D11: Trimester-2 (C-1 Sep-2025) (Old) | E11: Total
A12: Course | B12: Faculty
A13: Linear Algebra | B13: Vaibhav Mehandiratta (Goa campus) | D13: 188 | E13: 188
A14: Fundamentals of Data Science and Engineering | B14: Priyanka Banerjee | D14: 176 | E14: 176
A15: Data Structures for Data Science | B15: Jagat Sesh Challa | D15: 160 | E15: 160
A16: Data Preprocessing | B16: Swapnil Saurav | D16: 154 | E16: 154
A19: MSc (T-2 C-1) & (T-1 C-2) | C19: Trimester-1 (C-2 Jan-2026) (New) | D19: Trimester-2 (C-1 Sep-2025) (Old) | E19: Total
A20: Course | B20: Faculty
A21: Statistical Modelling & Inferencing | B21: Dr. Pushpendra Gupta | C21: 356 | D21: 39 | E21: 395
A22: Data Pre-processing | B22: Dr. Hemant Rathore | C22: 356 | D22: 33 | E22: 389
A23: Data Visualization & Storytelling | B23: ACV Subrahmaniam | C23: 356 | D23: 34 | E23: 390
A24: Feature Engineering | B24: Prof Naga | C24: 356 | D24: 33 | E24: 389
A26: MSc (T-2 C-1) | C26: Trimester-2 (C-1 Sep-2025) (New courses) | D26: Trimester-2 (C-1 Sep-2025) (Old Courses) | E26: Total
A27: Course | B27: Faculty
A28: Machine Learning | B28: Dr. Hemant Rathore | C28: 350 | E28: 350
A29: Artificial Neural Networks | B29: Deepanshi Seth | C29: 352 | E29: 352
A30: Data Stores & Pipelines | B30: Prof. Praveen | D30: 17 | E30: 17
A31: Cloud Services & Platforms | B31: Mohammad Anees Alam | C31: 357 | E31: 357
A32: Data Annotations and Labelling | B32: Utkarsh Khare | C32: 0 | D32: 0
A34: MATHS | C34: (C-2 Jan-2026) (New)
A35: Course | B35: Faculty
A36: Basic Mathematics | B36: Rahul Dhakad | C36: 77 | E36: 77
A38: Python | C38: (C-2 Jan-2026) (New)
A39: Course | B39: Faculty
A40: Python Programming | B40: MAHIPAL SINGH | C40: 35 | E40: 35
A42: Professional Certificate in AI Engg. and MLOps | C42: (C-2 Jan-2026) (New)
A43: Course | B43: Faculty
A44: Applied AI Engineering Foundations | B44: Prof. Prasad and Ms. Ankita | C44: 99 | E44: 99

Sheet Data Dump - Learner Usage
A1: Course Offering Name | B1: Parent Department Name | C1: Semester Name | D1: Username | E1: Org Defined Id | F1: First Name | G1: Is Active | H1: Content Completed | I1: Content Required | J1: Checklist Completed | K1: Quiz Completed | L1: Total Quiz Attempts | M1: Discussion Post Created | N1: Discussion Post Replies | O1: Discussion Post Read | P1: Last Discussion Post Date | Q1: Number Of Assignment Submissions | R1: Last Assignment Submission Date | S1: Total Time Spent In Content | T1: Last Visited Date | U1: Last System Login | V1: Number Of Logins To The System | W1: Auditor Name | X1: Last Quiz Attempt Date | Y1: Last SCORM Completion Date | Z1: Last SCORM Visit Date
A2: Data Structures for Data Science | B2: BS | C2: Trimester 2 | D2: 2025eb1100001@bitspilani-digital.edu.in | E2: 2025EB1100001 | F2: RUDRA SHARMA | G2: TRUE | H2: 1 | I2: 154 | J2: 0 | K2: 1 | L2: 1 | M2: 0 | N2: 0 | O2: 0 | Q2: 0 | S2: 0 | T2: 2026-02-08T09:13:59.9530000Z | U2: 2026-02-08T08:54:36.2970000Z | V2: 166 | X2: 2026-02-08T09:04:03.4030000Z
A3: Data Preprocessing (BS) | B3: BS | C3: Trimester 2 | D3: 2025eb1100001@bitspilani-digital.edu.in | E3: 2025EB1100001 | F3: RUDRA SHARMA | G3: TRUE | H3: 6 | I3: 158 | J3: 0 | K3: 2 | L3: 3 | M3: 0 | N3: 0 | O3: 0 | Q3: 0 | S3: 17096 | T3: 2026-02-08T09:20:40.1530000Z | U3: 2026-02-08T08:54:36.2970000Z | V3: 166 | X3: 2026-02-08T09:20:32.9730000Z
A4: Fundamentals of Data Science and Engineering | B4: BS | C4: Trimester 2 | D4: 2025eb1100001@bitspilani-digital.edu.in | E4: 2025EB1100001 | F4: RUDRA SHARMA | G4: TRUE | H4: 45 | I4: 112 | J4: 0 | K4: 7 | L4: 8 | M4: 0 | N4: 0 | O4: 0 | Q4: 0 | S4: 31534 | T4: 2026-02-07T15:33:47.5000000Z | U4: 2026-02-08T08:54:36.2970000Z | V4: 166 | X4: 2026-02-07T15:16:25.5370000Z
A5: Linear Algebra | B5: BS | C5: Trimester 2 | D5: 2025eb1100001@bitspilani-digital.edu.in | E5: 2025EB1100001 | F5: RUDRA SHARMA | G5: TRUE | H5: 3 | I5: 86 | J5: 0 | K5: 1 | L5: 1 | M5: 0 | N5: 0 | O5: 0 | Q5: 0 | S5: 27 | T5: 2026-02-08T09:12:57.6770000Z | U5: 2026-02-08T08:54:36.2970000Z | V5: 166 | X5: 2026-02-08T09:12:53.8070000Z | Y5: 2026-01-23T15:01:45.2470000Z | Z5: 2026-01-23T15:01:48.8770000Z
A6: Computing Systems | B6: BS | C6: Trimester 2 | D6: 2025eb1100001@bitspilani-digital.edu.in | E6: 2025EB1100001 | F6: RUDRA SHARMA | G6: TRUE | H6: 92 | I6: 267 | J6: 0 | K6: 34 | L6: 56 | M6: 0 | N6: 0 | O6: 0 | Q6: 0 | S6: 1027 | T6: 2026-02-08T08:57:34.8130000Z | U6: 2026-02-08T08:54:36.2970000Z | V6: 166 | X6: 2026-02-08T08:57:30.2130000Z | Y6: 2026-01-23T14:59:58.6570000Z | Z6: 2026-01-23T15:00:20.6770000Z
A7: Probability & Statistics | B7: BS | C7: Trimester 2 | D7: 2025eb1100003@bitspilani-digital.edu.in | E7: 2025EB1100003 | F7: AJAYACHANDRAN.E | G7: TRUE | H7: 24 | I7: 326 | J7: 0 | K7: 3 | L7: 5 | M7: 2 | N7: 0 | O7: 8 | P7: 2026-01-30T21:48:45.6800000Z | Q7: 0 | S7: 31222 | T7: 2026-02-09T00:39:23.1430000Z | U7: 2026-02-08T23:02:38.0030000Z | V7: 115 | X7: 2026-01-31T00:24:37.8630000Z | Y7: 2026-01-24T14:45:28.7000000Z | Z7: 2026-01-31T00:25:02.4370000Z
A8: Computer Programming | B8: BS | C8: Trimester 2 | D8: 2025eb1100003@bitspilani-digital.edu.in | E8: 2025EB1100003 | F8: AJAYACHANDRAN.E | G8: TRUE | H8: 44 | I8: 356 | J8: 0 | K8: 9 | L8: 18 | M8: 3 | N8: 0 | O8: 1 | P8: 2026-01-31T00:29:49.2300000Z | Q8: 0 | S8: 49579 | T8: 2026-02-09T00:39:46.6630000Z | U8: 2026-02-08T23:02:38.0030000Z | V8: 115 | X8: 2026-01-31T23:46:19.5000000Z | Y8: 2026-01-31T12:03:07.5170000Z | Z8: 2026-01-31T23:46:46.3370000Z
A9: Fundamentals of Data Science and Engineering | B9: BS | C9: Trimester 2 | D9: 2025eb1100003@bitspilani-digital.edu.in | E9: 2025EB1100003 | F9: AJAYACHANDRAN.E | G9: TRUE | H9: 27 | I9: 112 | J9: 0 | K9: 3 | L9: 6 | M9: 0 | N9: 0 | O9: 0 | Q9: 0 | S9: 25900 | T9: 2026-02-09T00:37:32.1300000Z | U9: 2026-02-08T23:02:38.0030000Z | V9: 115 | X9: 2026-01-30T20:33:35.5230000Z
A10: Data Preprocessing (BS) | B10: BS | C10: Trimester 2 | D10: 2025eb1100003@bitspilani-digital.edu.in | E10: 2025EB1100003 | F10: AJAYACHANDRAN.E | G10: TRUE | H10: 45 | I10: 158 | J10: 0 | K10: 6 | L10: 8 | M10: 3 | N10: 0 | O10: 0 | P10: 2026-02-07T23:08:17.5300000Z | Q10: 0 | S10: 24234 | T10: 2026-02-09T00:32:41.3400000Z | U10: 2026-02-08T23:02:38.0030000Z | V10: 115 | X10: 2026-02-09T00:31:45.6730000Z
A11: Data Preprocessing (BS) | B11: BS | C11: Trimester 2 | D11: 2025eb1100004@bitspilani-digital.edu.in | E11: 2025EB1100004 | F11: ARUNLAL P | G11: TRUE | H11: 1 | I11: 158 | J11: 0 | K11: 0 | L11: 0 | M11: 0 | N11: 0 | O11: 0 | Q11: 0 | S11: 0 | T11: 2026-01-19T08:25:52.9870000Z | U11: 2026-02-08T15:52:25.5800000Z | V11: 151
A12: Data Structures for Data Science | B12: BS | C12: Trimester 2 | D12: 2025eb1100004@bitspilani-digital.edu.in | E12: 2025EB1100004 | F12: ARUNLAL P | G12: TRUE | H12: 0 | I12: 154 | J12: 0 | K12: 0 | L12: 0 | M12: 0 | N12: 0 | O12: 0 | Q12: 0 | S12: 0 | T12: 2026-01-17T14:38:56.5370000Z | U12: 2026-02-08T15:52:25.5800000Z | V12: 151
A13: Fundamentals of Data Science and Engineering | B13: BS | C13: Trimester 2 | D13: 2025eb1100004@bitspilani-digital.edu.in | E13: 2025EB1100004 | F13: ARUNLAL P | G13: TRUE | H13: 1 | I13: 112 | J13: 0 | K13: 1 | L13: 1 | M13: 0 | N13: 0 | O13: 0 | Q13: 0 | S13: 0 | T13: 2026-02-08T15:58:42.1600000Z | U13: 2026-02-08T15:52:25.5800000Z | V13: 151 | X13: 2026-02-08T15:58:35.0330000Z
A14: Linear Algebra | B14: BS | C14: Trimester 2 | D14: 2025eb1100004@bitspilani-digital.edu.in | E14: 2025EB1100004 | F14: ARUNLAL P | G14: TRUE | H14: 0 | I14: 86 | J14: 0 | K14: 0 | L14: 0 | M14: 0 | N14: 0 | O14: 0 | Q14: 0 | S14: 0 | U14: 2026-02-08T15:52:25.5800000Z | V14: 151
A15: Linear Algebra | B15: BS | C15: Trimester 2 | D15: 2025eb1100006@bitspilani-digital.edu.in | E15: 2025EB1100006 | F15: JAL PATEL | G15: TRUE | H15: 1 | I15: 86 | J15: 0 | K15: 1 | L15: 1 | M15: 0 | N15: 0 | O15: 0 | Q15: 0 | S15: 0 | T15: 2026-02-08T08:16:42.7600000Z | U15: 2026-02-08T07:51:39.3430000Z | V15: 73 | X15: 2026-02-08T08:12:38.5830000Z
A16: Fundamentals of Data Science and Engineering | B16: BS | C16: Trimester 2 | D16: 2025eb1100006@bitspilani-digital.edu.in | E16: 2025EB1100006 | F16: JAL PATEL | G16: TRUE | H16: 2 | I16: 112 | J16: 0 | K16: 2 | L16: 2 | M16: 0 | N16: 0 | O16: 0 | Q16: 0 | S16: 0 | T16: 2026-02-08T08:17:07.8730000Z | U16: 2026-02-08T07:51:39.3430000Z | V16: 73 | X16: 2026-02-08T08:02:33.4500000Z
A17: Data Structures for Data Science | B17: BS | C17: Trimester 2 | D17: 2025eb1100006@bitspilani-digital.edu.in | E17: 2025EB1100006 | F17: JAL PATEL | G17: TRUE | H17: 1 | I17: 154 | J17: 0 | K17: 1 | L17: 1 | M17: 0 | N17: 0 | O17: 0 | Q17: 0 | S17: 0 | T17: 2026-02-08T08:17:33.9070000Z | U17: 2026-02-08T07:51:39.3430000Z | V17: 73 | X17: 2026-02-08T08:15:45.7230000Z
A18: Data Preprocessing (BS) | B18: BS | C18: Trimester 2 | D18: 2025eb1100006@bitspilani-digital.edu.in | E18: 2025EB1100006 | F18: JAL PATEL | G18: TRUE | H18: 0 | I18: 158 | J18: 0 | K18: 0 | L18: 0 | M18: 0 | N18: 0 | O18: 0 | Q18: 0 | S18: 0 | T18: 2026-02-08T08:16:57.8270000Z | U18: 2026-02-08T07:51:39.3430000Z | V18: 73
A19: Computer Programming | B19: BS | C19: Trimester 2 | D19: 2025eb1100007@bitspilani-digital.edu.in | E19: 2025EB1100007 | F19: HARSHVARDHAN SINGH | G19: TRUE | H19: 10 | I19: 356 | J19: 0 | K19: 4 | L19: 4 | M19: 0 | N19: 0 | O19: 0 | Q19: 0 | S19: 24662 | T19: 2026-02-08T02:54:21.2930000Z | U19: 2026-02-09T00:57:34.8670000Z | V19: 67 | X19: 2026-02-08T02:54:12.8470000Z | Y19: 2026-01-30T14:05:06.5370000Z | Z19: 2026-02-05T07:23:03.0770000Z
A20: Probability & Statistics | B20: BS | C20: Trimester 2 | D20: 2025eb1100007@bitspilani-digital.edu.in | E20: 2025EB1100007 | F20: HARSHVARDHAN SINGH | G20: TRUE | H20: 1 | I20: 326 | J20: 0 | K20: 1 | L20: 1 | M20: 0 | N20: 0 | O20: 0 | Q20: 0 | S20: 0 | T20: 2026-02-08T02:56:47.4770000Z | U20: 2026-02-09T00:57:34.8670000Z | V20: 67 | X20: 2026-02-08T02:56:43.8530000Z
A21: Computing Systems | B21: BS | C21: Trimester 2 | D21: 2025eb1100007@bitspilani-digital.edu.in | E21: 2025EB1100007 | F21: HARSHVARDHAN SINGH | G21: TRUE | H21: 1 | I21: 267 | J21: 0 | K21: 1 | L21: 1 | M21: 0 | N21: 0 | O21: 0 | Q21: 0 | S21: 0 | T21: 2026-02-08T03:02:53.3470000Z | U21: 2026-02-09T00:57:34.8670000Z | V21: 67 | X21: 2026-02-08T03:02:49.6200000Z
A22: Data and the World | B22: BS | C22: Trimester 2 | D22: 2025eb1100007@bitspilani-digital.edu.in | E22: 2025EB1100007 | F22: HARSHVARDHAN SINGH | G22: TRUE | H22: 0 | I22: 53 | J22: 0 | K22: 0 | L22: 0 | M22: 0 | N22: 0 | O22: 0 | Q22: 0 | S22: 0 | U22: 2026-02-09T00:57:34.8670000Z | V22: 67
A23: Data Preprocessing (BS) | B23: BS | C23: Trimester 2 | D23: 2025eb1100008@bitspilani-digital.edu.in | E23: 2025EB1100008 | F23: KALYANE VENKATESH NISHIKANT | G23: TRUE | H23: 4 | I23: 158 | J23: 0 | K23: 0 | L23: 0 | M23: 0 | N23: 0 | O23: 0 | Q23: 0 | S23: 6800 | T23: 2026-02-07T15:35:16.0400000Z | U23: 2026-02-07T15:26:57.4830000Z | V23: 107
A24: Data Structures for Data Science | B24: BS | C24: Trimester 2 | D24: 2025eb1100008@bitspilani-digital.edu.in | E24: 2025EB1100008 | F24: KALYANE VENKATESH NISHIKANT | G24: TRUE | H24: 0 | I24: 154 | J24: 0 | K24: 0 | L24: 0 | M24: 0 | N24: 0 | O24: 0 | Q24: 0 | S24: 0 | U24: 2026-02-07T15:26:57.4830000Z | V24: 107
A25: Fundamentals of Data Science and Engineering | B25: BS | C25: Trimester 2 | D25: 2025eb1100008@bitspilani-digital.edu.in | E25: 2025EB1100008 | F25: KALYANE VENKATESH NISHIKANT | G25: TRUE | H25: 5 | I25: 112 | J25: 0 | K25: 1 | L25: 1 | M25: 0 | N25: 0 | O25: 0 | Q25: 0 | S25: 3889 | T25: 2026-02-07T15:34:29.9030000Z | U25: 2026-02-07T15:26:57.4830000Z | V25: 107 | X25: 2026-02-07T15:34:10.0200000Z
A26: Linear Algebra | B26: BS | C26: Trimester 2 | D26: 2025eb1100008@bitspilani-digital.edu.in | E26: 2025EB1100008 | F26: KALYANE VENKATESH NISHIKANT | G26: TRUE | H26: 0 | I26: 86 | J26: 0 | K26: 0 | L26: 0 | M26: 0 | N26: 0 | O26: 0 | Q26: 0 | S26: 0 | U26: 2026-02-07T15:26:57.4830000Z | V26: 107
A27: Data and the World | B27: BS | C27: Trimester 2 | D27: 2025eb1100009@bitspilani-digital.edu.in | E27: 2025EB1100009 | F27: ALI ZAFAR RIZVI | G27: TRUE | H27: 0 | I27: 53 | J27: 0 | K27: 0 | L27: 0 | M27: 0 | N27: 0 | O27: 0 | Q27: 0 | S27: 0 | U27: 2026-02-08T17:27:11.8430000Z | V27: 7
A28: Computing Systems | B28: BS | C28: Trimester 2 | D28: 2025eb1100009@bitspilani-digital.edu.in | E28: 2025EB1100009 | F28: ALI ZAFAR RIZVI | G28: TRUE | H28: 0 | I28: 267 | J28: 0 | K28: 0 | L28: 0 | M28: 0 | N28: 0 | O28: 0 | Q28: 0 | S28: 0 | U28: 2026-02-08T17:27:11.8430000Z | V28: 7
A29: Probability & Statistics | B29: BS | C29: Trimester 2 | D29: 2025eb1100009@bitspilani-digital.edu.in | E29: 2025EB1100009 | F29: ALI ZAFAR RIZVI | G29: TRUE | H29: 0 | I29: 326 | J29: 0 | K29: 0 | L29: 0 | M29: 0 | N29: 0 | O29: 0 | Q29: 0 | S29: 0 | U29: 2026-02-08T17:27:11.8430000Z | V29: 7
A30: Writing Practice | B30: BS | C30: Trimester 2 | D30: 2025eb1100009@bitspilani-digital.edu.in | E30: 2025EB1100009 | F30: ALI ZAFAR RIZVI | G30: TRUE | H30: 0 | I30: 208 | J30: 0 | K30: 0 | L30: 0 | M30: 0 | N30: 0 | O30: 0 | Q30: 0 | S30: 0 | U30: 2026-02-08T17:27:11.8430000Z | V30: 7
A31: Computer Programming | B31: BS | C31: Trimester 2 | D31: 2025eb1100009@bitspilani-digital.edu.in | E31: 2025EB1100009 | F31: ALI ZAFAR RIZVI | G31: TRUE | H31: 0 | I31: 356 | J31: 0 | K31: 0 | L31: 0 | M31: 0 | N31: 0 | O31: 0 | Q31: 0 | S31: 0 | U31: 2026-02-08T17:27:11.8430000Z | V31: 7
A32: Linear Algebra | B32: BS | C32: Trimester 2 | D32: 2025eb1100010@bitspilani-digital.edu.in | E32: 2025EB1100010 | F32: HARSHITA JAIN | G32: TRUE | H32: 0 | I32: 86 | J32: 0 | K32: 0 | L32: 0 | M32: 0 | N32: 0 | O32: 0 | Q32: 0 | S32: 0 | U32: 2026-02-08T14:34:30.4630000Z | V32: 169
A33: Fundamentals of Data Science and Engineering | B33: BS | C33: Trimester 2 | D33: 2025eb1100010@bitspilani-digital.edu.in | E33: 2025EB1100010 | F33: HARSHITA JAIN | G33: TRUE | H33: 4 | I33: 112 | J33: 0 | K33: 2 | L33: 2 | M33: 0 | N33: 0 | O33: 0 | Q33: 0 | S33: 14 | T33: 2026-02-08T14:39:37.0530000Z | U33: 2026-02-08T14:34:30.4630000Z | V33: 169 | X33: 2026-02-08T14:39:30.3800000Z
A34: Data Structures for Data Science | B34: BS | C34: Trimester 2 | D34: 2025eb1100010@bitspilani-digital.edu.in | E34: 2025EB1100010 | F34: HARSHITA JAIN | G34: TRUE | H34: 3 | I34: 154 | J34: 0 | K34: 0 | L34: 0 | M34: 0 | N34: 0 | O34: 0 | Q34: 0 | S34: 22 | T34: 2026-02-04T14:31:35.9470000Z | U34: 2026-02-08T14:34:30.4630000Z | V34: 169
A35: Data Preprocessing (BS) | B35: BS | C35: Trimester 2 | D35: 2025eb1100010@bitspilani-digital.edu.in | E35: 2025EB1100010 | F35: HARSHITA JAIN | G35: TRUE | H35: 10 | I35: 158 | J35: 0 | K35: 0 | L35: 0 | M35: 0 | N35: 0 | O35: 0 | Q35: 0 | S35: 9593 | T35: 2026-02-04T14:32:10.0600000Z | U35: 2026-02-08T14:34:30.4630000Z | V35: 169
A36: Computer Programming | B36: BS | C36: Trimester 2 | D36: 2025eb1100012@bitspilani-digital.edu.in | E36: 2025EB1100012 | F36: SANTOSH SHRIKHANDE | G36: TRUE | H36: 0 | I36: 356 | J36: 0 | K36: 0 | L36: 0 | M36: 0 | N36: 0 | O36: 0 | Q36: 0 | S36: 0 | U36: 2026-02-07T05:52:24.4370000Z | V36: 119
A37: Probability & Statistics | B37: BS | C37: Trimester 2 | D37: 2025eb1100012@bitspilani-digital.edu.in | E37: 2025EB1100012 | F37: SANTOSH SHRIKHANDE | G37: TRUE | H37: 4 | I37: 326 | J37: 0 | K37: 0 | L37: 0 | M37: 0 | N37: 0 | O37: 0 | Q37: 0 | S37: 22 | T37: 2026-02-07T05:55:07.9530000Z | U37: 2026-02-07T05:52:24.4370000Z | V37: 119 | Y37: 2026-02-07T05:55:22.3570000Z | Z37: 2026-02-07T05:55:22.3570000Z
A38: Computer Programming | B38: BS | C38: Trimester 2 | D38: 2025eb1100013@bitspilani-digital.edu.in | E38: 2025EB1100013 | F38: AKSHITHA IMMACULATE A | G38: TRUE | H38: 0 | I38: 356 | J38: 0 | K38: 0 | L38: 0 | M38: 0 | N38: 0 | O38: 0 | Q38: 0 | S38: 0 | U38: 2026-01-30T14:24:09.0330000Z | V38: 100
A39: Computing Systems | B39: BS | C39: Trimester 2 | D39: 2025eb1100013@bitspilani-digital.edu.in | E39: 2025EB1100013 | F39: AKSHITHA IMMACULATE A | G39: TRUE | H39: 0 | I39: 267 | J39: 0 | K39: 0 | L39: 0 | M39: 0 | N39: 0 | O39: 0 | Q39: 0 | S39: 0 | U39: 2026-01-30T14:24:09.0330000Z | V39: 100
A40: Fundamentals of Data Science and Engineering | B40: BS | C40: Trimester 2 | D40: 2025eb1100013@bitspilani-digital.edu.in | E40: 2025EB1100013 | F40: AKSHITHA IMMACULATE A | G40: TRUE | H40: 0 | I40: 112 | J40: 0 | K40: 0 | L40: 0 | M40: 0 | N40: 0 | O40: 0 | Q40: 0 | S40: 0 | T40: 2026-01-18T11:10:10.2200000Z | U40: 2026-01-30T14:24:09.0330000Z | V40: 100
A41: Linear Algebra | B41: BS | C41: Trimester 2 | D41: 2025eb1100013@bitspilani-digital.edu.in | E41: 2025EB1100013 | F41: AKSHITHA IMMACULATE A | G41: TRUE | H41: 0 | I41: 86 | J41: 0 | K41: 0 | L41: 0 | M41: 0 | N41: 0 | O41: 0 | Q41: 0 | S41: 0 | U41: 2026-01-30T14:24:09.0330000Z | V41: 100
A42: Data Structures for Data Science | B42: BS | C42: Trimester 2 | D42: 2025eb1100014@bitspilani-digital.edu.in | E42: 2025EB1100014 | F42: SURYA A | G42: TRUE | H42: 60 | I42: 154 | J42: 0 | K42: 7 | L42: 7 | M42: 0 | N42: 0 | O42: 0 | Q42: 0 | S42: 52849 | T42: 2026-02-05T02:52:36.7170000Z | U42: 2026-02-05T02:52:19.5500000Z | V42: 199 | X42: 2026-01-28T17:25:06.8330000Z | Y42: 2026-01-19T09:41:03.9430000Z | Z42: 2026-01-28T20:04:48.0130000Z
A43: Probability & Statistics | B43: BS | C43: Trimester 2 | D43: 2025eb1100014@bitspilani-digital.edu.in | E43: 2025EB1100014 | F43: SURYA A | G43: TRUE | H43: 12 | I43: 326 | J43: 0 | K43: 1 | L43: 2 | M43: 0 | N43: 0 | O43: 0 | Q43: 0 | S43: 7223 | T43: 2026-01-21T09:14:55.8070000Z | U43: 2026-02-05T02:52:19.5500000Z | V43: 199 | X43: 2026-01-21T09:14:19.6270000Z | Y43: 2026-01-21T10:07:30.9030000Z | Z43: 2026-01-21T10:07:30.9130000Z
A44: Data Structures for Data Science | B44: BS | C44: Trimester 2 | D44: 2025eb1100015@bitspilani-digital.edu.in | E44: 2025EB1100015 | F44: TADIMALLA ADITI | G44: TRUE | H44: 12 | I44: 154 | J44: 0 | K44: 4 | L44: 4 | M44: 0 | N44: 0 | O44: 0 | Q44: 0 | S44: 42049 | T44: 2026-02-08T17:30:42.8230000Z | U44: 2026-02-09T03:14:20.9130000Z | V44: 233 | X44: 2026-02-08T17:30:39.1400000Z | Y44: 2026-02-08T17:30:46.8530000Z | Z44: 2026-02-08T17:30:46.8530000Z
A45: Data Preprocessing (BS) | B45: BS | C45: Trimester 2 | D45: 2025eb1100015@bitspilani-digital.edu.in | E45: 2025EB1100015 | F45: TADIMALLA ADITI | G45: TRUE | H45: 5 | I45: 158 | J45: 0 | K45: 0 | L45: 0 | M45: 0 | N45: 0 | O45: 0 | Q45: 0 | S45: 18 | T45: 2026-02-07T15:50:34.0700000Z | U45: 2026-02-09T03:14:20.9130000Z | V45: 233
A46: Linear Algebra | B46: BS | C46: Trimester 2 | D46: 2025eb1100015@bitspilani-digital.edu.in | E46: 2025EB1100015 | F46: TADIMALLA ADITI | G46: TRUE | H46: 40 | I46: 86 | J46: 0 | K46: 11 | L46: 11 | M46: 0 | N46: 0 | O46: 0 | Q46: 0 | S46: 7515 | T46: 2026-02-09T03:13:18.4370000Z | U46: 2026-02-09T03:14:20.9130000Z | V46: 233 | X46: 2026-02-06T04:33:05.1200000Z | Y46: 2026-02-09T03:13:18.3970000Z | Z46: 2026-02-09T03:13:18.3930000Z
A47: Fundamentals of Data Science and Engineering | B47: BS | C47: Trimester 2 | D47: 2025eb1100015@bitspilani-digital.edu.in | E47: 2025EB1100015 | F47: TADIMALLA ADITI | G47: TRUE | H47: 37 | I47: 112 | J47: 0 | K47: 6 | L47: 6 | M47: 0 | N47: 0 | O47: 0 | Q47: 0 | S47: 46448 | T47: 2026-02-07T16:43:43.8370000Z | U47: 2026-02-09T03:14:20.9130000Z | V47: 233 | X47: 2026-02-07T16:43:37.4230000Z
A48: Probability & Statistics | B48: BS | C48: Trimester 2 | D48: 2025eb1100016@bitspilani-digital.edu.in | E48: 2025EB1100016 | F48: AKASH.T | G48: TRUE | H48: 1 | I48: 326 | J48: 0 | K48: 0 | L48: 0 | M48: 0 | N48: 0 | O48: 0 | Q48: 0 | S48: 0 | T48: 2026-01-31T13:57:33.1100000Z | U48: 2026-02-09T06:53:46.1600000Z | V48: 183
A49: Computer Programming | B49: BS | C49: Trimester 2 | D49: 2025eb1100016@bitspilani-digital.edu.in | E49: 2025EB1100016 | F49: AKASH.T | G49: TRUE | H49: 1 | I49: 356 | J49: 0 | K49: 0 | L49: 0 | M49: 0 | N49: 0 | O49: 0 | Q49: 0 | S49: 0 | T49: 2026-02-09T06:53:47.1870000Z | U49: 2026-02-09T06:53:46.1600000Z | V49: 183
A50: Fundamentals of Data Science and Engineering | B50: BS | C50: Trimester 2 | D50: 2025eb1100018@bitspilani-digital.edu.in | E50: 2025EB1100018 | F50: NIMMAGANTI SUMAHE | G50: TRUE | H50: 52 | I50: 112 | J50: 0 | K50: 7 | L50: 7 | M50: 0 | N50: 0 | O50: 0 | Q50: 0 | S50: 14750 | T50: 2026-02-08T21:41:02.6170000Z | U50: 2026-02-09T09:46:13.1530000Z | V50: 321 | X50: 2026-02-08T21:40:36.1730000Z
A51: Linear Algebra | B51: BS | C51: Trimester 2 | D51: 2025eb1100018@bitspilani-digital.edu.in | E51: 2025EB1100018 | F51: NIMMAGANTI SUMAHE | G51: TRUE | H51: 61 | I51: 86 | J51: 0 | K51: 16 | L51: 17 | M51: 4 | N51: 0 | O51: 0 | P51: 2026-02-08T20:09:50.6830000Z | Q51: 0 | S51: 25463 | T51: 2026-02-08T20:10:03.7700000Z | U51: 2026-02-09T09:46:13.1530000Z | V51: 321 | X51: 2026-02-08T20:01:37.7070000Z | Y51: 2026-02-08T20:01:57.0970000Z | Z51: 2026-02-08T20:01:57.0970000Z
A52: Data Preprocessing (BS) | B52: BS | C52: Trimester 2 | D52: 2025eb1100018@bitspilani-digital.edu.in | E52: 2025EB1100018 | F52: NIMMAGANTI SUMAHE | G52: TRUE | H52: 81 | I52: 158 | J52: 0 | K52: 27 | L52: 27 | M52: 0 | N52: 0 | O52: 0 | Q52: 0 | S52: 28046 | T52: 2026-02-08T20:10:27.6930000Z | U52: 2026-02-09T09:46:13.1530000Z | V52: 321 | X52: 2026-02-08T14:32:46.4930000Z
A53: Data Structures for Data Science | B53: BS | C53: Trimester 2 | D53: 2025eb1100018@bitspilani-digital.edu.in | E53: 2025EB1100018 | F53: NIMMAGANTI SUMAHE | G53: TRUE | H53: 91 | I53: 154 | J53: 0 | K53: 30 | L53: 30 | M53: 0 | N53: 0 | O53: 0 | Q53: 0 | S53: 29105 | T53: 2026-02-08T14:26:43.0470000Z | U53: 2026-02-09T09:46:13.1530000Z | V53: 321 | X53: 2026-02-08T14:26:36.0170000Z | Y53: 2026-02-05T18:26:03.1070000Z | Z53: 2026-02-05T18:36:20.5400000Z
A54: Probability & Statistics | B54: BS | C54: Trimester 2 | D54: 2025eb1100019@bitspilani-digital.edu.in | E54: 2025EB1100019 | F54: NITISH KUMAR | G54: TRUE | H54: 6 | I54: 326 | J54: 0 | K54: 1 | L54: 1 | M54: 0 | N54: 0 | O54: 0 | Q54: 0 | S54: 763 | T54: 2026-02-08T15:01:55.8400000Z | U54: 2026-02-08T14:49:38.8730000Z | V54: 123 | X54: 2026-02-08T15:01:36.1370000Z
A55: Computing Systems | B55: BS | C55: Trimester 2 | D55: 2025eb1100019@bitspilani-digital.edu.in | E55: 2025EB1100019 | F55: NITISH KUMAR | G55: TRUE | H55: 13 | I55: 267 | J55: 0 | K55: 3 | L55: 3 | M55: 0 | N55: 0 | O55: 0 | Q55: 0 | S55: 5897 | T55: 2026-02-08T14:54:15.1670000Z | U55: 2026-02-08T14:49:38.8730000Z | V55: 123 | X55: 2026-02-08T14:54:11.7000000Z | Y55: 2026-01-23T15:27:29.7470000Z | Z55: 2026-02-06T07:59:20.1730000Z
A56: Computing Systems | B56: BS | C56: Trimester 2 | D56: 2025eb1100020@bitspilani-digital.edu.in | E56: 2025EB1100020 | F56: AYUSH JHA | G56: TRUE | H56: 5 | I56: 267 | J56: 0 | K56: 1 | L56: 1 | M56: 0 | N56: 0 | O56: 0 | Q56: 0 | S56: 66 | T56: 2026-02-08T13:56:05.5670000Z | U56: 2026-02-09T07:21:41.8230000Z | V56: 77 | X56: 2026-02-08T13:55:34.7400000Z | Y56: 2026-01-24T15:44:23.2600000Z | Z56: 2026-01-24T15:44:23.2670000Z
A57: Data and the World | B57: BS | C57: Trimester 2 | D57: 2025eb1100020@bitspilani-digital.edu.in | E57: 2025EB1100020 | F57: AYUSH JHA | G57: TRUE | H57: 6 | I57: 53 | J57: 0 | K57: 1 | L57: 2 | M57: 0 | N57: 0 | O57: 0 | Q57: 0 | S57: 3667 | T57: 2026-02-08T13:45:56.2370000Z | U57: 2026-02-09T07:21:41.8230000Z | V57: 77 | X57: 2026-01-23T14:50:41.5300000Z | Y57: 2026-01-22T16:36:28.4970000Z | Z57: 2026-01-23T14:35:46.9770000Z
A58: Probability & Statistics | B58: BS | C58: Trimester 2 | D58: 2025eb1100020@bitspilani-digital.edu.in | E58: 2025EB1100020 | F58: AYUSH JHA | G58: TRUE | H58: 1 | I58: 326 | J58: 0 | K58: 1 | L58: 1 | M58: 0 | N58: 0 | O58: 0 | Q58: 0 | S58: 0 | T58: 2026-02-08T13:45:37.9530000Z | U58: 2026-02-09T07:21:41.8230000Z | V58: 77 | X58: 2026-02-08T13:45:25.1370000Z
A59: Writing Practice | B59: BS | C59: Trimester 2 | D59: 2025eb1100020@bitspilani-digital.edu.in | E59: 2025EB1100020 | F59: AYUSH JHA | G59: TRUE | H59: 9 | I59: 208 | J59: 0 | K59: 3 | L59: 3 | M59: 0 | N59: 0 | O59: 0 | Q59: 0 | S59: 4460 | T59: 2026-02-08T13:56:29.6600000Z | U59: 2026-02-09T07:21:41.8230000Z | V59: 77 | X59: 2026-02-05T15:47:52.5270000Z
A60: Computer Programming | B60: BS | C60: Trimester 2 | D60: 2025eb1100020@bitspilani-digital.edu.in | E60: 2025EB1100020 | F60: AYUSH JHA | G60: TRUE | H60: 21 | I60: 356 | J60: 0 | K60: 6 | L60: 8 | M60: 0 | N60: 0 | O60: 0 | Q60: 0 | S60: 4646 | T60: 2026-02-09T07:22:11.7630000Z | U60: 2026-02-09T07:21:41.8230000Z | V60: 77 | X60: 2026-02-08T13:37:04.5700000Z | Y60: 2026-02-09T07:41:28.0400000Z | Z60: 2026-02-09T07:41:28.0400000Z
A61: Data Structures for Data Science | B61: BS | C61: Trimester 2 | D61: 2025eb1100021@bitspilani-digital.edu.in | E61: 2025EB1100021 | F61: R KUSHAL MEHTA | G61: TRUE | H61: 22 | I61: 154 | J61: 0 | K61: 5 | L61: 6 | M61: 0 | N61: 0 | O61: 0 | Q61: 0 | S61: 7042 | T61: 2026-02-08T15:54:50.0900000Z | U61: 2026-02-08T17:08:35.1270000Z | V61: 272 | X61: 2026-02-04T11:17:27.5900000Z | Y61: 2026-02-04T11:22:17.7870000Z | Z61: 2026-02-05T12:29:06.3170000Z
A62: Data Preprocessing (BS) | B62: BS | C62: Trimester 2 | D62: 2025eb1100021@bitspilani-digital.edu.in | E62: 2025EB1100021 | F62: R KUSHAL MEHTA | G62: TRUE | H62: 28 | I62: 158 | J62: 0 | K62: 7 | L62: 9 | M62: 0 | N62: 0 | O62: 0 | Q62: 0 | S62: 13207 | T62: 2026-02-06T12:13:31.3670000Z | U62: 2026-02-08T17:08:35.1270000Z | V62: 272 | X62: 2026-01-27T12:44:05.5970000Z
A63: Linear Algebra | B63: BS | C63: Trimester 2 | D63: 2025eb1100021@bitspilani-digital.edu.in | E63: 2025EB1100021 | F63: R KUSHAL MEHTA | G63: TRUE | H63: 6 | I63: 86 | J63: 0 | K63: 0 | L63: 0 | M63: 0 | N63: 0 | O63: 0 | Q63: 0 | S63: 1150 | T63: 2026-02-06T12:15:27.6030000Z | U63: 2026-02-08T17:08:35.1270000Z | V63: 272 | Y63: 2026-01-29T13:05:35.3030000Z | Z63: 2026-01-29T13:05:35.3030000Z
A64: Fundamentals of Data Science and Engineering | B64: BS | C64: Trimester 2 | D64: 2025eb1100021@bitspilani-digital.edu.in | E64: 2025EB1100021 | F64: R KUSHAL MEHTA | G64: TRUE | H64: 26 | I64: 112 | J64: 0 | K64: 3 | L64: 4 | M64: 1 | N64: 0 | O64: 0 | P64: 2026-02-08T17:15:09.4430000Z | Q64: 0 | S64: 4062 | T64: 2026-02-08T17:15:09.6230000Z | U64: 2026-02-08T17:08:35.1270000Z | V64: 272 | X64: 2026-02-06T13:03:24.0630000Z
A65: Linear Algebra | B65: BS | C65: Trimester 2 | D65: 2025eb1100022@bitspilani-digital.edu.in | E65: 2025EB1100022 | F65: SUBHOM KAR | G65: TRUE | H65: 0 | I65: 86 | J65: 0 | K65: 0 | L65: 0 | M65: 0 | N65: 0 | O65: 0 | Q65: 0 | S65: 0 | U65: 2026-02-03T15:32:41.9600000Z | V65: 46
A66: Data Structures for Data Science | B66: BS | C66: Trimester 2 | D66: 2025eb1100022@bitspilani-digital.edu.in | E66: 2025EB1100022 | F66: SUBHOM KAR | G66: TRUE | H66: 0 | I66: 154 | J66: 0 | K66: 0 | L66: 0 | M66: 0 | N66: 0 | O66: 0 | Q66: 0 | S66: 0 | U66: 2026-02-03T15:32:41.9600000Z | V66: 46
A67: Data and the World | B67: BS | C67: Trimester 2 | D67: 2025eb1100022@bitspilani-digital.edu.in | E67: 2025EB1100022 | F67: SUBHOM KAR | G67: TRUE | H67: 0 | I67: 53 | J67: 0 | K67: 0 | L67: 0 | M67: 0 | N67: 0 | O67: 0 | Q67: 0 | S67: 0 | U67: 2026-02-03T15:32:41.9600000Z | V67: 46
A68: Computing Systems | B68: BS | C68: Trimester 2 | D68: 2025eb1100022@bitspilani-digital.edu.in | E68: 2025EB1100022 | F68: SUBHOM KAR | G68: TRUE | H68: 0 | I68: 267 | J68: 0 | K68: 0 | L68: 0 | M68: 0 | N68: 0 | O68: 0 | Q68: 0 | S68: 0 | U68: 2026-02-03T15:32:41.9600000Z | V68: 46
A69: Data and the World | B69: BS | C69: Trimester 2 | D69: 2025eb1100024@bitspilani-digital.edu.in | E69: 2025EB1100024 | F69: SHOORSEN THIRUNAVUKKARASU K | G69: TRUE | H69: 6 | I69: 53 | J69: 0 | K69: 0 | L69: 0 | M69: 0 | N69: 0 | O69: 0 | Q69: 0 | S69: 396 | T69: 2026-02-07T13:01:05.0270000Z | U69: 2026-02-08T06:51:55.3800000Z | V69: 112 | Y69: 2026-01-29T14:52:13.0470000Z | Z69: 2026-01-29T14:52:13.0600000Z
A70: Computer Programming | B70: BS | C70: Trimester 2 | D70: 2025eb1100024@bitspilani-digital.edu.in | E70: 2025EB1100024 | F70: SHOORSEN THIRUNAVUKKARASU K | G70: TRUE | H70: 13 | I70: 356 | J70: 0 | K70: 4 | L70: 8 | M70: 0 | N70: 0 | O70: 0 | Q70: 0 | S70: 1785 | T70: 2026-02-08T06:56:25.9930000Z | U70: 2026-02-08T06:51:55.3800000Z | V70: 112 | X70: 2026-02-08T06:55:52.9500000Z | Y70: 2026-01-29T14:37:14.7270000Z | Z70: 2026-01-29T14:37:14.7370000Z
A71: Linear Algebra | B71: BS | C71: Trimester 2 | D71: 2025eb1100024@bitspilani-digital.edu.in | E71: 2025EB1100024 | F71: SHOORSEN THIRUNAVUKKARASU K | G71: TRUE | H71: 9 | I71: 86 | J71: 0 | K71: 3 | L71: 3 | M71: 0 | N71: 0 | O71: 0 | Q71: 0 | S71: 4129 | T71: 2026-02-08T06:59:50.3870000Z | U71: 2026-02-08T06:51:55.3800000Z | V71: 112 | X71: 2026-02-08T06:59:45.8830000Z | Y71: 2026-01-27T13:34:45.6630000Z | Z71: 2026-01-27T13:34:45.6730000Z
A72: Linear Algebra | B72: BS | C72: Trimester 2 | D72: 2025eb1100025@bitspilani-digital.edu.in | E72: 2025EB1100025 | F72: ADITI G K | G72: TRUE | H72: 3 | I72: 86 | J72: 0 | K72: 0 | L72: 0 | M72: 0 | N72: 0 | O72: 0 | Q72: 0 | S72: 211 | T72: 2026-02-03T13:02:41.3770000Z | U72: 2026-02-03T13:01:38.8370000Z | V72: 48 | Y72: 2026-02-03T13:06:43.4470000Z | Z72: 2026-02-03T13:06:43.4430000Z
A73: Fundamentals of Data Science and Engineering | B73: BS | C73: Trimester 2 | D73: 2025eb1100025@bitspilani-digital.edu.in | E73: 2025EB1100025 | F73: ADITI G K | G73: TRUE | H73: 0 | I73: 112 | J73: 0 | K73: 0 | L73: 0 | M73: 0 | N73: 0 | O73: 0 | Q73: 0 | S73: 0 | T73: 2026-02-03T13:02:20.8470000Z | U73: 2026-02-03T13:01:38.8370000Z | V73: 48
A74: Data Preprocessing (BS) | B74: BS | C74: Trimester 2 | D74: 2025eb1100025@bitspilani-digital.edu.in | E74: 2025EB1100025 | F74: ADITI G K | G74: TRUE | H74: 0 | I74: 158 | J74: 0 | K74: 0 | L74: 0 | M74: 0 | N74: 0 | O74: 0 | Q74: 0 | S74: 0 | T74: 2026-02-03T13:01:52.5970000Z | U74: 2026-02-03T13:01:38.8370000Z | V74: 48
A75: Computing Systems | B75: BS | C75: Trimester 2 | D75: 2025eb1100025@bitspilani-digital.edu.in | E75: 2025EB1100025 | F75: ADITI G K | G75: TRUE | H75: 0 | I75: 267 | J75: 0 | K75: 0 | L75: 0 | M75: 0 | N75: 0 | O75: 0 | Q75: 0 | S75: 0 | U75: 2026-02-03T13:01:38.8370000Z | V75: 48
A76: Data Preprocessing (BS) | B76: BS | C76: Trimester 2 | D76: 2025eb1100026@bitspilani-digital.edu.in | E76: 2025EB1100026 | F76: SWARUP KUMAR PRADHAN | G76: TRUE | H76: 11 | I76: 158 | J76: 0 | K76: 4 | L76: 4 | M76: 0 | N76: 0 | O76: 0 | Q76: 0 | S76: 1740 | T76: 2026-02-08T03:31:50.7270000Z | U76: 2026-02-09T01:09:56.6170000Z | V76: 262 | X76: 2026-02-08T03:31:43.2300000Z
A77: Data Structures for Data Science | B77: BS | C77: Trimester 2 | D77: 2025eb1100026@bitspilani-digital.edu.in | E77: 2025EB1100026 | F77: SWARUP KUMAR PRADHAN | G77: TRUE | H77: 1 | I77: 154 | J77: 0 | K77: 1 | L77: 1 | M77: 0 | N77: 0 | O77: 0 | Q77: 0 | S77: 0 | T77: 2026-02-08T03:22:01.9270000Z | U77: 2026-02-09T01:09:56.6170000Z | V77: 262 | X77: 2026-02-08T03:21:54.7530000Z
A78: Fundamentals of Data Science and Engineering | B78: BS | C78: Trimester 2 | D78: 2025eb1100026@bitspilani-digital.edu.in | E78: 2025EB1100026 | F78: SWARUP KUMAR PRADHAN | G78: TRUE | H78: 3 | I78: 112 | J78: 0 | K78: 2 | L78: 2 | M78: 0 | N78: 0 | O78: 0 | Q78: 0 | S78: 0 | T78: 2026-02-07T03:19:28.6870000Z | U78: 2026-02-09T01:09:56.6170000Z | V78: 262 | X78: 2026-02-07T03:19:13.4730000Z
A79: Linear Algebra | B79: BS | C79: Trimester 2 | D79: 2025eb1100026@bitspilani-digital.edu.in | E79: 2025EB1100026 | F79: SWARUP KUMAR PRADHAN | G79: TRUE | H79: 2 | I79: 86 | J79: 0 | K79: 2 | L79: 2 | M79: 0 | N79: 0 | O79: 0 | Q79: 0 | S79: 31 | T79: 2026-02-08T04:14:09.4170000Z | U79: 2026-02-09T01:09:56.6170000Z | V79: 262 | X79: 2026-02-08T04:14:05.3230000Z
A80: Linear Algebra | B80: BS | C80: Trimester 2 | D80: 2025eb1100029@bitspilani-digital.edu.in | E80: 2025EB1100029 | F80: AARUSH SHARMA | G80: TRUE | H80: 11 | I80: 86 | J80: 0 | K80: 3 | L80: 3 | M80: 0 | N80: 0 | O80: 0 | Q80: 0 | S80: 9884 | T80: 2026-02-08T05:54:56.7200000Z | U80: 2026-02-08T05:54:53.9400000Z | V80: 132 | X80: 2026-02-07T21:13:58.4200000Z | Y80: 2026-02-01T19:40:59.0430000Z | Z80: 2026-02-01T19:40:59.0470000Z
A81: Fundamentals of Data Science and Engineering | B81: BS | C81: Trimester 2 | D81: 2025eb1100029@bitspilani-digital.edu.in | E81: 2025EB1100029 | F81: AARUSH SHARMA | G81: TRUE | H81: 32 | I81: 112 | J81: 0 | K81: 5 | L81: 5 | M81: 0 | N81: 0 | O81: 0 | Q81: 0 | S81: 60457 | T81: 2026-02-06T19:13:43.6070000Z | U81: 2026-02-08T05:54:53.9400000Z | V81: 132 | X81: 2026-02-06T19:13:27.0930000Z
A82: Data Structures for Data Science | B82: BS | C82: Trimester 2 | D82: 2025eb1100029@bitspilani-digital.edu.in | E82: 2025EB1100029 | F82: AARUSH SHARMA | G82: TRUE | H82: 4 | I82: 154 | J82: 0 | K82: 1 | L82: 1 | M82: 0 | N82: 0 | O82: 0 | Q82: 0 | S82: 25 | T82: 2026-02-07T20:53:36.0770000Z | U82: 2026-02-08T05:54:53.9400000Z | V82: 132 | X82: 2026-02-07T20:53:30.4930000Z | Y82: 2026-01-22T12:39:22.6170000Z | Z82: 2026-01-22T12:39:22.6230000Z
A83: Data Preprocessing (BS) | B83: BS | C83: Trimester 2 | D83: 2025eb1100029@bitspilani-digital.edu.in | E83: 2025EB1100029 | F83: AARUSH SHARMA | G83: TRUE | H83: 19 | I83: 158 | J83: 0 | K83: 7 | L83: 7 | M83: 0 | N83: 0 | O83: 0 | Q83: 0 | S83: 11811 | T83: 2026-02-07T20:49:10.3900000Z | U83: 2026-02-08T05:54:53.9400000Z | V83: 132 | X83: 2026-02-07T20:48:59.5630000Z
A84: Data Preprocessing (BS) | B84: BS | C84: Trimester 2 | D84: 2025eb1100030@bitspilani-digital.edu.in | E84: 2025EB1100030 | F84: KAYITHOJU PRAVARAKYA | G84: TRUE | H84: 5 | I84: 158 | J84: 0 | K84: 0 | L84: 0 | M84: 0 | N84: 0 | O84: 0 | Q84: 0 | S84: 10984 | T84: 2026-01-24T15:10:05.7800000Z | U84: 2026-02-08T18:40:10.7430000Z | V84: 202
A85: Data Structures for Data Science | B85: BS | C85: Trimester 2 | D85: 2025eb1100030@bitspilani-digital.edu.in | E85: 2025EB1100030 | F85: KAYITHOJU PRAVARAKYA | G85: TRUE | H85: 2 | I85: 154 | J85: 0 | K85: 0 | L85: 0 | M85: 0 | N85: 0 | O85: 0 | Q85: 0 | S85: 0 | T85: 2026-02-01T14:53:57.2630000Z | U85: 2026-02-08T18:40:10.7430000Z | V85: 202
A86: Fundamentals of Data Science and Engineering | B86: BS | C86: Trimester 2 | D86: 2025eb1100030@bitspilani-digital.edu.in | E86: 2025EB1100030 | F86: KAYITHOJU PRAVARAKYA | G86: TRUE | H86: 5 | I86: 112 | J86: 0 | K86: 2 | L86: 2 | M86: 0 | N86: 0 | O86: 0 | Q86: 0 | S86: 273 | T86: 2026-02-07T18:35:57.3000000Z | U86: 2026-02-08T18:40:10.7430000Z | V86: 202 | X86: 2026-02-07T18:35:20.1930000Z
A87: Linear Algebra | B87: BS | C87: Trimester 2 | D87: 2025eb1100030@bitspilani-digital.edu.in | E87: 2025EB1100030 | F87: KAYITHOJU PRAVARAKYA | G87: TRUE | H87: 3 | I87: 86 | J87: 0 | K87: 0 | L87: 0 | M87: 0 | N87: 0 | O87: 0 | Q87: 0 | S87: 152 | T87: 2026-02-08T14:35:39.8500000Z | U87: 2026-02-08T18:40:10.7430000Z | V87: 202 | Y87: 2026-01-18T15:51:45.8970000Z | Z87: 2026-01-18T15:51:45.8830000Z
A88: Linear Algebra | B88: BS | C88: Trimester 2 | D88: 2025eb1100031@bitspilani-digital.edu.in | E88: 2025EB1100031 | F88: KUCHI SAMANVI | G88: TRUE | H88: 22 | I88: 86 | J88: 0 | K88: 5 | L88: 6 | M88: 0 | N88: 0 | O88: 0 | Q88: 0 | S88: 6741 | T88: 2026-02-09T08:44:26.2100000Z | U88: 2026-02-09T08:34:26.3900000Z | V88: 89 | X88: 2026-02-09T08:44:21.7200000Z | Y88: 2026-01-19T20:46:39.0970000Z | Z88: 2026-01-19T20:56:27.9530000Z
A89: Fundamentals of Data Science and Engineering | B89: BS | C89: Trimester 2 | D89: 2025eb1100031@bitspilani-digital.edu.in | E89: 2025EB1100031 | F89: KUCHI SAMANVI | G89: TRUE | H89: 30 | I89: 112 | J89: 0 | K89: 4 | L89: 4 | M89: 0 | N89: 0 | O89: 0 | Q89: 0 | S89: 5631 | T89: 2026-02-07T14:12:37.8600000Z | U89: 2026-02-09T08:34:26.3900000Z | V89: 89 | X89: 2026-02-07T14:12:25.4970000Z
A90: Data Structures for Data Science | B90: BS | C90: Trimester 2 | D90: 2025eb1100031@bitspilani-digital.edu.in | E90: 2025EB1100031 | F90: KUCHI SAMANVI | G90: TRUE | H90: 3 | I90: 154 | J90: 0 | K90: 1 | L90: 1 | M90: 0 | N90: 0 | O90: 0 | Q90: 0 | S90: 34 | T90: 2026-02-09T08:48:24.4200000Z | U90: 2026-02-09T08:34:26.3900000Z | V90: 89 | X90: 2026-02-09T08:48:23.4270000Z
A91: Data Preprocessing (BS) | B91: BS | C91: Trimester 2 | D91: 2025eb1100031@bitspilani-digital.edu.in | E91: 2025EB1100031 | F91: KUCHI SAMANVI | G91: TRUE | H91: 26 | I91: 158 | J91: 0 | K91: 6 | L91: 6 | M91: 0 | N91: 0 | O91: 0 | Q91: 0 | S91: 20009 | T91: 2026-02-09T08:53:00.2300000Z | U91: 2026-02-09T08:34:26.3900000Z | V91: 89 | X91: 2026-02-09T08:52:52.3970000Z
A92: Data Preprocessing (BS) | B92: BS | C92: Trimester 2 | D92: 2025eb1100032@bitspilani-digital.edu.in | E92: 2025EB1100032 | F92: GANESH ANKIT | G92: TRUE | H92: 68 | I92: 158 | J92: 0 | K92: 18 | L92: 19 | M92: 0 | N92: 0 | O92: 0 | Q92: 0 | S92: 354 | T92: 2026-02-08T11:58:58.7570000Z | U92: 2026-02-08T11:36:33.8600000Z | V92: 126 | X92: 2026-02-08T11:57:40.1230000Z
A93: Data Structures for Data Science | B93: BS | C93: Trimester 2 | D93: 2025eb1100032@bitspilani-digital.edu.in | E93: 2025EB1100032 | F93: GANESH ANKIT | G93: TRUE | H93: 98 | I93: 154 | J93: 0 | K93: 20 | L93: 20 | M93: 1 | N93: 0 | O93: 0 | P93: 2026-02-08T11:45:58.0400000Z | Q93: 0 | S93: 2827 | T93: 2026-02-08T11:51:35.5700000Z | U93: 2026-02-08T11:36:33.8600000Z | V93: 126 | X93: 2026-02-08T11:51:25.2600000Z | Y93: 2026-01-24T06:46:47.5170000Z | Z93: 2026-01-24T06:46:49.3930000Z
A94: Fundamentals of Data Science and Engineering | B94: BS | C94: Trimester 2 | D94: 2025eb1100032@bitspilani-digital.edu.in | E94: 2025EB1100032 | F94: GANESH ANKIT | G94: TRUE | H94: 44 | I94: 112 | J94: 0 | K94: 6 | L94: 6 | M94: 0 | N94: 0 | O94: 0 | Q94: 0 | S94: 302 | T94: 2026-02-08T11:53:18.9700000Z | U94: 2026-02-08T11:36:33.8600000Z | V94: 126 | X94: 2026-02-08T11:53:02.1830000Z
A95: Linear Algebra | B95: BS | C95: Trimester 2 | D95: 2025eb1100032@bitspilani-digital.edu.in | E95: 2025EB1100032 | F95: GANESH ANKIT | G95: TRUE | H95: 45 | I95: 86 | J95: 0 | K95: 5 | L95: 5 | M95: 1 | N95: 0 | O95: 0 | P95: 2026-02-08T11:38:55.9270000Z | Q95: 0 | S95: 505 | T95: 2026-02-08T11:43:24.0200000Z | U95: 2026-02-08T11:36:33.8600000Z | V95: 126 | X95: 2026-02-08T11:43:07.4570000Z | Y95: 2026-01-24T06:48:02.5530000Z | Z95: 2026-01-24T06:48:05.0470000Z
A96: Linear Algebra | B96: BS | C96: Trimester 2 | D96: 2025eb1100033@bitspilani-digital.edu.in | E96: 2025EB1100033 | F96: JHANVI KOTHARI | G96: TRUE | H96: 19 | I96: 86 | J96: 0 | K96: 4 | L96: 4 | M96: 1 | N96: 0 | O96: 0 | P96: 2026-01-23T05:18:45.4000000Z | Q96: 0 | S96: 7207 | T96: 2026-02-06T15:12:33.3930000Z | U96: 2026-02-08T11:27:45.0830000Z | V96: 127 | X96: 2026-01-23T05:10:33.7870000Z | Y96: 2026-01-28T11:17:38.6000000Z | Z96: 2026-01-28T11:17:38.6070000Z
A97: Fundamentals of Data Science and Engineering | B97: BS | C97: Trimester 2 | D97: 2025eb1100033@bitspilani-digital.edu.in | E97: 2025EB1100033 | F97: JHANVI KOTHARI | G97: TRUE | H97: 22 | I97: 112 | J97: 0 | K97: 2 | L97: 2 | M97: 0 | N97: 0 | O97: 0 | Q97: 0 | S97: 9360 | T97: 2026-02-08T11:36:17.8130000Z | U97: 2026-02-08T11:27:45.0830000Z | V97: 127 | X97: 2026-02-08T11:36:05.1730000Z
A98: Data Structures for Data Science | B98: BS | C98: Trimester 2 | D98: 2025eb1100033@bitspilani-digital.edu.in | E98: 2025EB1100033 | F98: JHANVI KOTHARI | G98: TRUE | H98: 23 | I98: 154 | J98: 0 | K98: 6 | L98: 6 | M98: 0 | N98: 0 | O98: 0 | Q98: 0 | S98: 23162 | T98: 2026-02-08T13:25:48.7430000Z | U98: 2026-02-08T11:27:45.0830000Z | V98: 127 | X98: 2026-02-08T13:25:40.8400000Z | Y98: 2026-02-08T13:26:40.7170000Z | Z98: 2026-02-08T13:26:40.7200000Z
A99: Data Preprocessing (BS) | B99: BS | C99: Trimester 2 | D99: 2025eb1100033@bitspilani-digital.edu.in | E99: 2025EB1100033 | F99: JHANVI KOTHARI | G99: TRUE | H99: 16 | I99: 158 | J99: 0 | K99: 2 | L99: 2 | M99: 0 | N99: 0 | O99: 0 | Q99: 0 | S99: 27759 | T99: 2026-02-04T14:31:51.5230000Z | U99: 2026-02-08T11:27:45.0830000Z | V99: 127 | X99: 2026-02-04T14:31:39.3230000Z
A100: Data Preprocessing (BS) | B100: BS | C100: Trimester 2 | D100: 2025eb1100034@bitspilani-digital.edu.in | E100: 2025EB1100034 | F100: MEHTA PREET NIRAVKUMAR | G100: TRUE | H100: 3 | I100: 158 | J100: 0 | K100: 0 | L100: 0 | M100: 0 | N100: 0 | O100: 0 | Q100: 0 | S100: 3172 | T100: 2026-02-08T05:39:38.9530000Z | U100: 2026-02-08T17:31:21.6330000Z | V100: 416
...
