Workbook

Sheet Learner Usage
A1: Course Offering Id | B1: Course Offering Code | C1: Course Offering Name | D1: Parent Department Name | E1: Parent Department Code | F1: Term Id | G1: Semester Name | H1: User Id | I1: Username | J1: Org Defined Id | K1: First Name | L1: Content Completed | M1: Content Required | N1: Checklist Completed | O1: Quiz Completed | P1: Total Quiz Attempts | Q1: Discussion Post Created | R1: Discussion Post Replies | S1: Discussion Post Read | T1: Last Discussion Post Date | U1: Number Of Assignment Submissions | V1: Last Assignment Submission Date | W1: Total Time Spent In Content | X1: Last Visited Date | Y1: Last System Login | Z1: Number Of Logins To The System | AA1: Auditor Name | AB1: Last Quiz Attempt Date | AC1: Last SCORM Completion Date | AD1: Last SCORM Visit Date
A2: 7034 | B2: T2-25_BDSDF106 | C2: Data Structures for Data Science | D2: BS - Data Science &amp; AI | E2: dept_bs_dsai | F2: 6653 | G2: Trimester 2 | H2: 226 | I2: 2025eb1100001@bitspilani-digital.edu.in | J2: 2025EB1100001 | K2: RUDRA SHARMA | L2: 1 | M2: 154 | N2: 0 | O2: 1 | P2: 1 | Q2: 0 | R2: 0 | S2: 0 | U2: 0 | W2: 0 | X2: 2026-02-08T09:13:59.9530000Z | Y2: 2026-02-09T11:45:19.5500000Z | Z2: 168 | AB2: 2026-02-08T09:04:03.4030000Z
A3: 7035 | B3: T2-25_BDSDF102 | C3: Data Preprocessing (BS) | D3: BS - Data Science &amp; AI | E3: dept_bs_dsai | F3: 6653 | G3: Trimester 2 | H3: 226 | I3: 2025eb1100001@bitspilani-digital.edu.in | J3: 2025EB1100001 | K3: RUDRA SHARMA | L3: 6 | M3: 158 | N3: 0 | O3: 2 | P3: 3 | Q3: 0 | R3: 0 | S3: 0 | U3: 0 | W3: 17096 | X3: 2026-02-08T09:20:40.1530000Z | Y3: 2026-02-09T11:45:19.5500000Z | Z3: 168 | AB3: 2026-02-08T09:20:32.9730000Z
A4: 7032 | B4: T2-25_BDSDF107 | C4: Fundamentals of Data Science and Engineering | D4: BS - Data Science &amp; AI | E4: dept_bs_dsai | F4: 6653 | G4: Trimester 2 | H4: 226 | I4: 2025eb1100001@bitspilani-digital.edu.in | J4: 2025EB1100001 | K4: RUDRA SHARMA | L4: 45 | M4: 112 | N4: 0 | O4: 7 | P4: 8 | Q4: 0 | R4: 0 | S4: 0 | U4: 0 | W4: 31534 | X4: 2026-02-07T15:33:47.5000000Z | Y4: 2026-02-09T11:45:19.5500000Z | Z4: 168 | AB4: 2026-02-07T15:16:25.5370000Z
A5: 7033 | B5: T2-25_BDSDF110 | C5: Linear Algebra | D5: BS - Data Science &amp; AI | E5: dept_bs_dsai | F5: 6653 | G5: Trimester 2 | H5: 226 | I5: 2025eb1100001@bitspilani-digital.edu.in | J5: 2025EB1100001 | K5: RUDRA SHARMA | L5: 3 | M5: 86 | N5: 0 | O5: 1 | P5: 1 | Q5: 0 | R5: 0 | S5: 0 | U5: 0 | W5: 27 | X5: 2026-02-08T09:12:57.6770000Z | Y5: 2026-02-09T11:45:19.5500000Z | Z5: 168 | AB5: 2026-02-08T09:12:53.8070000Z | AC5: 2026-01-23T15:01:45.2470000Z | AD5: 2026-01-23T15:01:48.8770000Z
A6: 7025 | B6: T2-25_BDSDF108 | C6: Computing Systems | D6: BS - Data Science &amp; AI | E6: dept_bs_dsai | F6: 6653 | G6: Trimester 2 | H6: 226 | I6: 2025eb1100001@bitspilani-digital.edu.in | J6: 2025EB1100001 | K6: RUDRA SHARMA | L6: 105 | M6: 267 | N6: 0 | O6: 35 | P6: 57 | Q6: 0 | R6: 0 | S6: 0 | U6: 0 | W6: 2449 | X6: 2026-02-09T12:25:12.1930000Z | Y6: 2026-02-09T11:45:19.5500000Z | Z6: 168 | AB6: 2026-02-09T12:25:03.4370000Z | AC6: 2026-02-09T11:46:54.2770000Z | AD6: 2026-02-09T11:46:54.2730000Z
A7: 7022 | B7: T2-25_BDSDF114 | C7: Probability & Statistics | D7: BS - Data Science &amp; AI | E7: dept_bs_dsai | F7: 6653 | G7: Trimester 2 | H7: 228 | I7: 2025eb1100003@bitspilani-digital.edu.in | J7: 2025EB1100003 | K7: AJAYACHANDRAN.E | L7: 24 | M7: 326 | N7: 0 | O7: 3 | P7: 5 | Q7: 2 | R7: 0 | S7: 8 | T7: 2026-01-30T21:48:45.6800000Z | U7: 0 | W7: 31222 | X7: 2026-02-09T00:39:23.1430000Z | Y7: 2026-02-08T23:02:38.0030000Z | Z7: 115 | AB7: 2026-01-31T00:24:37.8630000Z | AC7: 2026-01-24T14:45:28.7000000Z | AD7: 2026-01-31T00:25:02.4370000Z
A8: 7021 | B8: T2-25_BDSDF113 | C8: Computer Programming | D8: BS - Data Science &amp; AI | E8: dept_bs_dsai | F8: 6653 | G8: Trimester 2 | H8: 228 | I8: 2025eb1100003@bitspilani-digital.edu.in | J8: 2025EB1100003 | K8: AJAYACHANDRAN.E | L8: 44 | M8: 356 | N8: 0 | O8: 9 | P8: 18 | Q8: 3 | R8: 0 | S8: 1 | T8: 2026-01-31T00:29:49.2300000Z | U8: 0 | W8: 49579 | X8: 2026-02-09T00:39:46.6630000Z | Y8: 2026-02-08T23:02:38.0030000Z | Z8: 115 | AB8: 2026-01-31T23:46:19.5000000Z | AC8: 2026-01-31T12:03:07.5170000Z | AD8: 2026-01-31T23:46:46.3370000Z
A9: 7032 | B9: T2-25_BDSDF107 | C9: Fundamentals of Data Science and Engineering | D9: BS - Data Science &amp; AI | E9: dept_bs_dsai | F9: 6653 | G9: Trimester 2 | H9: 228 | I9: 2025eb1100003@bitspilani-digital.edu.in | J9: 2025EB1100003 | K9: AJAYACHANDRAN.E | L9: 27 | M9: 112 | N9: 0 | O9: 3 | P9: 6 | Q9: 0 | R9: 0 | S9: 0 | U9: 0 | W9: 25900 | X9: 2026-02-09T00:37:32.1300000Z | Y9: 2026-02-08T23:02:38.0030000Z | Z9: 115 | AB9: 2026-01-30T20:33:35.5230000Z
A10: 7035 | B10: T2-25_BDSDF102 | C10: Data Preprocessing (BS) | D10: BS - Data Science &amp; AI | E10: dept_bs_dsai | F10: 6653 | G10: Trimester 2 | H10: 228 | I10: 2025eb1100003@bitspilani-digital.edu.in | J10: 2025EB1100003 | K10: AJAYACHANDRAN.E | L10: 45 | M10: 158 | N10: 0 | O10: 6 | P10: 8 | Q10: 3 | R10: 0 | S10: 0 | T10: 2026-02-07T23:08:17.5300000Z | U10: 0 | W10: 24234 | X10: 2026-02-09T00:32:41.3400000Z | Y10: 2026-02-08T23:02:38.0030000Z | Z10: 115 | AB10: 2026-02-09T00:31:45.6730000Z
A11: 7035 | B11: T2-25_BDSDF102 | C11: Data Preprocessing (BS) | D11: BS - Data Science &amp; AI | E11: dept_bs_dsai | F11: 6653 | G11: Trimester 2 | H11: 229 | I11: 2025eb1100004@bitspilani-digital.edu.in | J11: 2025EB1100004 | K11: ARUNLAL P | L11: 1 | M11: 158 | N11: 0 | O11: 0 | P11: 0 | Q11: 0 | R11: 0 | S11: 0 | U11: 0 | W11: 0 | X11: 2026-01-19T08:25:52.9870000Z | Y11: 2026-02-08T15:52:25.5800000Z | Z11: 151
A12: 7034 | B12: T2-25_BDSDF106 | C12: Data Structures for Data Science | D12: BS - Data Science &amp; AI | E12: dept_bs_dsai | F12: 6653 | G12: Trimester 2 | H12: 229 | I12: 2025eb1100004@bitspilani-digital.edu.in | J12: 2025EB1100004 | K12: ARUNLAL P | L12: 0 | M12: 154 | N12: 0 | O12: 0 | P12: 0 | Q12: 0 | R12: 0 | S12: 0 | U12: 0 | W12: 0 | X12: 2026-01-17T14:38:56.5370000Z | Y12: 2026-02-08T15:52:25.5800000Z | Z12: 151
A13: 7032 | B13: T2-25_BDSDF107 | C13: Fundamentals of Data Science and Engineering | D13: BS - Data Science &amp; AI | E13: dept_bs_dsai | F13: 6653 | G13: Trimester 2 | H13: 229 | I13: 2025eb1100004@bitspilani-digital.edu.in | J13: 2025EB1100004 | K13: ARUNLAL P | L13: 1 | M13: 112 | N13: 0 | O13: 1 | P13: 1 | Q13: 0 | R13: 0 | S13: 0 | U13: 0 | W13: 0 | X13: 2026-02-08T15:58:42.1600000Z | Y13: 2026-02-08T15:52:25.5800000Z | Z13: 151 | AB13: 2026-02-08T15:58:35.0330000Z
A14: 7033 | B14: T2-25_BDSDF110 | C14: Linear Algebra | D14: BS - Data Science &amp; AI | E14: dept_bs_dsai | F14: 6653 | G14: Trimester 2 | H14: 229 | I14: 2025eb1100004@bitspilani-digital.edu.in | J14: 2025EB1100004 | K14: ARUNLAL P | L14: 0 | M14: 86 | N14: 0 | O14: 0 | P14: 0 | Q14: 0 | R14: 0 | S14: 0 | U14: 0 | W14: 0 | Y14: 2026-02-08T15:52:25.5800000Z | Z14: 151
A15: 7033 | B15: T2-25_BDSDF110 | C15: Linear Algebra | D15: BS - Data Science &amp; AI | E15: dept_bs_dsai | F15: 6653 | G15: Trimester 2 | H15: 231 | I15: 2025eb1100006@bitspilani-digital.edu.in | J15: 2025EB1100006 | K15: JAL PATEL | L15: 1 | M15: 86 | N15: 0 | O15: 1 | P15: 1 | Q15: 0 | R15: 0 | S15: 0 | U15: 0 | W15: 0 | X15: 2026-02-08T08:16:42.7600000Z | Y15: 2026-02-08T07:51:39.3430000Z | Z15: 73 | AB15: 2026-02-08T08:12:38.5830000Z
A16: 7032 | B16: T2-25_BDSDF107 | C16: Fundamentals of Data Science and Engineering | D16: BS - Data Science &amp; AI | E16: dept_bs_dsai | F16: 6653 | G16: Trimester 2 | H16: 231 | I16: 2025eb1100006@bitspilani-digital.edu.in | J16: 2025EB1100006 | K16: JAL PATEL | L16: 2 | M16: 112 | N16: 0 | O16: 2 | P16: 2 | Q16: 0 | R16: 0 | S16: 0 | U16: 0 | W16: 0 | X16: 2026-02-08T08:17:07.8730000Z | Y16: 2026-02-08T07:51:39.3430000Z | Z16: 73 | AB16: 2026-02-08T08:02:33.4500000Z
A17: 7034 | B17: T2-25_BDSDF106 | C17: Data Structures for Data Science | D17: BS - Data Science &amp; AI | E17: dept_bs_dsai | F17: 6653 | G17: Trimester 2 | H17: 231 | I17: 2025eb1100006@bitspilani-digital.edu.in | J17: 2025EB1100006 | K17: JAL PATEL | L17: 1 | M17: 154 | N17: 0 | O17: 1 | P17: 1 | Q17: 0 | R17: 0 | S17: 0 | U17: 0 | W17: 0 | X17: 2026-02-08T08:17:33.9070000Z | Y17: 2026-02-08T07:51:39.3430000Z | Z17: 73 | AB17: 2026-02-08T08:15:45.7230000Z
A18: 7035 | B18: T2-25_BDSDF102 | C18: Data Preprocessing (BS) | D18: BS - Data Science &amp; AI | E18: dept_bs_dsai | F18: 6653 | G18: Trimester 2 | H18: 231 | I18: 2025eb1100006@bitspilani-digital.edu.in | J18: 2025EB1100006 | K18: JAL PATEL | L18: 0 | M18: 158 | N18: 0 | O18: 0 | P18: 0 | Q18: 0 | R18: 0 | S18: 0 | U18: 0 | W18: 0 | X18: 2026-02-08T08:16:57.8270000Z | Y18: 2026-02-08T07:51:39.3430000Z | Z18: 73
A19: 7021 | B19: T2-25_BDSDF113 | C19: Computer Programming | D19: BS - Data Science &amp; AI | E19: dept_bs_dsai | F19: 6653 | G19: Trimester 2 | H19: 232 | I19: 2025eb1100007@bitspilani-digital.edu.in | J19: 2025EB1100007 | K19: HARSHVARDHAN SINGH | L19: 10 | M19: 356 | N19: 0 | O19: 4 | P19: 4 | Q19: 0 | R19: 0 | S19: 0 | U19: 0 | W19: 24662 | X19: 2026-02-08T02:54:21.2930000Z | Y19: 2026-02-10T09:45:44.0430000Z | Z19: 68 | AB19: 2026-02-08T02:54:12.8470000Z | AC19: 2026-01-30T14:05:06.5370000Z | AD19: 2026-02-05T07:23:03.0770000Z
A20: 7022 | B20: T2-25_BDSDF114 | C20: Probability & Statistics | D20: BS - Data Science &amp; AI | E20: dept_bs_dsai | F20: 6653 | G20: Trimester 2 | H20: 232 | I20: 2025eb1100007@bitspilani-digital.edu.in | J20: 2025EB1100007 | K20: HARSHVARDHAN SINGH | L20: 1 | M20: 326 | N20: 0 | O20: 1 | P20: 1 | Q20: 0 | R20: 0 | S20: 0 | U20: 0 | W20: 0 | X20: 2026-02-08T02:56:47.4770000Z | Y20: 2026-02-10T09:45:44.0430000Z | Z20: 68 | AB20: 2026-02-08T02:56:43.8530000Z
A21: 7025 | B21: T2-25_BDSDF108 | C21: Computing Systems | D21: BS - Data Science &amp; AI | E21: dept_bs_dsai | F21: 6653 | G21: Trimester 2 | H21: 232 | I21: 2025eb1100007@bitspilani-digital.edu.in | J21: 2025EB1100007 | K21: HARSHVARDHAN SINGH | L21: 1 | M21: 267 | N21: 0 | O21: 1 | P21: 1 | Q21: 0 | R21: 0 | S21: 0 | U21: 0 | W21: 0 | X21: 2026-02-08T03:02:53.3470000Z | Y21: 2026-02-10T09:45:44.0430000Z | Z21: 68 | AB21: 2026-02-08T03:02:49.6200000Z
A22: 7024 | B22: T2-25_BDSDF101 | C22: Data and the World | D22: BS - Data Science &amp; AI | E22: dept_bs_dsai | F22: 6653 | G22: Trimester 2 | H22: 232 | I22: 2025eb1100007@bitspilani-digital.edu.in | J22: 2025EB1100007 | K22: HARSHVARDHAN SINGH | L22: 0 | M22: 53 | N22: 0 | O22: 0 | P22: 0 | Q22: 0 | R22: 0 | S22: 0 | U22: 0 | W22: 0 | Y22: 2026-02-10T09:45:44.0430000Z | Z22: 68
A23: 7035 | B23: T2-25_BDSDF102 | C23: Data Preprocessing (BS) | D23: BS - Data Science &amp; AI | E23: dept_bs_dsai | F23: 6653 | G23: Trimester 2 | H23: 233 | I23: 2025eb1100008@bitspilani-digital.edu.in | J23: 2025EB1100008 | K23: KALYANE VENKATESH NISHIKANT | L23: 5 | M23: 158 | N23: 0 | O23: 1 | P23: 1 | Q23: 0 | R23: 0 | S23: 0 | U23: 0 | W23: 6803 | X23: 2026-02-10T10:37:54.0070000Z | Y23: 2026-02-10T10:33:24.8730000Z | Z23: 109 | AB23: 2026-02-10T10:37:42.3600000Z
A24: 7034 | B24: T2-25_BDSDF106 | C24: Data Structures for Data Science | D24: BS - Data Science &amp; AI | E24: dept_bs_dsai | F24: 6653 | G24: Trimester 2 | H24: 233 | I24: 2025eb1100008@bitspilani-digital.edu.in | J24: 2025EB1100008 | K24: KALYANE VENKATESH NISHIKANT | L24: 1 | M24: 154 | N24: 0 | O24: 1 | P24: 1 | Q24: 0 | R24: 0 | S24: 0 | U24: 0 | W24: 0 | X24: 2026-02-10T10:50:08.8370000Z | Y24: 2026-02-10T10:33:24.8730000Z | Z24: 109 | AB24: 2026-02-10T10:49:31.4930000Z
A25: 7032 | B25: T2-25_BDSDF107 | C25: Fundamentals of Data Science and Engineering | D25: BS - Data Science &amp; AI | E25: dept_bs_dsai | F25: 6653 | G25: Trimester 2 | H25: 233 | I25: 2025eb1100008@bitspilani-digital.edu.in | J25: 2025EB1100008 | K25: KALYANE VENKATESH NISHIKANT | L25: 5 | M25: 112 | N25: 0 | O25: 1 | P25: 1 | Q25: 0 | R25: 0 | S25: 0 | U25: 0 | W25: 3889 | X25: 2026-02-07T15:34:29.9030000Z | Y25: 2026-02-10T10:33:24.8730000Z | Z25: 109 | AB25: 2026-02-07T15:34:10.0200000Z
A26: 7033 | B26: T2-25_BDSDF110 | C26: Linear Algebra | D26: BS - Data Science &amp; AI | E26: dept_bs_dsai | F26: 6653 | G26: Trimester 2 | H26: 233 | I26: 2025eb1100008@bitspilani-digital.edu.in | J26: 2025EB1100008 | K26: KALYANE VENKATESH NISHIKANT | L26: 1 | M26: 86 | N26: 0 | O26: 1 | P26: 1 | Q26: 0 | R26: 0 | S26: 0 | U26: 0 | W26: 0 | X26: 2026-02-10T11:11:09.2670000Z | Y26: 2026-02-10T10:33:24.8730000Z | Z26: 109 | AB26: 2026-02-10T11:11:01.2030000Z
A27: 7024 | B27: T2-25_BDSDF101 | C27: Data and the World | D27: BS - Data Science &amp; AI | E27: dept_bs_dsai | F27: 6653 | G27: Trimester 2 | H27: 234 | I27: 2025eb1100009@bitspilani-digital.edu.in | J27: 2025EB1100009 | K27: ALI ZAFAR RIZVI | L27: 0 | M27: 53 | N27: 0 | O27: 0 | P27: 0 | Q27: 0 | R27: 0 | S27: 0 | U27: 0 | W27: 0 | Y27: 2026-02-08T17:27:11.8430000Z | Z27: 7
A28: 7025 | B28: T2-25_BDSDF108 | C28: Computing Systems | D28: BS - Data Science &amp; AI | E28: dept_bs_dsai | F28: 6653 | G28: Trimester 2 | H28: 234 | I28: 2025eb1100009@bitspilani-digital.edu.in | J28: 2025EB1100009 | K28: ALI ZAFAR RIZVI | L28: 0 | M28: 267 | N28: 0 | O28: 0 | P28: 0 | Q28: 0 | R28: 0 | S28: 0 | U28: 0 | W28: 0 | Y28: 2026-02-08T17:27:11.8430000Z | Z28: 7
A29: 7022 | B29: T2-25_BDSDF114 | C29: Probability & Statistics | D29: BS - Data Science &amp; AI | E29: dept_bs_dsai | F29: 6653 | G29: Trimester 2 | H29: 234 | I29: 2025eb1100009@bitspilani-digital.edu.in | J29: 2025EB1100009 | K29: ALI ZAFAR RIZVI | L29: 0 | M29: 326 | N29: 0 | O29: 0 | P29: 0 | Q29: 0 | R29: 0 | S29: 0 | U29: 0 | W29: 0 | Y29: 2026-02-08T17:27:11.8430000Z | Z29: 7
A30: 7023 | B30: T2-25_BDSDF112 | C30: Writing Practice | D30: BS - Data Science &amp; AI | E30: dept_bs_dsai | F30: 6653 | G30: Trimester 2 | H30: 234 | I30: 2025eb1100009@bitspilani-digital.edu.in | J30: 2025EB1100009 | K30: ALI ZAFAR RIZVI | L30: 0 | M30: 209 | N30: 0 | O30: 0 | P30: 0 | Q30: 0 | R30: 0 | S30: 0 | U30: 0 | W30: 0 | Y30: 2026-02-08T17:27:11.8430000Z | Z30: 7
A31: 7021 | B31: T2-25_BDSDF113 | C31: Computer Programming | D31: BS - Data Science &amp; AI | E31: dept_bs_dsai | F31: 6653 | G31: Trimester 2 | H31: 234 | I31: 2025eb1100009@bitspilani-digital.edu.in | J31: 2025EB1100009 | K31: ALI ZAFAR RIZVI | L31: 0 | M31: 356 | N31: 0 | O31: 0 | P31: 0 | Q31: 0 | R31: 0 | S31: 0 | U31: 0 | W31: 0 | Y31: 2026-02-08T17:27:11.8430000Z | Z31: 7
A32: 7033 | B32: T2-25_BDSDF110 | C32: Linear Algebra | D32: BS - Data Science &amp; AI | E32: dept_bs_dsai | F32: 6653 | G32: Trimester 2 | H32: 235 | I32: 2025eb1100010@bitspilani-digital.edu.in | J32: 2025EB1100010 | K32: HARSHITA JAIN | L32: 0 | M32: 86 | N32: 0 | O32: 0 | P32: 0 | Q32: 0 | R32: 0 | S32: 0 | U32: 0 | W32: 0 | X32: 2026-02-10T08:06:10.0870000Z | Y32: 2026-02-10T08:06:02.6430000Z | Z32: 171
A33: 7032 | B33: T2-25_BDSDF107 | C33: Fundamentals of Data Science and Engineering | D33: BS - Data Science &amp; AI | E33: dept_bs_dsai | F33: 6653 | G33: Trimester 2 | H33: 235 | I33: 2025eb1100010@bitspilani-digital.edu.in | J33: 2025EB1100010 | K33: HARSHITA JAIN | L33: 4 | M33: 112 | N33: 0 | O33: 2 | P33: 2 | Q33: 0 | R33: 0 | S33: 0 | U33: 0 | W33: 14 | X33: 2026-02-08T14:39:37.0530000Z | Y33: 2026-02-10T08:06:02.6430000Z | Z33: 171 | AB33: 2026-02-08T14:39:30.3800000Z
A34: 7034 | B34: T2-25_BDSDF106 | C34: Data Structures for Data Science | D34: BS - Data Science &amp; AI | E34: dept_bs_dsai | F34: 6653 | G34: Trimester 2 | H34: 235 | I34: 2025eb1100010@bitspilani-digital.edu.in | J34: 2025EB1100010 | K34: HARSHITA JAIN | L34: 3 | M34: 154 | N34: 0 | O34: 0 | P34: 0 | Q34: 0 | R34: 0 | S34: 0 | U34: 0 | W34: 22 | X34: 2026-02-10T08:06:16.2930000Z | Y34: 2026-02-10T08:06:02.6430000Z | Z34: 171
A35: 7035 | B35: T2-25_BDSDF102 | C35: Data Preprocessing (BS) | D35: BS - Data Science &amp; AI | E35: dept_bs_dsai | F35: 6653 | G35: Trimester 2 | H35: 235 | I35: 2025eb1100010@bitspilani-digital.edu.in | J35: 2025EB1100010 | K35: HARSHITA JAIN | L35: 10 | M35: 158 | N35: 0 | O35: 0 | P35: 0 | Q35: 0 | R35: 0 | S35: 0 | U35: 0 | W35: 9593 | X35: 2026-02-10T08:06:21.8130000Z | Y35: 2026-02-10T08:06:02.6430000Z | Z35: 171
A36: 7021 | B36: T2-25_BDSDF113 | C36: Computer Programming | D36: BS - Data Science &amp; AI | E36: dept_bs_dsai | F36: 6653 | G36: Trimester 2 | H36: 237 | I36: 2025eb1100012@bitspilani-digital.edu.in | J36: 2025EB1100012 | K36: SANTOSH SHRIKHANDE | L36: 0 | M36: 356 | N36: 0 | O36: 0 | P36: 0 | Q36: 0 | R36: 0 | S36: 0 | U36: 0 | W36: 0 | Y36: 2026-02-10T09:17:06.8000000Z | Z36: 120
A37: 7022 | B37: T2-25_BDSDF114 | C37: Probability & Statistics | D37: BS - Data Science &amp; AI | E37: dept_bs_dsai | F37: 6653 | G37: Trimester 2 | H37: 237 | I37: 2025eb1100012@bitspilani-digital.edu.in | J37: 2025EB1100012 | K37: SANTOSH SHRIKHANDE | L37: 17 | M37: 326 | N37: 0 | O37: 4 | P37: 5 | Q37: 0 | R37: 0 | S37: 0 | U37: 0 | W37: 3443 | X37: 2026-02-10T10:48:13.0130000Z | Y37: 2026-02-10T09:17:06.8000000Z | Z37: 120 | AB37: 2026-02-10T10:48:04.4030000Z | AC37: 2026-02-10T10:48:19.7300000Z | AD37: 2026-02-10T10:48:19.7270000Z
A38: 7021 | B38: T2-25_BDSDF113 | C38: Computer Programming | D38: BS - Data Science &amp; AI | E38: dept_bs_dsai | F38: 6653 | G38: Trimester 2 | H38: 238 | I38: 2025eb1100013@bitspilani-digital.edu.in | J38: 2025EB1100013 | K38: AKSHITHA IMMACULATE A | L38: 0 | M38: 356 | N38: 0 | O38: 0 | P38: 0 | Q38: 0 | R38: 0 | S38: 0 | U38: 0 | W38: 0 | Y38: 2026-01-30T14:24:09.0330000Z | Z38: 100
A39: 7025 | B39: T2-25_BDSDF108 | C39: Computing Systems | D39: BS - Data Science &amp; AI | E39: dept_bs_dsai | F39: 6653 | G39: Trimester 2 | H39: 238 | I39: 2025eb1100013@bitspilani-digital.edu.in | J39: 2025EB1100013 | K39: AKSHITHA IMMACULATE A | L39: 0 | M39: 267 | N39: 0 | O39: 0 | P39: 0 | Q39: 0 | R39: 0 | S39: 0 | U39: 0 | W39: 0 | Y39: 2026-01-30T14:24:09.0330000Z | Z39: 100
A40: 7032 | B40: T2-25_BDSDF107 | C40: Fundamentals of Data Science and Engineering | D40: BS - Data Science &amp; AI | E40: dept_bs_dsai | F40: 6653 | G40: Trimester 2 | H40: 238 | I40: 2025eb1100013@bitspilani-digital.edu.in | J40: 2025EB1100013 | K40: AKSHITHA IMMACULATE A | L40: 0 | M40: 112 | N40: 0 | O40: 0 | P40: 0 | Q40: 0 | R40: 0 | S40: 0 | U40: 0 | W40: 0 | X40: 2026-01-18T11:10:10.2200000Z | Y40: 2026-01-30T14:24:09.0330000Z | Z40: 100
A41: 7033 | B41: T2-25_BDSDF110 | C41: Linear Algebra | D41: BS - Data Science &amp; AI | E41: dept_bs_dsai | F41: 6653 | G41: Trimester 2 | H41: 238 | I41: 2025eb1100013@bitspilani-digital.edu.in | J41: 2025EB1100013 | K41: AKSHITHA IMMACULATE A | L41: 0 | M41: 86 | N41: 0 | O41: 0 | P41: 0 | Q41: 0 | R41: 0 | S41: 0 | U41: 0 | W41: 0 | Y41: 2026-01-30T14:24:09.0330000Z | Z41: 100
A42: 7034 | B42: T2-25_BDSDF106 | C42: Data Structures for Data Science | D42: BS - Data Science &amp; AI | E42: dept_bs_dsai | F42: 6653 | G42: Trimester 2 | H42: 239 | I42: 2025eb1100014@bitspilani-digital.edu.in | J42: 2025EB1100014 | K42: SURYA A | L42: 61 | M42: 154 | N42: 0 | O42: 8 | P42: 8 | Q42: 0 | R42: 0 | S42: 0 | U42: 0 | W42: 52849 | X42: 2026-02-09T15:46:33.2500000Z | Y42: 2026-02-09T15:44:09.7300000Z | Z42: 200 | AB42: 2026-02-09T15:46:22.7570000Z | AC42: 2026-01-19T09:41:03.9430000Z | AD42: 2026-01-28T20:04:48.0130000Z
A43: 7022 | B43: T2-25_BDSDF114 | C43: Probability & Statistics | D43: BS - Data Science &amp; AI | E43: dept_bs_dsai | F43: 6653 | G43: Trimester 2 | H43: 239 | I43: 2025eb1100014@bitspilani-digital.edu.in | J43: 2025EB1100014 | K43: SURYA A | L43: 13 | M43: 326 | N43: 0 | O43: 2 | P43: 3 | Q43: 0 | R43: 0 | S43: 0 | U43: 0 | W43: 7223 | X43: 2026-02-09T15:49:52.3800000Z | Y43: 2026-02-09T15:44:09.7300000Z | Z43: 200 | AB43: 2026-02-09T15:49:48.9800000Z | AC43: 2026-01-21T10:07:30.9030000Z | AD43: 2026-01-21T10:07:30.9130000Z
A44: 7034 | B44: T2-25_BDSDF106 | C44: Data Structures for Data Science | D44: BS - Data Science &amp; AI | E44: dept_bs_dsai | F44: 6653 | G44: Trimester 2 | H44: 240 | I44: 2025eb1100015@bitspilani-digital.edu.in | J44: 2025EB1100015 | K44: TADIMALLA ADITI | L44: 13 | M44: 154 | N44: 0 | O44: 4 | P44: 4 | Q44: 0 | R44: 0 | S44: 0 | U44: 0 | W44: 43739 | X44: 2026-02-10T03:06:34.9530000Z | Y44: 2026-02-10T03:06:30.3670000Z | Z44: 239 | AB44: 2026-02-08T17:30:39.1400000Z | AC44: 2026-02-10T03:20:58.8370000Z | AD44: 2026-02-10T03:20:58.8400000Z
A45: 7035 | B45: T2-25_BDSDF102 | C45: Data Preprocessing (BS) | D45: BS - Data Science &amp; AI | E45: dept_bs_dsai | F45: 6653 | G45: Trimester 2 | H45: 240 | I45: 2025eb1100015@bitspilani-digital.edu.in | J45: 2025EB1100015 | K45: TADIMALLA ADITI | L45: 5 | M45: 158 | N45: 0 | O45: 0 | P45: 0 | Q45: 0 | R45: 0 | S45: 0 | U45: 0 | W45: 18 | X45: 2026-02-07T15:50:34.0700000Z | Y45: 2026-02-10T03:06:30.3670000Z | Z45: 239
A46: 7033 | B46: T2-25_BDSDF110 | C46: Linear Algebra | D46: BS - Data Science &amp; AI | E46: dept_bs_dsai | F46: 6653 | G46: Trimester 2 | H46: 240 | I46: 2025eb1100015@bitspilani-digital.edu.in | J46: 2025EB1100015 | K46: TADIMALLA ADITI | L46: 41 | M46: 86 | N46: 0 | O46: 12 | P46: 12 | Q46: 0 | R46: 0 | S46: 0 | U46: 0 | W46: 7515 | X46: 2026-02-09T14:17:22.6930000Z | Y46: 2026-02-10T03:06:30.3670000Z | Z46: 239 | AB46: 2026-02-09T14:16:46.7530000Z | AC46: 2026-02-09T03:13:18.3970000Z | AD46: 2026-02-09T03:13:18.3930000Z
A47: 7032 | B47: T2-25_BDSDF107 | C47: Fundamentals of Data Science and Engineering | D47: BS - Data Science &amp; AI | E47: dept_bs_dsai | F47: 6653 | G47: Trimester 2 | H47: 240 | I47: 2025eb1100015@bitspilani-digital.edu.in | J47: 2025EB1100015 | K47: TADIMALLA ADITI | L47: 37 | M47: 112 | N47: 0 | O47: 6 | P47: 6 | Q47: 0 | R47: 0 | S47: 0 | U47: 0 | W47: 46448 | X47: 2026-02-07T16:43:43.8370000Z | Y47: 2026-02-10T03:06:30.3670000Z | Z47: 239 | AB47: 2026-02-07T16:43:37.4230000Z
A48: 7022 | B48: T2-25_BDSDF114 | C48: Probability & Statistics | D48: BS - Data Science &amp; AI | E48: dept_bs_dsai | F48: 6653 | G48: Trimester 2 | H48: 241 | I48: 2025eb1100016@bitspilani-digital.edu.in | J48: 2025EB1100016 | K48: AKASH.T | L48: 1 | M48: 326 | N48: 0 | O48: 0 | P48: 0 | Q48: 0 | R48: 0 | S48: 0 | U48: 0 | W48: 0 | X48: 2026-01-31T13:57:33.1100000Z | Y48: 2026-02-10T07:41:00.5100000Z | Z48: 184
A49: 7021 | B49: T2-25_BDSDF113 | C49: Computer Programming | D49: BS - Data Science &amp; AI | E49: dept_bs_dsai | F49: 6653 | G49: Trimester 2 | H49: 241 | I49: 2025eb1100016@bitspilani-digital.edu.in | J49: 2025EB1100016 | K49: AKASH.T | L49: 1 | M49: 356 | N49: 0 | O49: 0 | P49: 0 | Q49: 0 | R49: 0 | S49: 0 | U49: 0 | W49: 0 | X49: 2026-02-10T08:00:24.7500000Z | Y49: 2026-02-10T07:41:00.5100000Z | Z49: 184
A50: 7032 | B50: T2-25_BDSDF107 | C50: Fundamentals of Data Science and Engineering | D50: BS - Data Science &amp; AI | E50: dept_bs_dsai | F50: 6653 | G50: Trimester 2 | H50: 243 | I50: 2025eb1100018@bitspilani-digital.edu.in | J50: 2025EB1100018 | K50: NIMMAGANTI SUMAHE | L50: 52 | M50: 112 | N50: 0 | O50: 7 | P50: 7 | Q50: 0 | R50: 0 | S50: 0 | U50: 0 | W50: 14750 | X50: 2026-02-08T21:41:02.6170000Z | Y50: 2026-02-10T10:32:31.4130000Z | Z50: 324 | AB50: 2026-02-08T21:40:36.1730000Z
A51: 7033 | B51: T2-25_BDSDF110 | C51: Linear Algebra | D51: BS - Data Science &amp; AI | E51: dept_bs_dsai | F51: 6653 | G51: Trimester 2 | H51: 243 | I51: 2025eb1100018@bitspilani-digital.edu.in | J51: 2025EB1100018 | K51: NIMMAGANTI SUMAHE | L51: 61 | M51: 86 | N51: 0 | O51: 16 | P51: 17 | Q51: 4 | R51: 0 | S51: 0 | T51: 2026-02-08T20:09:50.6830000Z | U51: 0 | W51: 25463 | X51: 2026-02-09T12:51:37.3100000Z | Y51: 2026-02-10T10:32:31.4130000Z | Z51: 324 | AB51: 2026-02-08T20:01:37.7070000Z | AC51: 2026-02-08T20:01:57.0970000Z | AD51: 2026-02-08T20:01:57.0970000Z
A52: 7035 | B52: T2-25_BDSDF102 | C52: Data Preprocessing (BS) | D52: BS - Data Science &amp; AI | E52: dept_bs_dsai | F52: 6653 | G52: Trimester 2 | H52: 243 | I52: 2025eb1100018@bitspilani-digital.edu.in | J52: 2025EB1100018 | K52: NIMMAGANTI SUMAHE | L52: 81 | M52: 158 | N52: 0 | O52: 27 | P52: 27 | Q52: 0 | R52: 0 | S52: 0 | U52: 0 | W52: 28046 | X52: 2026-02-08T20:10:27.6930000Z | Y52: 2026-02-10T10:32:31.4130000Z | Z52: 324 | AB52: 2026-02-08T14:32:46.4930000Z
A53: 7034 | B53: T2-25_BDSDF106 | C53: Data Structures for Data Science | D53: BS - Data Science &amp; AI | E53: dept_bs_dsai | F53: 6653 | G53: Trimester 2 | H53: 243 | I53: 2025eb1100018@bitspilani-digital.edu.in | J53: 2025EB1100018 | K53: NIMMAGANTI SUMAHE | L53: 101 | M53: 154 | N53: 0 | O53: 33 | P53: 33 | Q53: 0 | R53: 0 | S53: 0 | U53: 0 | W53: 30678 | X53: 2026-02-10T11:01:21.4600000Z | Y53: 2026-02-10T10:32:31.4130000Z | Z53: 324 | AB53: 2026-02-10T11:01:16.6600000Z | AC53: 2026-02-10T11:01:47.6670000Z | AD53: 2026-02-10T11:01:53.1170000Z
A54: 7022 | B54: T2-25_BDSDF114 | C54: Probability & Statistics | D54: BS - Data Science &amp; AI | E54: dept_bs_dsai | F54: 6653 | G54: Trimester 2 | H54: 244 | I54: 2025eb1100019@bitspilani-digital.edu.in | J54: 2025EB1100019 | K54: NITISH KUMAR | L54: 6 | M54: 326 | N54: 0 | O54: 1 | P54: 1 | Q54: 0 | R54: 0 | S54: 0 | U54: 0 | W54: 763 | X54: 2026-02-08T15:01:55.8400000Z | Y54: 2026-02-09T18:25:38.1170000Z | Z54: 124 | AB54: 2026-02-08T15:01:36.1370000Z
A55: 7025 | B55: T2-25_BDSDF108 | C55: Computing Systems | D55: BS - Data Science &amp; AI | E55: dept_bs_dsai | F55: 6653 | G55: Trimester 2 | H55: 244 | I55: 2025eb1100019@bitspilani-digital.edu.in | J55: 2025EB1100019 | K55: NITISH KUMAR | L55: 15 | M55: 267 | N55: 0 | O55: 4 | P55: 4 | Q55: 0 | R55: 0 | S55: 0 | U55: 0 | W55: 9984 | X55: 2026-02-09T20:04:12.7870000Z | Y55: 2026-02-09T18:25:38.1170000Z | Z55: 124 | AB55: 2026-02-09T20:04:02.3630000Z | AC55: 2026-02-09T20:04:23.7470000Z | AD55: 2026-02-09T20:04:23.7400000Z
A56: 7025 | B56: T2-25_BDSDF108 | C56: Computing Systems | D56: BS - Data Science &amp; AI | E56: dept_bs_dsai | F56: 6653 | G56: Trimester 2 | H56: 245 | I56: 2025eb1100020@bitspilani-digital.edu.in | J56: 2025EB1100020 | K56: AYUSH JHA | L56: 5 | M56: 267 | N56: 0 | O56: 1 | P56: 1 | Q56: 0 | R56: 0 | S56: 0 | U56: 0 | W56: 66 | X56: 2026-02-08T13:56:05.5670000Z | Y56: 2026-02-09T07:21:41.8230000Z | Z56: 77 | AB56: 2026-02-08T13:55:34.7400000Z | AC56: 2026-01-24T15:44:23.2600000Z | AD56: 2026-01-24T15:44:23.2670000Z
A57: 7024 | B57: T2-25_BDSDF101 | C57: Data and the World | D57: BS - Data Science &amp; AI | E57: dept_bs_dsai | F57: 6653 | G57: Trimester 2 | H57: 245 | I57: 2025eb1100020@bitspilani-digital.edu.in | J57: 2025EB1100020 | K57: AYUSH JHA | L57: 6 | M57: 53 | N57: 0 | O57: 1 | P57: 2 | Q57: 0 | R57: 0 | S57: 0 | U57: 0 | W57: 3667 | X57: 2026-02-08T13:45:56.2370000Z | Y57: 2026-02-09T07:21:41.8230000Z | Z57: 77 | AB57: 2026-01-23T14:50:41.5300000Z | AC57: 2026-01-22T16:36:28.4970000Z | AD57: 2026-01-23T14:35:46.9770000Z
A58: 7022 | B58: T2-25_BDSDF114 | C58: Probability & Statistics | D58: BS - Data Science &amp; AI | E58: dept_bs_dsai | F58: 6653 | G58: Trimester 2 | H58: 245 | I58: 2025eb1100020@bitspilani-digital.edu.in | J58: 2025EB1100020 | K58: AYUSH JHA | L58: 1 | M58: 326 | N58: 0 | O58: 1 | P58: 1 | Q58: 0 | R58: 0 | S58: 0 | U58: 0 | W58: 0 | X58: 2026-02-08T13:45:37.9530000Z | Y58: 2026-02-09T07:21:41.8230000Z | Z58: 77 | AB58: 2026-02-08T13:45:25.1370000Z
A59: 7023 | B59: T2-25_BDSDF112 | C59: Writing Practice | D59: BS - Data Science &amp; AI | E59: dept_bs_dsai | F59: 6653 | G59: Trimester 2 | H59: 245 | I59: 2025eb1100020@bitspilani-digital.edu.in | J59: 2025EB1100020 | K59: AYUSH JHA | L59: 9 | M59: 209 | N59: 0 | O59: 3 | P59: 3 | Q59: 0 | R59: 0 | S59: 0 | U59: 0 | W59: 4460 | X59: 2026-02-08T13:56:29.6600000Z | Y59: 2026-02-09T07:21:41.8230000Z | Z59: 77 | AB59: 2026-02-05T15:47:52.5270000Z
A60: 7021 | B60: T2-25_BDSDF113 | C60: Computer Programming | D60: BS - Data Science &amp; AI | E60: dept_bs_dsai | F60: 6653 | G60: Trimester 2 | H60: 245 | I60: 2025eb1100020@bitspilani-digital.edu.in | J60: 2025EB1100020 | K60: AYUSH JHA | L60: 21 | M60: 356 | N60: 0 | O60: 6 | P60: 8 | Q60: 0 | R60: 0 | S60: 0 | U60: 0 | W60: 4646 | X60: 2026-02-09T07:22:11.7630000Z | Y60: 2026-02-09T07:21:41.8230000Z | Z60: 77 | AB60: 2026-02-08T13:37:04.5700000Z | AC60: 2026-02-09T07:41:28.0400000Z | AD60: 2026-02-09T07:41:28.0400000Z
A61: 7034 | B61: T2-25_BDSDF106 | C61: Data Structures for Data Science | D61: BS - Data Science &amp; AI | E61: dept_bs_dsai | F61: 6653 | G61: Trimester 2 | H61: 246 | I61: 2025eb1100021@bitspilani-digital.edu.in | J61: 2025EB1100021 | K61: R KUSHAL MEHTA | L61: 23 | M61: 154 | N61: 0 | O61: 6 | P61: 7 | Q61: 0 | R61: 0 | S61: 0 | U61: 0 | W61: 7042 | X61: 2026-02-10T05:22:24.8300000Z | Y61: 2026-02-10T05:04:12.6300000Z | Z61: 274 | AB61: 2026-02-10T05:22:18.0230000Z | AC61: 2026-02-04T11:22:17.7870000Z | AD61: 2026-02-05T12:29:06.3170000Z
A62: 7035 | B62: T2-25_BDSDF102 | C62: Data Preprocessing (BS) | D62: BS - Data Science &amp; AI | E62: dept_bs_dsai | F62: 6653 | G62: Trimester 2 | H62: 246 | I62: 2025eb1100021@bitspilani-digital.edu.in | J62: 2025EB1100021 | K62: R KUSHAL MEHTA | L62: 29 | M62: 158 | N62: 0 | O62: 8 | P62: 10 | Q62: 0 | R62: 0 | S62: 0 | U62: 0 | W62: 13207 | X62: 2026-02-10T05:27:57.6630000Z | Y62: 2026-02-10T05:04:12.6300000Z | Z62: 274 | AB62: 2026-02-10T05:27:09.6830000Z
A63: 7033 | B63: T2-25_BDSDF110 | C63: Linear Algebra | D63: BS - Data Science &amp; AI | E63: dept_bs_dsai | F63: 6653 | G63: Trimester 2 | H63: 246 | I63: 2025eb1100021@bitspilani-digital.edu.in | J63: 2025EB1100021 | K63: R KUSHAL MEHTA | L63: 7 | M63: 86 | N63: 0 | O63: 1 | P63: 1 | Q63: 0 | R63: 0 | S63: 0 | U63: 0 | W63: 1150 | X63: 2026-02-10T05:18:21.8000000Z | Y63: 2026-02-10T05:04:12.6300000Z | Z63: 274 | AB63: 2026-02-10T05:18:16.5670000Z | AC63: 2026-01-29T13:05:35.3030000Z | AD63: 2026-01-29T13:05:35.3030000Z
A64: 7032 | B64: T2-25_BDSDF107 | C64: Fundamentals of Data Science and Engineering | D64: BS - Data Science &amp; AI | E64: dept_bs_dsai | F64: 6653 | G64: Trimester 2 | H64: 246 | I64: 2025eb1100021@bitspilani-digital.edu.in | J64: 2025EB1100021 | K64: R KUSHAL MEHTA | L64: 27 | M64: 112 | N64: 0 | O64: 4 | P64: 5 | Q64: 1 | R64: 0 | S64: 0 | T64: 2026-02-08T17:15:09.4430000Z | U64: 0 | W64: 4062 | X64: 2026-02-10T05:29:26.5130000Z | Y64: 2026-02-10T05:04:12.6300000Z | Z64: 274 | AB64: 2026-02-10T05:09:13.6330000Z
A65: 7033 | B65: T2-25_BDSDF110 | C65: Linear Algebra | D65: BS - Data Science &amp; AI | E65: dept_bs_dsai | F65: 6653 | G65: Trimester 2 | H65: 247 | I65: 2025eb1100022@bitspilani-digital.edu.in | J65: 2025EB1100022 | K65: SUBHOM KAR | L65: 0 | M65: 86 | N65: 0 | O65: 0 | P65: 0 | Q65: 0 | R65: 0 | S65: 0 | U65: 0 | W65: 0 | Y65: 2026-02-03T15:32:41.9600000Z | Z65: 46
A66: 7034 | B66: T2-25_BDSDF106 | C66: Data Structures for Data Science | D66: BS - Data Science &amp; AI | E66: dept_bs_dsai | F66: 6653 | G66: Trimester 2 | H66: 247 | I66: 2025eb1100022@bitspilani-digital.edu.in | J66: 2025EB1100022 | K66: SUBHOM KAR | L66: 0 | M66: 154 | N66: 0 | O66: 0 | P66: 0 | Q66: 0 | R66: 0 | S66: 0 | U66: 0 | W66: 0 | Y66: 2026-02-03T15:32:41.9600000Z | Z66: 46
A67: 7024 | B67: T2-25_BDSDF101 | C67: Data and the World | D67: BS - Data Science &amp; AI | E67: dept_bs_dsai | F67: 6653 | G67: Trimester 2 | H67: 247 | I67: 2025eb1100022@bitspilani-digital.edu.in | J67: 2025EB1100022 | K67: SUBHOM KAR | L67: 0 | M67: 53 | N67: 0 | O67: 0 | P67: 0 | Q67: 0 | R67: 0 | S67: 0 | U67: 0 | W67: 0 | Y67: 2026-02-03T15:32:41.9600000Z | Z67: 46
A68: 7025 | B68: T2-25_BDSDF108 | C68: Computing Systems | D68: BS - Data Science &amp; AI | E68: dept_bs_dsai | F68: 6653 | G68: Trimester 2 | H68: 247 | I68: 2025eb1100022@bitspilani-digital.edu.in | J68: 2025EB1100022 | K68: SUBHOM KAR | L68: 0 | M68: 267 | N68: 0 | O68: 0 | P68: 0 | Q68: 0 | R68: 0 | S68: 0 | U68: 0 | W68: 0 | Y68: 2026-02-03T15:32:41.9600000Z | Z68: 46
A69: 7024 | B69: T2-25_BDSDF101 | C69: Data and the World | D69: BS - Data Science &amp; AI | E69: dept_bs_dsai | F69: 6653 | G69: Trimester 2 | H69: 249 | I69: 2025eb1100024@bitspilani-digital.edu.in | J69: 2025EB1100024 | K69: SHOORSEN THIRUNAVUKKARASU K | L69: 6 | M69: 53 | N69: 0 | O69: 0 | P69: 0 | Q69: 0 | R69: 0 | S69: 0 | U69: 0 | W69: 396 | X69: 2026-02-07T13:01:05.0270000Z | Y69: 2026-02-08T06:51:55.3800000Z | Z69: 112 | AC69: 2026-01-29T14:52:13.0470000Z | AD69: 2026-01-29T14:52:13.0600000Z
A70: 7021 | B70: T2-25_BDSDF113 | C70: Computer Programming | D70: BS - Data Science &amp; AI | E70: dept_bs_dsai | F70: 6653 | G70: Trimester 2 | H70: 249 | I70: 2025eb1100024@bitspilani-digital.edu.in | J70: 2025EB1100024 | K70: SHOORSEN THIRUNAVUKKARASU K | L70: 13 | M70: 356 | N70: 0 | O70: 4 | P70: 8 | Q70: 0 | R70: 0 | S70: 0 | U70: 0 | W70: 1785 | X70: 2026-02-08T06:56:25.9930000Z | Y70: 2026-02-08T06:51:55.3800000Z | Z70: 112 | AB70: 2026-02-08T06:55:52.9500000Z | AC70: 2026-01-29T14:37:14.7270000Z | AD70: 2026-01-29T14:37:14.7370000Z
A71: 7033 | B71: T2-25_BDSDF110 | C71: Linear Algebra | D71: BS - Data Science &amp; AI | E71: dept_bs_dsai | F71: 6653 | G71: Trimester 2 | H71: 249 | I71: 2025eb1100024@bitspilani-digital.edu.in | J71: 2025EB1100024 | K71: SHOORSEN THIRUNAVUKKARASU K | L71: 9 | M71: 86 | N71: 0 | O71: 3 | P71: 3 | Q71: 0 | R71: 0 | S71: 0 | U71: 0 | W71: 4129 | X71: 2026-02-08T06:59:50.3870000Z | Y71: 2026-02-08T06:51:55.3800000Z | Z71: 112 | AB71: 2026-02-08T06:59:45.8830000Z | AC71: 2026-01-27T13:34:45.6630000Z | AD71: 2026-01-27T13:34:45.6730000Z
A72: 7033 | B72: T2-25_BDSDF110 | C72: Linear Algebra | D72: BS - Data Science &amp; AI | E72: dept_bs_dsai | F72: 6653 | G72: Trimester 2 | H72: 250 | I72: 2025eb1100025@bitspilani-digital.edu.in | J72: 2025EB1100025 | K72: ADITI G K | L72: 3 | M72: 86 | N72: 0 | O72: 0 | P72: 0 | Q72: 0 | R72: 0 | S72: 0 | U72: 0 | W72: 211 | X72: 2026-02-03T13:02:41.3770000Z | Y72: 2026-02-10T09:51:10.8700000Z | Z72: 49 | AC72: 2026-02-03T13:06:43.4470000Z | AD72: 2026-02-03T13:06:43.4430000Z
A73: 7032 | B73: T2-25_BDSDF107 | C73: Fundamentals of Data Science and Engineering | D73: BS - Data Science &amp; AI | E73: dept_bs_dsai | F73: 6653 | G73: Trimester 2 | H73: 250 | I73: 2025eb1100025@bitspilani-digital.edu.in | J73: 2025EB1100025 | K73: ADITI G K | L73: 0 | M73: 112 | N73: 0 | O73: 0 | P73: 0 | Q73: 0 | R73: 0 | S73: 0 | U73: 0 | W73: 0 | X73: 2026-02-03T13:02:20.8470000Z | Y73: 2026-02-10T09:51:10.8700000Z | Z73: 49
A74: 7035 | B74: T2-25_BDSDF102 | C74: Data Preprocessing (BS) | D74: BS - Data Science &amp; AI | E74: dept_bs_dsai | F74: 6653 | G74: Trimester 2 | H74: 250 | I74: 2025eb1100025@bitspilani-digital.edu.in | J74: 2025EB1100025 | K74: ADITI G K | L74: 0 | M74: 158 | N74: 0 | O74: 0 | P74: 0 | Q74: 0 | R74: 0 | S74: 0 | U74: 0 | W74: 0 | X74: 2026-02-03T13:01:52.5970000Z | Y74: 2026-02-10T09:51:10.8700000Z | Z74: 49
A75: 7025 | B75: T2-25_BDSDF108 | C75: Computing Systems | D75: BS - Data Science &amp; AI | E75: dept_bs_dsai | F75: 6653 | G75: Trimester 2 | H75: 250 | I75: 2025eb1100025@bitspilani-digital.edu.in | J75: 2025EB1100025 | K75: ADITI G K | L75: 0 | M75: 267 | N75: 0 | O75: 0 | P75: 0 | Q75: 0 | R75: 0 | S75: 0 | U75: 0 | W75: 0 | Y75: 2026-02-10T09:51:10.8700000Z | Z75: 49
A76: 7035 | B76: T2-25_BDSDF102 | C76: Data Preprocessing (BS) | D76: BS - Data Science &amp; AI | E76: dept_bs_dsai | F76: 6653 | G76: Trimester 2 | H76: 251 | I76: 2025eb1100026@bitspilani-digital.edu.in | J76: 2025EB1100026 | K76: SWARUP KUMAR PRADHAN | L76: 11 | M76: 158 | N76: 0 | O76: 4 | P76: 4 | Q76: 0 | R76: 0 | S76: 0 | U76: 0 | W76: 1740 | X76: 2026-02-09T14:14:51.3630000Z | Y76: 2026-02-10T03:49:59.1170000Z | Z76: 264 | AB76: 2026-02-08T03:31:43.2300000Z
A77: 7034 | B77: T2-25_BDSDF106 | C77: Data Structures for Data Science | D77: BS - Data Science &amp; AI | E77: dept_bs_dsai | F77: 6653 | G77: Trimester 2 | H77: 251 | I77: 2025eb1100026@bitspilani-digital.edu.in | J77: 2025EB1100026 | K77: SWARUP KUMAR PRADHAN | L77: 1 | M77: 154 | N77: 0 | O77: 1 | P77: 1 | Q77: 0 | R77: 0 | S77: 0 | U77: 0 | W77: 0 | X77: 2026-02-09T14:05:27.6470000Z | Y77: 2026-02-10T03:49:59.1170000Z | Z77: 264 | AB77: 2026-02-08T03:21:54.7530000Z
A78: 7032 | B78: T2-25_BDSDF107 | C78: Fundamentals of Data Science and Engineering | D78: BS - Data Science &amp; AI | E78: dept_bs_dsai | F78: 6653 | G78: Trimester 2 | H78: 251 | I78: 2025eb1100026@bitspilani-digital.edu.in | J78: 2025EB1100026 | K78: SWARUP KUMAR PRADHAN | L78: 3 | M78: 112 | N78: 0 | O78: 2 | P78: 2 | Q78: 0 | R78: 0 | S78: 0 | U78: 0 | W78: 0 | X78: 2026-02-09T14:05:49.8030000Z | Y78: 2026-02-10T03:49:59.1170000Z | Z78: 264 | AB78: 2026-02-07T03:19:13.4730000Z
A79: 7033 | B79: T2-25_BDSDF110 | C79: Linear Algebra | D79: BS - Data Science &amp; AI | E79: dept_bs_dsai | F79: 6653 | G79: Trimester 2 | H79: 251 | I79: 2025eb1100026@bitspilani-digital.edu.in | J79: 2025EB1100026 | K79: SWARUP KUMAR PRADHAN | L79: 2 | M79: 86 | N79: 0 | O79: 2 | P79: 2 | Q79: 0 | R79: 0 | S79: 0 | U79: 0 | W79: 31 | X79: 2026-02-09T14:06:20.6100000Z | Y79: 2026-02-10T03:49:59.1170000Z | Z79: 264 | AB79: 2026-02-08T04:14:05.3230000Z
A80: 7033 | B80: T2-25_BDSDF110 | C80: Linear Algebra | D80: BS - Data Science &amp; AI | E80: dept_bs_dsai | F80: 6653 | G80: Trimester 2 | H80: 254 | I80: 2025eb1100029@bitspilani-digital.edu.in | J80: 2025EB1100029 | K80: AARUSH SHARMA | L80: 11 | M80: 86 | N80: 0 | O80: 3 | P80: 3 | Q80: 0 | R80: 0 | S80: 0 | U80: 0 | W80: 9900 | X80: 2026-02-10T08:26:52.3300000Z | Y80: 2026-02-10T08:26:27.1330000Z | Z80: 134 | AB80: 2026-02-07T21:13:58.4200000Z | AC80: 2026-02-01T19:40:59.0430000Z | AD80: 2026-02-01T19:40:59.0470000Z
A81: 7032 | B81: T2-25_BDSDF107 | C81: Fundamentals of Data Science and Engineering | D81: BS - Data Science &amp; AI | E81: dept_bs_dsai | F81: 6653 | G81: Trimester 2 | H81: 254 | I81: 2025eb1100029@bitspilani-digital.edu.in | J81: 2025EB1100029 | K81: AARUSH SHARMA | L81: 32 | M81: 112 | N81: 0 | O81: 5 | P81: 5 | Q81: 0 | R81: 0 | S81: 0 | U81: 0 | W81: 60457 | X81: 2026-02-09T14:30:48.2130000Z | Y81: 2026-02-10T08:26:27.1330000Z | Z81: 134 | AB81: 2026-02-06T19:13:27.0930000Z
A82: 7034 | B82: T2-25_BDSDF106 | C82: Data Structures for Data Science | D82: BS - Data Science &amp; AI | E82: dept_bs_dsai | F82: 6653 | G82: Trimester 2 | H82: 254 | I82: 2025eb1100029@bitspilani-digital.edu.in | J82: 2025EB1100029 | K82: AARUSH SHARMA | L82: 4 | M82: 154 | N82: 0 | O82: 1 | P82: 1 | Q82: 0 | R82: 0 | S82: 0 | U82: 0 | W82: 25 | X82: 2026-02-09T14:30:02.8730000Z | Y82: 2026-02-10T08:26:27.1330000Z | Z82: 134 | AB82: 2026-02-07T20:53:30.4930000Z | AC82: 2026-01-22T12:39:22.6170000Z | AD82: 2026-01-22T12:39:22.6230000Z
A83: 7035 | B83: T2-25_BDSDF102 | C83: Data Preprocessing (BS) | D83: BS - Data Science &amp; AI | E83: dept_bs_dsai | F83: 6653 | G83: Trimester 2 | H83: 254 | I83: 2025eb1100029@bitspilani-digital.edu.in | J83: 2025EB1100029 | K83: AARUSH SHARMA | L83: 19 | M83: 158 | N83: 0 | O83: 7 | P83: 7 | Q83: 0 | R83: 0 | S83: 0 | U83: 0 | W83: 11829 | X83: 2026-02-09T14:29:28.6300000Z | Y83: 2026-02-10T08:26:27.1330000Z | Z83: 134 | AB83: 2026-02-07T20:48:59.5630000Z
A84: 7035 | B84: T2-25_BDSDF102 | C84: Data Preprocessing (BS) | D84: BS - Data Science &amp; AI | E84: dept_bs_dsai | F84: 6653 | G84: Trimester 2 | H84: 255 | I84: 2025eb1100030@bitspilani-digital.edu.in | J84: 2025EB1100030 | K84: KAYITHOJU PRAVARAKYA | L84: 6 | M84: 158 | N84: 0 | O84: 1 | P84: 1 | Q84: 0 | R84: 0 | S84: 0 | U84: 0 | W84: 10984 | X84: 2026-02-09T20:38:48.6800000Z | Y84: 2026-02-10T11:05:01.0600000Z | Z84: 210 | AB84: 2026-02-09T20:38:41.0670000Z
A85: 7034 | B85: T2-25_BDSDF106 | C85: Data Structures for Data Science | D85: BS - Data Science &amp; AI | E85: dept_bs_dsai | F85: 6653 | G85: Trimester 2 | H85: 255 | I85: 2025eb1100030@bitspilani-digital.edu.in | J85: 2025EB1100030 | K85: KAYITHOJU PRAVARAKYA | L85: 3 | M85: 154 | N85: 0 | O85: 1 | P85: 1 | Q85: 0 | R85: 0 | S85: 0 | U85: 0 | W85: 0 | X85: 2026-02-09T13:57:00.1600000Z | Y85: 2026-02-10T11:05:01.0600000Z | Z85: 210 | AB85: 2026-02-09T13:56:51.3730000Z
A86: 7032 | B86: T2-25_BDSDF107 | C86: Fundamentals of Data Science and Engineering | D86: BS - Data Science &amp; AI | E86: dept_bs_dsai | F86: 6653 | G86: Trimester 2 | H86: 255 | I86: 2025eb1100030@bitspilani-digital.edu.in | J86: 2025EB1100030 | K86: KAYITHOJU PRAVARAKYA | L86: 5 | M86: 112 | N86: 0 | O86: 2 | P86: 2 | Q86: 0 | R86: 0 | S86: 0 | U86: 0 | W86: 273 | X86: 2026-02-10T11:05:07.4530000Z | Y86: 2026-02-10T11:05:01.0600000Z | Z86: 210 | AB86: 2026-02-07T18:35:20.1930000Z
A87: 7033 | B87: T2-25_BDSDF110 | C87: Linear Algebra | D87: BS - Data Science &amp; AI | E87: dept_bs_dsai | F87: 6653 | G87: Trimester 2 | H87: 255 | I87: 2025eb1100030@bitspilani-digital.edu.in | J87: 2025EB1100030 | K87: KAYITHOJU PRAVARAKYA | L87: 4 | M87: 86 | N87: 0 | O87: 1 | P87: 1 | Q87: 0 | R87: 0 | S87: 0 | U87: 0 | W87: 152 | X87: 2026-02-10T11:05:28.6470000Z | Y87: 2026-02-10T11:05:01.0600000Z | Z87: 210 | AB87: 2026-02-09T13:34:51.6500000Z | AC87: 2026-01-18T15:51:45.8970000Z | AD87: 2026-01-18T15:51:45.8830000Z
A88: 7033 | B88: T2-25_BDSDF110 | C88: Linear Algebra | D88: BS - Data Science &amp; AI | E88: dept_bs_dsai | F88: 6653 | G88: Trimester 2 | H88: 256 | I88: 2025eb1100031@bitspilani-digital.edu.in | J88: 2025EB1100031 | K88: KUCHI SAMANVI | L88: 22 | M88: 86 | N88: 0 | O88: 5 | P88: 6 | Q88: 0 | R88: 0 | S88: 0 | U88: 0 | W88: 6741 | X88: 2026-02-09T08:44:26.2100000Z | Y88: 2026-02-09T08:34:26.3900000Z | Z88: 89 | AB88: 2026-02-09T08:44:21.7200000Z | AC88: 2026-01-19T20:46:39.0970000Z | AD88: 2026-01-19T20:56:27.9530000Z
A89: 7032 | B89: T2-25_BDSDF107 | C89: Fundamentals of Data Science and Engineering | D89: BS - Data Science &amp; AI | E89: dept_bs_dsai | F89: 6653 | G89: Trimester 2 | H89: 256 | I89: 2025eb1100031@bitspilani-digital.edu.in | J89: 2025EB1100031 | K89: KUCHI SAMANVI | L89: 30 | M89: 112 | N89: 0 | O89: 4 | P89: 4 | Q89: 0 | R89: 0 | S89: 0 | U89: 0 | W89: 5631 | X89: 2026-02-07T14:12:37.8600000Z | Y89: 2026-02-09T08:34:26.3900000Z | Z89: 89 | AB89: 2026-02-07T14:12:25.4970000Z
A90: 7034 | B90: T2-25_BDSDF106 | C90: Data Structures for Data Science | D90: BS - Data Science &amp; AI | E90: dept_bs_dsai | F90: 6653 | G90: Trimester 2 | H90: 256 | I90: 2025eb1100031@bitspilani-digital.edu.in | J90: 2025EB1100031 | K90: KUCHI SAMANVI | L90: 3 | M90: 154 | N90: 0 | O90: 1 | P90: 1 | Q90: 0 | R90: 0 | S90: 0 | U90: 0 | W90: 34 | X90: 2026-02-09T08:48:24.4200000Z | Y90: 2026-02-09T08:34:26.3900000Z | Z90: 89 | AB90: 2026-02-09T08:48:23.4270000Z
A91: 7035 | B91: T2-25_BDSDF102 | C91: Data Preprocessing (BS) | D91: BS - Data Science &amp; AI | E91: dept_bs_dsai | F91: 6653 | G91: Trimester 2 | H91: 256 | I91: 2025eb1100031@bitspilani-digital.edu.in | J91: 2025EB1100031 | K91: KUCHI SAMANVI | L91: 26 | M91: 158 | N91: 0 | O91: 6 | P91: 6 | Q91: 0 | R91: 0 | S91: 0 | U91: 0 | W91: 20009 | X91: 2026-02-09T08:53:00.2300000Z | Y91: 2026-02-09T08:34:26.3900000Z | Z91: 89 | AB91: 2026-02-09T08:52:52.3970000Z
A92: 7035 | B92: T2-25_BDSDF102 | C92: Data Preprocessing (BS) | D92: BS - Data Science &amp; AI | E92: dept_bs_dsai | F92: 6653 | G92: Trimester 2 | H92: 257 | I92: 2025eb1100032@bitspilani-digital.edu.in | J92: 2025EB1100032 | K92: GANESH ANKIT | L92: 68 | M92: 158 | N92: 0 | O92: 18 | P92: 19 | Q92: 0 | R92: 0 | S92: 0 | U92: 0 | W92: 354 | X92: 2026-02-08T11:58:58.7570000Z | Y92: 2026-02-08T11:36:33.8600000Z | Z92: 126 | AB92: 2026-02-08T11:57:40.1230000Z
A93: 7034 | B93: T2-25_BDSDF106 | C93: Data Structures for Data Science | D93: BS - Data Science &amp; AI | E93: dept_bs_dsai | F93: 6653 | G93: Trimester 2 | H93: 257 | I93: 2025eb1100032@bitspilani-digital.edu.in | J93: 2025EB1100032 | K93: GANESH ANKIT | L93: 98 | M93: 154 | N93: 0 | O93: 20 | P93: 20 | Q93: 1 | R93: 0 | S93: 0 | T93: 2026-02-08T11:45:58.0400000Z | U93: 0 | W93: 2827 | X93: 2026-02-08T11:51:35.5700000Z | Y93: 2026-02-08T11:36:33.8600000Z | Z93: 126 | AB93: 2026-02-08T11:51:25.2600000Z | AC93: 2026-01-24T06:46:47.5170000Z | AD93: 2026-01-24T06:46:49.3930000Z
A94: 7032 | B94: T2-25_BDSDF107 | C94: Fundamentals of Data Science and Engineering | D94: BS - Data Science &amp; AI | E94: dept_bs_dsai | F94: 6653 | G94: Trimester 2 | H94: 257 | I94: 2025eb1100032@bitspilani-digital.edu.in | J94: 2025EB1100032 | K94: GANESH ANKIT | L94: 44 | M94: 112 | N94: 0 | O94: 6 | P94: 6 | Q94: 0 | R94: 0 | S94: 0 | U94: 0 | W94: 302 | X94: 2026-02-08T11:53:18.9700000Z | Y94: 2026-02-08T11:36:33.8600000Z | Z94: 126 | AB94: 2026-02-08T11:53:02.1830000Z
A95: 7033 | B95: T2-25_BDSDF110 | C95: Linear Algebra | D95: BS - Data Science &amp; AI | E95: dept_bs_dsai | F95: 6653 | G95: Trimester 2 | H95: 257 | I95: 2025eb1100032@bitspilani-digital.edu.in | J95: 2025EB1100032 | K95: GANESH ANKIT | L95: 45 | M95: 86 | N95: 0 | O95: 5 | P95: 5 | Q95: 1 | R95: 0 | S95: 0 | T95: 2026-02-08T11:38:55.9270000Z | U95: 0 | W95: 505 | X95: 2026-02-08T11:43:24.0200000Z | Y95: 2026-02-08T11:36:33.8600000Z | Z95: 126 | AB95: 2026-02-08T11:43:07.4570000Z | AC95: 2026-01-24T06:48:02.5530000Z | AD95: 2026-01-24T06:48:05.0470000Z
A96: 7033 | B96: T2-25_BDSDF110 | C96: Linear Algebra | D96: BS - Data Science &amp; AI | E96: dept_bs_dsai | F96: 6653 | G96: Trimester 2 | H96: 258 | I96: 2025eb1100033@bitspilani-digital.edu.in | J96: 2025EB1100033 | K96: JHANVI KOTHARI | L96: 19 | M96: 86 | N96: 0 | O96: 4 | P96: 4 | Q96: 1 | R96: 0 | S96: 0 | T96: 2026-01-23T05:18:45.4000000Z | U96: 0 | W96: 7207 | X96: 2026-02-06T15:12:33.3930000Z | Y96: 2026-02-08T11:27:45.0830000Z | Z96: 127 | AB96: 2026-01-23T05:10:33.7870000Z | AC96: 2026-01-28T11:17:38.6000000Z | AD96: 2026-01-28T11:17:38.6070000Z
A97: 7032 | B97: T2-25_BDSDF107 | C97: Fundamentals of Data Science and Engineering | D97: BS - Data Science &amp; AI | E97: dept_bs_dsai | F97: 6653 | G97: Trimester 2 | H97: 258 | I97: 2025eb1100033@bitspilani-digital.edu.in | J97: 2025EB1100033 | K97: JHANVI KOTHARI | L97: 22 | M97: 112 | N97: 0 | O97: 2 | P97: 2 | Q97: 0 | R97: 0 | S97: 0 | U97: 0 | W97: 9360 | X97: 2026-02-08T11:36:17.8130000Z | Y97: 2026-02-08T11:27:45.0830000Z | Z97: 127 | AB97: 2026-02-08T11:36:05.1730000Z
A98: 7034 | B98: T2-25_BDSDF106 | C98: Data Structures for Data Science | D98: BS - Data Science &amp; AI | E98: dept_bs_dsai | F98: 6653 | G98: Trimester 2 | H98: 258 | I98: 2025eb1100033@bitspilani-digital.edu.in | J98: 2025EB1100033 | K98: JHANVI KOTHARI | L98: 23 | M98: 154 | N98: 0 | O98: 6 | P98: 6 | Q98: 0 | R98: 0 | S98: 0 | U98: 0 | W98: 23162 | X98: 2026-02-08T13:25:48.7430000Z | Y98: 2026-02-08T11:27:45.0830000Z | Z98: 127 | AB98: 2026-02-08T13:25:40.8400000Z | AC98: 2026-02-08T13:26:40.7170000Z | AD98: 2026-02-08T13:26:40.7200000Z
A99: 7035 | B99: T2-25_BDSDF102 | C99: Data Preprocessing (BS) | D99: BS - Data Science &amp; AI | E99: dept_bs_dsai | F99: 6653 | G99: Trimester 2 | H99: 258 | I99: 2025eb1100033@bitspilani-digital.edu.in | J99: 2025EB1100033 | K99: JHANVI KOTHARI | L99: 16 | M99: 158 | N99: 0 | O99: 2 | P99: 2 | Q99: 0 | R99: 0 | S99: 0 | U99: 0 | W99: 27759 | X99: 2026-02-04T14:31:51.5230000Z | Y99: 2026-02-08T11:27:45.0830000Z | Z99: 127 | AB99: 2026-02-04T14:31:39.3230000Z
A100: 7035 | B100: T2-25_BDSDF102 | C100: Data Preprocessing (BS) | D100: BS - Data Science &amp; AI | E100: dept_bs_dsai | F100: 6653 | G100: Trimester 2 | H100: 259 | I100: 2025eb1100034@bitspilani-digital.edu.in | J100: 2025EB1100034 | K100: MEHTA PREET NIRAVKUMAR | L100: 3 | M100: 158 | N100: 0 | O100: 0 | P100: 0 | Q100: 0 | R100: 0 | S100: 0 | U100: 0 | W100: 3172 | X100: 2026-02-08T05:39:38.9530000Z | Y100: 2026-02-10T06:28:46.9430000Z | Z100: 418
...

Sheet graded quiz 1 status
A1: Parent Department Name | B1: BS - Data Science &amp; AI | F1: Learners Progress | G1: BS | H1: MS
F2: 46061 | G2: 0.28 | H2: 0.35
A3: Row Labels | B3: Count of Username | C3: # students | D3: % | F3: 46062 | G3: 0.37 | H3: 0.4
A4: Computer Programming | B4: 116 | C4: =_xlfn.XLOOKUP(A4,courses!A:A,courses!E:E) -> 170 | D4: =B4/C4 -> 0.68235294 | F4: 10-02-2026(11:15 AM) | G4: 0.54 | H4: 0.69
A5: Computing Systems | B5: 123 | C5: =_xlfn.XLOOKUP(A5,courses!A:A,courses!E:E) -> 193 | D5: =B5/C5 -> 0.6373057 | F5: 10-02-2026(4:51 PM) | G5: 0.69 | H5: 0.8
A6: Data Preprocessing (BS) | B6: 107 | C6: 154 | D6: =B6/C6 -> 0.69480519
A7: Data Structures for Data Science | B7: 115 | C7: =_xlfn.XLOOKUP(A7,courses!A:A,courses!E:E) -> 160 | D7: =B7/C7 -> 0.71875
A8: Fundamentals of Data Science and Engineering | B8: 149 | C8: =_xlfn.XLOOKUP(A8,courses!A:A,courses!E:E) -> 176 | D8: =B8/C8 -> 0.84659091
A9: Linear Algebra | B9: 123 | C9: =_xlfn.XLOOKUP(A9,courses!A:A,courses!E:E) -> 188 | D9: =B9/C9 -> 0.65425532
A10: Probability & Statistics | B10: 112 | C10: 177 | D10: =B10/C10 -> 0.63276836
A11: Writing Practice | B11: 89 | C11: =_xlfn.XLOOKUP(A11,courses!A:A,courses!E:E) -> 134 | D11: =B11/C11 -> 0.6641791
A12: Grand Total | B12: 934 | C12: =SUM(C4:C11) -> 1352 | D12: =B12/C12 -> 0.6908284
A14: Parent Department Name | B14: MSc - Data Science &amp; AI
A16: Row Labels | B16: Count of Username | C16: # students | D16: %
A17: Artificial Neural Networks | B17: 284 | C17: =_xlfn.XLOOKUP(A17,courses!A:A,courses!E:E) -> 352 | D17: =B17/C17 -> 0.80681818
A18: Cloud Services & Platforms | B18: 292 | C18: =_xlfn.XLOOKUP(A18,courses!A:A,courses!E:E) -> 357 | D18: =B18/C18 -> 0.81792717
A19: Data Pre-processing (MSc) | B19: 303 | C19: 389 | D19: =B19/C19 -> 0.77892031
A20: Data Stores & Pipelines | B20: 7 | C20: =_xlfn.XLOOKUP(A20,courses!A:A,courses!E:E) -> 17 | D20: =B20/C20 -> 0.41176471
A21: Data Visualization & Storytelling | B21: 306 | C21: =_xlfn.XLOOKUP(A21,courses!A:A,courses!E:E) -> 390 | D21: =B21/C21 -> 0.78461538
A22: Machine Learning | B22: 304 | C22: =_xlfn.XLOOKUP(A22,courses!A:A,courses!E:E) -> 350 | D22: =B22/C22 -> 0.86857143
A23: Statistical Modelling & Inferencing | B23: 305 | C23: =_xlfn.XLOOKUP(A23,courses!A:A,courses!E:E) -> 395 | D23: =B23/C23 -> 0.7721519
A24: Grand Total | B24: 1801 | C24: =SUM(C17:C23) -> 2250 | D24: =B24/C24 -> 0.80044444

Sheet courses
A1: LIVE SESSION ATTENDANCE
A2: BS (T-2 C-1) & (T-1 C-2) | C2: Trimester-1 (C-2 Jan-2026) (New) | D2: Trimester-2 (C-1 Sep-2025) (Old) | E2: Total
A3: Course | B3: Faculty
A4: Probability and Statistics | B4: Dr. Pushpendra | C4: 109 | D4: 68 | E4: 177
A5: Computer Programming | B5: Dr. Jagat Sesh Challa | C5: 109 | D5: 61 | E5: 170
A6: Writing Practice | B6: Solanki chakraborty | C6: 109 | D6: 25 | E6: 134
A7: Data and the World | B7: Deepankar Garg | C7: 109 | D7: 51 | E7: 160
A8: Computing Systems | B8: Prof. SUNIL KUMAR TEGGIHALLU | C8: 109 | D8: 84 | E8: 193
A11: BS (T-2 C-1) | D11: Trimester-2 (C-1 Sep-2025) (Old) | E11: Total
A12: Course | B12: Faculty
A13: Linear Algebra | B13: Vaibhav Mehandiratta (Goa campus) | D13: 188 | E13: 188
A14: Fundamentals of Data Science and Engineering | B14: Priyanka Banerjee | D14: 176 | E14: 176
A15: Data Structures for Data Science | B15: Jagat Sesh Challa | D15: 160 | E15: 160
A16: Data Preprocessing | B16: Swapnil Saurav | D16: 154 | E16: 154
A19: MSc (T-2 C-1) & (T-1 C-2) | C19: Trimester-1 (C-2 Jan-2026) (New) | D19: Trimester-2 (C-1 Sep-2025) (Old) | E19: Total
A20: Course | B20: Faculty
A21: Statistical Modelling & Inferencing | B21: Dr. Pushpendra Gupta | C21: 356 | D21: 39 | E21: 395
A22: Data Pre-processing | B22: Dr. Hemant Rathore | C22: 356 | D22: 33 | E22: 389
A23: Data Visualization & Storytelling | B23: ACV Subrahmaniam | C23: 356 | D23: 34 | E23: 390
A24: Feature Engineering | B24: Prof Naga | C24: 356 | D24: 33 | E24: 389
A26: MSc (T-2 C-1) | C26: Trimester-2 (C-1 Sep-2025) (New courses) | D26: Trimester-2 (C-1 Sep-2025) (Old Courses) | E26: Total
A27: Course | B27: Faculty
A28: Machine Learning | B28: Dr. Hemant Rathore | C28: 350 | E28: 350
A29: Artificial Neural Networks | B29: Deepanshi Seth | C29: 352 | E29: 352
A30: Data Stores & Pipelines | B30: Prof. Praveen | D30: 17 | E30: 17
A31: Cloud Services & Platforms | B31: Mohammad Anees Alam | C31: 357 | E31: 357
A32: Data Annotations and Labelling | B32: Utkarsh Khare | C32: 0 | D32: 0
A34: MATHS | C34: (C-2 Jan-2026) (New)
A35: Course | B35: Faculty
A36: Basic Mathematics | B36: Rahul Dhakad | C36: 77 | E36: 77
A38: Python | C38: (C-2 Jan-2026) (New)
A39: Course | B39: Faculty
A40: Python Programming | B40: MAHIPAL SINGH | C40: 35 | E40: 35
A42: Professional Certificate in AI Engg. and MLOps | C42: (C-2 Jan-2026) (New)
A43: Course | B43: Faculty
A44: Applied AI Engineering Foundations | B44: Prof. Prasad and Ms. Ankita | C44: 99 | E44: 99

Sheet Sheet1
A1: Course Offering Id | B1: Course Offering Code | C1: Course Offering Name | D1: Parent Department Name | E1: Parent Department Code | F1: Term Id | G1: Semester Name | H1: User Id | I1: Username | J1: Org Defined Id | K1: First Name | L1: Content Completed | M1: Content Required | N1: Checklist Completed | O1: Quiz Completed | P1: Total Quiz Attempts | Q1: Discussion Post Created | R1: Discussion Post Replies | S1: Discussion Post Read | T1: Last Discussion Post Date | U1: Number Of Assignment Submissions | V1: Last Assignment Submission Date | W1: Total Time Spent In Content | X1: Last Visited Date | Y1: Last System Login | Z1: Number Of Logins To The System | AA1: Auditor Name | AB1: Last Quiz Attempt Date | AC1: Last Quiz Attempt Date updated | AD1: Last SCORM Completion Date | AE1: Last SCORM Visit Date
A2: 7034 | B2: T2-25_BDSDF106 | C2: Data Structures for Data Science | D2: BS - Data Science &amp; AI | E2: dept_bs_dsai | F2: 6653 | G2: Trimester 2 | H2: 226 | I2: 2025eb1100001@bitspilani-digital.edu.in | J2: 2025EB1100001 | K2: RUDRA SHARMA | L2: 1 | M2: 154 | N2: 0 | O2: 1 | P2: 1 | Q2: 0 | R2: 0 | S2: 0 | U2: 0 | W2: 0 | X2: 2026-02-08T09:13:59.9530000Z | Y2: 2026-02-09T11:45:19.5500000Z | Z2: 168 | AB2: 2026-02-08T09:04:03.4030000Z | AC2: =LEFT(AB2,10) -> 2026-02-08
A3: 7035 | B3: T2-25_BDSDF102 | C3: Data Preprocessing (BS) | D3: BS - Data Science &amp; AI | E3: dept_bs_dsai | F3: 6653 | G3: Trimester 2 | H3: 226 | I3: 2025eb1100001@bitspilani-digital.edu.in | J3: 2025EB1100001 | K3: RUDRA SHARMA | L3: 6 | M3: 158 | N3: 0 | O3: 2 | P3: 3 | Q3: 0 | R3: 0 | S3: 0 | U3: 0 | W3: 17096 | X3: 2026-02-08T09:20:40.1530000Z | Y3: 2026-02-09T11:45:19.5500000Z | Z3: 168 | AB3: 2026-02-08T09:20:32.9730000Z | AC3: =LEFT(AB3,10) -> 2026-02-08
A4: 7032 | B4: T2-25_BDSDF107 | C4: Fundamentals of Data Science and Engineering | D4: BS - Data Science &amp; AI | E4: dept_bs_dsai | F4: 6653 | G4: Trimester 2 | H4: 226 | I4: 2025eb1100001@bitspilani-digital.edu.in | J4: 2025EB1100001 | K4: RUDRA SHARMA | L4: 45 | M4: 112 | N4: 0 | O4: 7 | P4: 8 | Q4: 0 | R4: 0 | S4: 0 | U4: 0 | W4: 31534 | X4: 2026-02-07T15:33:47.5000000Z | Y4: 2026-02-09T11:45:19.5500000Z | Z4: 168 | AB4: 2026-02-07T15:16:25.5370000Z | AC4: =LEFT(AB4,10) -> 2026-02-07
A5: 7033 | B5: T2-25_BDSDF110 | C5: Linear Algebra | D5: BS - Data Science &amp; AI | E5: dept_bs_dsai | F5: 6653 | G5: Trimester 2 | H5: 226 | I5: 2025eb1100001@bitspilani-digital.edu.in | J5: 2025EB1100001 | K5: RUDRA SHARMA | L5: 3 | M5: 86 | N5: 0 | O5: 1 | P5: 1 | Q5: 0 | R5: 0 | S5: 0 | U5: 0 | W5: 27 | X5: 2026-02-08T09:12:57.6770000Z | Y5: 2026-02-09T11:45:19.5500000Z | Z5: 168 | AB5: 2026-02-08T09:12:53.8070000Z | AC5: =LEFT(AB5,10) -> 2026-02-08 | AD5: 2026-01-23T15:01:45.2470000Z | AE5: 2026-01-23T15:01:48.8770000Z
A6: 7025 | B6: T2-25_BDSDF108 | C6: Computing Systems | D6: BS - Data Science &amp; AI | E6: dept_bs_dsai | F6: 6653 | G6: Trimester 2 | H6: 226 | I6: 2025eb1100001@bitspilani-digital.edu.in | J6: 2025EB1100001 | K6: RUDRA SHARMA | L6: 105 | M6: 267 | N6: 0 | O6: 35 | P6: 57 | Q6: 0 | R6: 0 | S6: 0 | U6: 0 | W6: 2449 | X6: 2026-02-09T12:25:12.1930000Z | Y6: 2026-02-09T11:45:19.5500000Z | Z6: 168 | AB6: 2026-02-09T12:25:03.4370000Z | AC6: =LEFT(AB6,10) -> 2026-02-09 | AD6: 2026-02-09T11:46:54.2770000Z | AE6: 2026-02-09T11:46:54.2730000Z
A7: 7035 | B7: T2-25_BDSDF102 | C7: Data Preprocessing (BS) | D7: BS - Data Science &amp; AI | E7: dept_bs_dsai | F7: 6653 | G7: Trimester 2 | H7: 228 | I7: 2025eb1100003@bitspilani-digital.edu.in | J7: 2025EB1100003 | K7: AJAYACHANDRAN.E | L7: 45 | M7: 158 | N7: 0 | O7: 6 | P7: 8 | Q7: 3 | R7: 0 | S7: 0 | T7: 2026-02-07T23:08:17.5300000Z | U7: 0 | W7: 24234 | X7: 2026-02-09T00:32:41.3400000Z | Y7: 2026-02-08T23:02:38.0030000Z | Z7: 115 | AB7: 2026-02-09T00:31:45.6730000Z | AC7: =LEFT(AB7,10) -> 2026-02-09
A8: 7032 | B8: T2-25_BDSDF107 | C8: Fundamentals of Data Science and Engineering | D8: BS - Data Science &amp; AI | E8: dept_bs_dsai | F8: 6653 | G8: Trimester 2 | H8: 229 | I8: 2025eb1100004@bitspilani-digital.edu.in | J8: 2025EB1100004 | K8: ARUNLAL P | L8: 1 | M8: 112 | N8: 0 | O8: 1 | P8: 1 | Q8: 0 | R8: 0 | S8: 0 | U8: 0 | W8: 0 | X8: 2026-02-08T15:58:42.1600000Z | Y8: 2026-02-08T15:52:25.5800000Z | Z8: 151 | AB8: 2026-02-08T15:58:35.0330000Z | AC8: =LEFT(AB8,10) -> 2026-02-08
A9: 7033 | B9: T2-25_BDSDF110 | C9: Linear Algebra | D9: BS - Data Science &amp; AI | E9: dept_bs_dsai | F9: 6653 | G9: Trimester 2 | H9: 231 | I9: 2025eb1100006@bitspilani-digital.edu.in | J9: 2025EB1100006 | K9: JAL PATEL | L9: 1 | M9: 86 | N9: 0 | O9: 1 | P9: 1 | Q9: 0 | R9: 0 | S9: 0 | U9: 0 | W9: 0 | X9: 2026-02-08T08:16:42.7600000Z | Y9: 2026-02-08T07:51:39.3430000Z | Z9: 73 | AB9: 2026-02-08T08:12:38.5830000Z | AC9: =LEFT(AB9,10) -> 2026-02-08
A10: 7032 | B10: T2-25_BDSDF107 | C10: Fundamentals of Data Science and Engineering | D10: BS - Data Science &amp; AI | E10: dept_bs_dsai | F10: 6653 | G10: Trimester 2 | H10: 231 | I10: 2025eb1100006@bitspilani-digital.edu.in | J10: 2025EB1100006 | K10: JAL PATEL | L10: 2 | M10: 112 | N10: 0 | O10: 2 | P10: 2 | Q10: 0 | R10: 0 | S10: 0 | U10: 0 | W10: 0 | X10: 2026-02-08T08:17:07.8730000Z | Y10: 2026-02-08T07:51:39.3430000Z | Z10: 73 | AB10: 2026-02-08T08:02:33.4500000Z | AC10: =LEFT(AB10,10) -> 2026-02-08
A11: 7034 | B11: T2-25_BDSDF106 | C11: Data Structures for Data Science | D11: BS - Data Science &amp; AI | E11: dept_bs_dsai | F11: 6653 | G11: Trimester 2 | H11: 231 | I11: 2025eb1100006@bitspilani-digital.edu.in | J11: 2025EB1100006 | K11: JAL PATEL | L11: 1 | M11: 154 | N11: 0 | O11: 1 | P11: 1 | Q11: 0 | R11: 0 | S11: 0 | U11: 0 | W11: 0 | X11: 2026-02-08T08:17:33.9070000Z | Y11: 2026-02-08T07:51:39.3430000Z | Z11: 73 | AB11: 2026-02-08T08:15:45.7230000Z | AC11: =LEFT(AB11,10) -> 2026-02-08
A12: 7021 | B12: T2-25_BDSDF113 | C12: Computer Programming | D12: BS - Data Science &amp; AI | E12: dept_bs_dsai | F12: 6653 | G12: Trimester 2 | H12: 232 | I12: 2025eb1100007@bitspilani-digital.edu.in | J12: 2025EB1100007 | K12: HARSHVARDHAN SINGH | L12: 10 | M12: 356 | N12: 0 | O12: 4 | P12: 4 | Q12: 0 | R12: 0 | S12: 0 | U12: 0 | W12: 24662 | X12: 2026-02-08T02:54:21.2930000Z | Y12: 2026-02-10T09:45:44.0430000Z | Z12: 68 | AB12: 2026-02-08T02:54:12.8470000Z | AC12: =LEFT(AB12,10) -> 2026-02-08 | AD12: 2026-01-30T14:05:06.5370000Z | AE12: 2026-02-05T07:23:03.0770000Z
A13: 7022 | B13: T2-25_BDSDF114 | C13: Probability & Statistics | D13: BS - Data Science &amp; AI | E13: dept_bs_dsai | F13: 6653 | G13: Trimester 2 | H13: 232 | I13: 2025eb1100007@bitspilani-digital.edu.in | J13: 2025EB1100007 | K13: HARSHVARDHAN SINGH | L13: 1 | M13: 326 | N13: 0 | O13: 1 | P13: 1 | Q13: 0 | R13: 0 | S13: 0 | U13: 0 | W13: 0 | X13: 2026-02-08T02:56:47.4770000Z | Y13: 2026-02-10T09:45:44.0430000Z | Z13: 68 | AB13: 2026-02-08T02:56:43.8530000Z | AC13: =LEFT(AB13,10) -> 2026-02-08
A14: 7025 | B14: T2-25_BDSDF108 | C14: Computing Systems | D14: BS - Data Science &amp; AI | E14: dept_bs_dsai | F14: 6653 | G14: Trimester 2 | H14: 232 | I14: 2025eb1100007@bitspilani-digital.edu.in | J14: 2025EB1100007 | K14: HARSHVARDHAN SINGH | L14: 1 | M14: 267 | N14: 0 | O14: 1 | P14: 1 | Q14: 0 | R14: 0 | S14: 0 | U14: 0 | W14: 0 | X14: 2026-02-08T03:02:53.3470000Z | Y14: 2026-02-10T09:45:44.0430000Z | Z14: 68 | AB14: 2026-02-08T03:02:49.6200000Z | AC14: =LEFT(AB14,10) -> 2026-02-08
A15: 7035 | B15: T2-25_BDSDF102 | C15: Data Preprocessing (BS) | D15: BS - Data Science &amp; AI | E15: dept_bs_dsai | F15: 6653 | G15: Trimester 2 | H15: 233 | I15: 2025eb1100008@bitspilani-digital.edu.in | J15: 2025EB1100008 | K15: KALYANE VENKATESH NISHIKANT | L15: 5 | M15: 158 | N15: 0 | O15: 1 | P15: 1 | Q15: 0 | R15: 0 | S15: 0 | U15: 0 | W15: 6803 | X15: 2026-02-10T10:37:54.0070000Z | Y15: 2026-02-10T10:33:24.8730000Z | Z15: 109 | AB15: 2026-02-10T10:37:42.3600000Z | AC15: =LEFT(AB15,10) -> 2026-02-10
A16: 7034 | B16: T2-25_BDSDF106 | C16: Data Structures for Data Science | D16: BS - Data Science &amp; AI | E16: dept_bs_dsai | F16: 6653 | G16: Trimester 2 | H16: 233 | I16: 2025eb1100008@bitspilani-digital.edu.in | J16: 2025EB1100008 | K16: KALYANE VENKATESH NISHIKANT | L16: 1 | M16: 154 | N16: 0 | O16: 1 | P16: 1 | Q16: 0 | R16: 0 | S16: 0 | U16: 0 | W16: 0 | X16: 2026-02-10T10:50:08.8370000Z | Y16: 2026-02-10T10:33:24.8730000Z | Z16: 109 | AB16: 2026-02-10T10:49:31.4930000Z | AC16: =LEFT(AB16,10) -> 2026-02-10
A17: 7032 | B17: T2-25_BDSDF107 | C17: Fundamentals of Data Science and Engineering | D17: BS - Data Science &amp; AI | E17: dept_bs_dsai | F17: 6653 | G17: Trimester 2 | H17: 233 | I17: 2025eb1100008@bitspilani-digital.edu.in | J17: 2025EB1100008 | K17: KALYANE VENKATESH NISHIKANT | L17: 5 | M17: 112 | N17: 0 | O17: 1 | P17: 1 | Q17: 0 | R17: 0 | S17: 0 | U17: 0 | W17: 3889 | X17: 2026-02-07T15:34:29.9030000Z | Y17: 2026-02-10T10:33:24.8730000Z | Z17: 109 | AB17: 2026-02-07T15:34:10.0200000Z | AC17: =LEFT(AB17,10) -> 2026-02-07
A18: 7033 | B18: T2-25_BDSDF110 | C18: Linear Algebra | D18: BS - Data Science &amp; AI | E18: dept_bs_dsai | F18: 6653 | G18: Trimester 2 | H18: 233 | I18: 2025eb1100008@bitspilani-digital.edu.in | J18: 2025EB1100008 | K18: KALYANE VENKATESH NISHIKANT | L18: 1 | M18: 86 | N18: 0 | O18: 1 | P18: 1 | Q18: 0 | R18: 0 | S18: 0 | U18: 0 | W18: 0 | X18: 2026-02-10T11:11:09.2670000Z | Y18: 2026-02-10T10:33:24.8730000Z | Z18: 109 | AB18: 2026-02-10T11:11:01.2030000Z | AC18: =LEFT(AB18,10) -> 2026-02-10
A19: 7032 | B19: T2-25_BDSDF107 | C19: Fundamentals of Data Science and Engineering | D19: BS - Data Science &amp; AI | E19: dept_bs_dsai | F19: 6653 | G19: Trimester 2 | H19: 235 | I19: 2025eb1100010@bitspilani-digital.edu.in | J19: 2025EB1100010 | K19: HARSHITA JAIN | L19: 4 | M19: 112 | N19: 0 | O19: 2 | P19: 2 | Q19: 0 | R19: 0 | S19: 0 | U19: 0 | W19: 14 | X19: 2026-02-08T14:39:37.0530000Z | Y19: 2026-02-10T08:06:02.6430000Z | Z19: 171 | AB19: 2026-02-08T14:39:30.3800000Z | AC19: =LEFT(AB19,10) -> 2026-02-08
A20: 7022 | B20: T2-25_BDSDF114 | C20: Probability & Statistics | D20: BS - Data Science &amp; AI | E20: dept_bs_dsai | F20: 6653 | G20: Trimester 2 | H20: 237 | I20: 2025eb1100012@bitspilani-digital.edu.in | J20: 2025EB1100012 | K20: SANTOSH SHRIKHANDE | L20: 17 | M20: 326 | N20: 0 | O20: 4 | P20: 5 | Q20: 0 | R20: 0 | S20: 0 | U20: 0 | W20: 3443 | X20: 2026-02-10T10:48:13.0130000Z | Y20: 2026-02-10T09:17:06.8000000Z | Z20: 120 | AB20: 2026-02-10T10:48:04.4030000Z | AC20: =LEFT(AB20,10) -> 2026-02-10 | AD20: 2026-02-10T10:48:19.7300000Z | AE20: 2026-02-10T10:48:19.7270000Z
A21: 7034 | B21: T2-25_BDSDF106 | C21: Data Structures for Data Science | D21: BS - Data Science &amp; AI | E21: dept_bs_dsai | F21: 6653 | G21: Trimester 2 | H21: 239 | I21: 2025eb1100014@bitspilani-digital.edu.in | J21: 2025EB1100014 | K21: SURYA A | L21: 61 | M21: 154 | N21: 0 | O21: 8 | P21: 8 | Q21: 0 | R21: 0 | S21: 0 | U21: 0 | W21: 52849 | X21: 2026-02-09T15:46:33.2500000Z | Y21: 2026-02-09T15:44:09.7300000Z | Z21: 200 | AB21: 2026-02-09T15:46:22.7570000Z | AC21: =LEFT(AB21,10) -> 2026-02-09 | AD21: 2026-01-19T09:41:03.9430000Z | AE21: 2026-01-28T20:04:48.0130000Z
A22: 7022 | B22: T2-25_BDSDF114 | C22: Probability & Statistics | D22: BS - Data Science &amp; AI | E22: dept_bs_dsai | F22: 6653 | G22: Trimester 2 | H22: 239 | I22: 2025eb1100014@bitspilani-digital.edu.in | J22: 2025EB1100014 | K22: SURYA A | L22: 13 | M22: 326 | N22: 0 | O22: 2 | P22: 3 | Q22: 0 | R22: 0 | S22: 0 | U22: 0 | W22: 7223 | X22: 2026-02-09T15:49:52.3800000Z | Y22: 2026-02-09T15:44:09.7300000Z | Z22: 200 | AB22: 2026-02-09T15:49:48.9800000Z | AC22: =LEFT(AB22,10) -> 2026-02-09 | AD22: 2026-01-21T10:07:30.9030000Z | AE22: 2026-01-21T10:07:30.9130000Z
A23: 7034 | B23: T2-25_BDSDF106 | C23: Data Structures for Data Science | D23: BS - Data Science &amp; AI | E23: dept_bs_dsai | F23: 6653 | G23: Trimester 2 | H23: 240 | I23: 2025eb1100015@bitspilani-digital.edu.in | J23: 2025EB1100015 | K23: TADIMALLA ADITI | L23: 13 | M23: 154 | N23: 0 | O23: 4 | P23: 4 | Q23: 0 | R23: 0 | S23: 0 | U23: 0 | W23: 43739 | X23: 2026-02-10T03:06:34.9530000Z | Y23: 2026-02-10T03:06:30.3670000Z | Z23: 239 | AB23: 2026-02-08T17:30:39.1400000Z | AC23: =LEFT(AB23,10) -> 2026-02-08 | AD23: 2026-02-10T03:20:58.8370000Z | AE23: 2026-02-10T03:20:58.8400000Z
A24: 7033 | B24: T2-25_BDSDF110 | C24: Linear Algebra | D24: BS - Data Science &amp; AI | E24: dept_bs_dsai | F24: 6653 | G24: Trimester 2 | H24: 240 | I24: 2025eb1100015@bitspilani-digital.edu.in | J24: 2025EB1100015 | K24: TADIMALLA ADITI | L24: 41 | M24: 86 | N24: 0 | O24: 12 | P24: 12 | Q24: 0 | R24: 0 | S24: 0 | U24: 0 | W24: 7515 | X24: 2026-02-09T14:17:22.6930000Z | Y24: 2026-02-10T03:06:30.3670000Z | Z24: 239 | AB24: 2026-02-09T14:16:46.7530000Z | AC24: =LEFT(AB24,10) -> 2026-02-09 | AD24: 2026-02-09T03:13:18.3970000Z | AE24: 2026-02-09T03:13:18.3930000Z
A25: 7032 | B25: T2-25_BDSDF107 | C25: Fundamentals of Data Science and Engineering | D25: BS - Data Science &amp; AI | E25: dept_bs_dsai | F25: 6653 | G25: Trimester 2 | H25: 240 | I25: 2025eb1100015@bitspilani-digital.edu.in | J25: 2025EB1100015 | K25: TADIMALLA ADITI | L25: 37 | M25: 112 | N25: 0 | O25: 6 | P25: 6 | Q25: 0 | R25: 0 | S25: 0 | U25: 0 | W25: 46448 | X25: 2026-02-07T16:43:43.8370000Z | Y25: 2026-02-10T03:06:30.3670000Z | Z25: 239 | AB25: 2026-02-07T16:43:37.4230000Z | AC25: =LEFT(AB25,10) -> 2026-02-07
A26: 7032 | B26: T2-25_BDSDF107 | C26: Fundamentals of Data Science and Engineering | D26: BS - Data Science &amp; AI | E26: dept_bs_dsai | F26: 6653 | G26: Trimester 2 | H26: 243 | I26: 2025eb1100018@bitspilani-digital.edu.in | J26: 2025EB1100018 | K26: NIMMAGANTI SUMAHE | L26: 52 | M26: 112 | N26: 0 | O26: 7 | P26: 7 | Q26: 0 | R26: 0 | S26: 0 | U26: 0 | W26: 14750 | X26: 2026-02-08T21:41:02.6170000Z | Y26: 2026-02-10T10:32:31.4130000Z | Z26: 324 | AB26: 2026-02-08T21:40:36.1730000Z | AC26: =LEFT(AB26,10) -> 2026-02-08
A27: 7033 | B27: T2-25_BDSDF110 | C27: Linear Algebra | D27: BS - Data Science &amp; AI | E27: dept_bs_dsai | F27: 6653 | G27: Trimester 2 | H27: 243 | I27: 2025eb1100018@bitspilani-digital.edu.in | J27: 2025EB1100018 | K27: NIMMAGANTI SUMAHE | L27: 61 | M27: 86 | N27: 0 | O27: 16 | P27: 17 | Q27: 4 | R27: 0 | S27: 0 | T27: 2026-02-08T20:09:50.6830000Z | U27: 0 | W27: 25463 | X27: 2026-02-09T12:51:37.3100000Z | Y27: 2026-02-10T10:32:31.4130000Z | Z27: 324 | AB27: 2026-02-08T20:01:37.7070000Z | AC27: =LEFT(AB27,10) -> 2026-02-08 | AD27: 2026-02-08T20:01:57.0970000Z | AE27: 2026-02-08T20:01:57.0970000Z
A28: 7035 | B28: T2-25_BDSDF102 | C28: Data Preprocessing (BS) | D28: BS - Data Science &amp; AI | E28: dept_bs_dsai | F28: 6653 | G28: Trimester 2 | H28: 243 | I28: 2025eb1100018@bitspilani-digital.edu.in | J28: 2025EB1100018 | K28: NIMMAGANTI SUMAHE | L28: 81 | M28: 158 | N28: 0 | O28: 27 | P28: 27 | Q28: 0 | R28: 0 | S28: 0 | U28: 0 | W28: 28046 | X28: 2026-02-08T20:10:27.6930000Z | Y28: 2026-02-10T10:32:31.4130000Z | Z28: 324 | AB28: 2026-02-08T14:32:46.4930000Z | AC28: =LEFT(AB28,10) -> 2026-02-08
A29: 7034 | B29: T2-25_BDSDF106 | C29: Data Structures for Data Science | D29: BS - Data Science &amp; AI | E29: dept_bs_dsai | F29: 6653 | G29: Trimester 2 | H29: 243 | I29: 2025eb1100018@bitspilani-digital.edu.in | J29: 2025EB1100018 | K29: NIMMAGANTI SUMAHE | L29: 101 | M29: 154 | N29: 0 | O29: 33 | P29: 33 | Q29: 0 | R29: 0 | S29: 0 | U29: 0 | W29: 30678 | X29: 2026-02-10T11:01:21.4600000Z | Y29: 2026-02-10T10:32:31.4130000Z | Z29: 324 | AB29: 2026-02-10T11:01:16.6600000Z | AC29: =LEFT(AB29,10) -> 2026-02-10 | AD29: 2026-02-10T11:01:47.6670000Z | AE29: 2026-02-10T11:01:53.1170000Z
A30: 7022 | B30: T2-25_BDSDF114 | C30: Probability & Statistics | D30: BS - Data Science &amp; AI | E30: dept_bs_dsai | F30: 6653 | G30: Trimester 2 | H30: 244 | I30: 2025eb1100019@bitspilani-digital.edu.in | J30: 2025EB1100019 | K30: NITISH KUMAR | L30: 6 | M30: 326 | N30: 0 | O30: 1 | P30: 1 | Q30: 0 | R30: 0 | S30: 0 | U30: 0 | W30: 763 | X30: 2026-02-08T15:01:55.8400000Z | Y30: 2026-02-09T18:25:38.1170000Z | Z30: 124 | AB30: 2026-02-08T15:01:36.1370000Z | AC30: =LEFT(AB30,10) -> 2026-02-08
A31: 7025 | B31: T2-25_BDSDF108 | C31: Computing Systems | D31: BS - Data Science &amp; AI | E31: dept_bs_dsai | F31: 6653 | G31: Trimester 2 | H31: 244 | I31: 2025eb1100019@bitspilani-digital.edu.in | J31: 2025EB1100019 | K31: NITISH KUMAR | L31: 15 | M31: 267 | N31: 0 | O31: 4 | P31: 4 | Q31: 0 | R31: 0 | S31: 0 | U31: 0 | W31: 9984 | X31: 2026-02-09T20:04:12.7870000Z | Y31: 2026-02-09T18:25:38.1170000Z | Z31: 124 | AB31: 2026-02-09T20:04:02.3630000Z | AC31: =LEFT(AB31,10) -> 2026-02-09 | AD31: 2026-02-09T20:04:23.7470000Z | AE31: 2026-02-09T20:04:23.7400000Z
A32: 7025 | B32: T2-25_BDSDF108 | C32: Computing Systems | D32: BS - Data Science &amp; AI | E32: dept_bs_dsai | F32: 6653 | G32: Trimester 2 | H32: 245 | I32: 2025eb1100020@bitspilani-digital.edu.in | J32: 2025EB1100020 | K32: AYUSH JHA | L32: 5 | M32: 267 | N32: 0 | O32: 1 | P32: 1 | Q32: 0 | R32: 0 | S32: 0 | U32: 0 | W32: 66 | X32: 2026-02-08T13:56:05.5670000Z | Y32: 2026-02-09T07:21:41.8230000Z | Z32: 77 | AB32: 2026-02-08T13:55:34.7400000Z | AC32: =LEFT(AB32,10) -> 2026-02-08 | AD32: 2026-01-24T15:44:23.2600000Z | AE32: 2026-01-24T15:44:23.2670000Z
A33: 7022 | B33: T2-25_BDSDF114 | C33: Probability & Statistics | D33: BS - Data Science &amp; AI | E33: dept_bs_dsai | F33: 6653 | G33: Trimester 2 | H33: 245 | I33: 2025eb1100020@bitspilani-digital.edu.in | J33: 2025EB1100020 | K33: AYUSH JHA | L33: 1 | M33: 326 | N33: 0 | O33: 1 | P33: 1 | Q33: 0 | R33: 0 | S33: 0 | U33: 0 | W33: 0 | X33: 2026-02-08T13:45:37.9530000Z | Y33: 2026-02-09T07:21:41.8230000Z | Z33: 77 | AB33: 2026-02-08T13:45:25.1370000Z | AC33: =LEFT(AB33,10) -> 2026-02-08
A34: 7021 | B34: T2-25_BDSDF113 | C34: Computer Programming | D34: BS - Data Science &amp; AI | E34: dept_bs_dsai | F34: 6653 | G34: Trimester 2 | H34: 245 | I34: 2025eb1100020@bitspilani-digital.edu.in | J34: 2025EB1100020 | K34: AYUSH JHA | L34: 21 | M34: 356 | N34: 0 | O34: 6 | P34: 8 | Q34: 0 | R34: 0 | S34: 0 | U34: 0 | W34: 4646 | X34: 2026-02-09T07:22:11.7630000Z | Y34: 2026-02-09T07:21:41.8230000Z | Z34: 77 | AB34: 2026-02-08T13:37:04.5700000Z | AC34: =LEFT(AB34,10) -> 2026-02-08 | AD34: 2026-02-09T07:41:28.0400000Z | AE34: 2026-02-09T07:41:28.0400000Z
A35: 7034 | B35: T2-25_BDSDF106 | C35: Data Structures for Data Science | D35: BS - Data Science &amp; AI | E35: dept_bs_dsai | F35: 6653 | G35: Trimester 2 | H35: 246 | I35: 2025eb1100021@bitspilani-digital.edu.in | J35: 2025EB1100021 | K35: R KUSHAL MEHTA | L35: 23 | M35: 154 | N35: 0 | O35: 6 | P35: 7 | Q35: 0 | R35: 0 | S35: 0 | U35: 0 | W35: 7042 | X35: 2026-02-10T05:22:24.8300000Z | Y35: 2026-02-10T05:04:12.6300000Z | Z35: 274 | AB35: 2026-02-10T05:22:18.0230000Z | AC35: =LEFT(AB35,10) -> 2026-02-10 | AD35: 2026-02-04T11:22:17.7870000Z | AE35: 2026-02-05T12:29:06.3170000Z
A36: 7035 | B36: T2-25_BDSDF102 | C36: Data Preprocessing (BS) | D36: BS - Data Science &amp; AI | E36: dept_bs_dsai | F36: 6653 | G36: Trimester 2 | H36: 246 | I36: 2025eb1100021@bitspilani-digital.edu.in | J36: 2025EB1100021 | K36: R KUSHAL MEHTA | L36: 29 | M36: 158 | N36: 0 | O36: 8 | P36: 10 | Q36: 0 | R36: 0 | S36: 0 | U36: 0 | W36: 13207 | X36: 2026-02-10T05:27:57.6630000Z | Y36: 2026-02-10T05:04:12.6300000Z | Z36: 274 | AB36: 2026-02-10T05:27:09.6830000Z | AC36: =LEFT(AB36,10) -> 2026-02-10
A37: 7033 | B37: T2-25_BDSDF110 | C37: Linear Algebra | D37: BS - Data Science &amp; AI | E37: dept_bs_dsai | F37: 6653 | G37: Trimester 2 | H37: 246 | I37: 2025eb1100021@bitspilani-digital.edu.in | J37: 2025EB1100021 | K37: R KUSHAL MEHTA | L37: 7 | M37: 86 | N37: 0 | O37: 1 | P37: 1 | Q37: 0 | R37: 0 | S37: 0 | U37: 0 | W37: 1150 | X37: 2026-02-10T05:18:21.8000000Z | Y37: 2026-02-10T05:04:12.6300000Z | Z37: 274 | AB37: 2026-02-10T05:18:16.5670000Z | AC37: =LEFT(AB37,10) -> 2026-02-10 | AD37: 2026-01-29T13:05:35.3030000Z | AE37: 2026-01-29T13:05:35.3030000Z
A38: 7032 | B38: T2-25_BDSDF107 | C38: Fundamentals of Data Science and Engineering | D38: BS - Data Science &amp; AI | E38: dept_bs_dsai | F38: 6653 | G38: Trimester 2 | H38: 246 | I38: 2025eb1100021@bitspilani-digital.edu.in | J38: 2025EB1100021 | K38: R KUSHAL MEHTA | L38: 27 | M38: 112 | N38: 0 | O38: 4 | P38: 5 | Q38: 1 | R38: 0 | S38: 0 | T38: 2026-02-08T17:15:09.4430000Z | U38: 0 | W38: 4062 | X38: 2026-02-10T05:29:26.5130000Z | Y38: 2026-02-10T05:04:12.6300000Z | Z38: 274 | AB38: 2026-02-10T05:09:13.6330000Z | AC38: =LEFT(AB38,10) -> 2026-02-10
A39: 7021 | B39: T2-25_BDSDF113 | C39: Computer Programming | D39: BS - Data Science &amp; AI | E39: dept_bs_dsai | F39: 6653 | G39: Trimester 2 | H39: 249 | I39: 2025eb1100024@bitspilani-digital.edu.in | J39: 2025EB1100024 | K39: SHOORSEN THIRUNAVUKKARASU K | L39: 13 | M39: 356 | N39: 0 | O39: 4 | P39: 8 | Q39: 0 | R39: 0 | S39: 0 | U39: 0 | W39: 1785 | X39: 2026-02-08T06:56:25.9930000Z | Y39: 2026-02-08T06:51:55.3800000Z | Z39: 112 | AB39: 2026-02-08T06:55:52.9500000Z | AC39: =LEFT(AB39,10) -> 2026-02-08 | AD39: 2026-01-29T14:37:14.7270000Z | AE39: 2026-01-29T14:37:14.7370000Z
A40: 7033 | B40: T2-25_BDSDF110 | C40: Linear Algebra | D40: BS - Data Science &amp; AI | E40: dept_bs_dsai | F40: 6653 | G40: Trimester 2 | H40: 249 | I40: 2025eb1100024@bitspilani-digital.edu.in | J40: 2025EB1100024 | K40: SHOORSEN THIRUNAVUKKARASU K | L40: 9 | M40: 86 | N40: 0 | O40: 3 | P40: 3 | Q40: 0 | R40: 0 | S40: 0 | U40: 0 | W40: 4129 | X40: 2026-02-08T06:59:50.3870000Z | Y40: 2026-02-08T06:51:55.3800000Z | Z40: 112 | AB40: 2026-02-08T06:59:45.8830000Z | AC40: =LEFT(AB40,10) -> 2026-02-08 | AD40: 2026-01-27T13:34:45.6630000Z | AE40: 2026-01-27T13:34:45.6730000Z
A41: 7035 | B41: T2-25_BDSDF102 | C41: Data Preprocessing (BS) | D41: BS - Data Science &amp; AI | E41: dept_bs_dsai | F41: 6653 | G41: Trimester 2 | H41: 251 | I41: 2025eb1100026@bitspilani-digital.edu.in | J41: 2025EB1100026 | K41: SWARUP KUMAR PRADHAN | L41: 11 | M41: 158 | N41: 0 | O41: 4 | P41: 4 | Q41: 0 | R41: 0 | S41: 0 | U41: 0 | W41: 1740 | X41: 2026-02-09T14:14:51.3630000Z | Y41: 2026-02-10T03:49:59.1170000Z | Z41: 264 | AB41: 2026-02-08T03:31:43.2300000Z | AC41: =LEFT(AB41,10) -> 2026-02-08
A42: 7034 | B42: T2-25_BDSDF106 | C42: Data Structures for Data Science | D42: BS - Data Science &amp; AI | E42: dept_bs_dsai | F42: 6653 | G42: Trimester 2 | H42: 251 | I42: 2025eb1100026@bitspilani-digital.edu.in | J42: 2025EB1100026 | K42: SWARUP KUMAR PRADHAN | L42: 1 | M42: 154 | N42: 0 | O42: 1 | P42: 1 | Q42: 0 | R42: 0 | S42: 0 | U42: 0 | W42: 0 | X42: 2026-02-09T14:05:27.6470000Z | Y42: 2026-02-10T03:49:59.1170000Z | Z42: 264 | AB42: 2026-02-08T03:21:54.7530000Z | AC42: =LEFT(AB42,10) -> 2026-02-08
A43: 7032 | B43: T2-25_BDSDF107 | C43: Fundamentals of Data Science and Engineering | D43: BS - Data Science &amp; AI | E43: dept_bs_dsai | F43: 6653 | G43: Trimester 2 | H43: 251 | I43: 2025eb1100026@bitspilani-digital.edu.in | J43: 2025EB1100026 | K43: SWARUP KUMAR PRADHAN | L43: 3 | M43: 112 | N43: 0 | O43: 2 | P43: 2 | Q43: 0 | R43: 0 | S43: 0 | U43: 0 | W43: 0 | X43: 2026-02-09T14:05:49.8030000Z | Y43: 2026-02-10T03:49:59.1170000Z | Z43: 264 | AB43: 2026-02-07T03:19:13.4730000Z | AC43: =LEFT(AB43,10) -> 2026-02-07
A44: 7033 | B44: T2-25_BDSDF110 | C44: Linear Algebra | D44: BS - Data Science &amp; AI | E44: dept_bs_dsai | F44: 6653 | G44: Trimester 2 | H44: 251 | I44: 2025eb1100026@bitspilani-digital.edu.in | J44: 2025EB1100026 | K44: SWARUP KUMAR PRADHAN | L44: 2 | M44: 86 | N44: 0 | O44: 2 | P44: 2 | Q44: 0 | R44: 0 | S44: 0 | U44: 0 | W44: 31 | X44: 2026-02-09T14:06:20.6100000Z | Y44: 2026-02-10T03:49:59.1170000Z | Z44: 264 | AB44: 2026-02-08T04:14:05.3230000Z | AC44: =LEFT(AB44,10) -> 2026-02-08
A45: 7033 | B45: T2-25_BDSDF110 | C45: Linear Algebra | D45: BS - Data Science &amp; AI | E45: dept_bs_dsai | F45: 6653 | G45: Trimester 2 | H45: 254 | I45: 2025eb1100029@bitspilani-digital.edu.in | J45: 2025EB1100029 | K45: AARUSH SHARMA | L45: 11 | M45: 86 | N45: 0 | O45: 3 | P45: 3 | Q45: 0 | R45: 0 | S45: 0 | U45: 0 | W45: 9900 | X45: 2026-02-10T08:26:52.3300000Z | Y45: 2026-02-10T08:26:27.1330000Z | Z45: 134 | AB45: 2026-02-07T21:13:58.4200000Z | AC45: =LEFT(AB45,10) -> 2026-02-07 | AD45: 2026-02-01T19:40:59.0430000Z | AE45: 2026-02-01T19:40:59.0470000Z
A46: 7032 | B46: T2-25_BDSDF107 | C46: Fundamentals of Data Science and Engineering | D46: BS - Data Science &amp; AI | E46: dept_bs_dsai | F46: 6653 | G46: Trimester 2 | H46: 254 | I46: 2025eb1100029@bitspilani-digital.edu.in | J46: 2025EB1100029 | K46: AARUSH SHARMA | L46: 32 | M46: 112 | N46: 0 | O46: 5 | P46: 5 | Q46: 0 | R46: 0 | S46: 0 | U46: 0 | W46: 60457 | X46: 2026-02-09T14:30:48.2130000Z | Y46: 2026-02-10T08:26:27.1330000Z | Z46: 134 | AB46: 2026-02-06T19:13:27.0930000Z | AC46: =LEFT(AB46,10) -> 2026-02-06
A47: 7034 | B47: T2-25_BDSDF106 | C47: Data Structures for Data Science | D47: BS - Data Science &amp; AI | E47: dept_bs_dsai | F47: 6653 | G47: Trimester 2 | H47: 254 | I47: 2025eb1100029@bitspilani-digital.edu.in | J47: 2025EB1100029 | K47: AARUSH SHARMA | L47: 4 | M47: 154 | N47: 0 | O47: 1 | P47: 1 | Q47: 0 | R47: 0 | S47: 0 | U47: 0 | W47: 25 | X47: 2026-02-09T14:30:02.8730000Z | Y47: 2026-02-10T08:26:27.1330000Z | Z47: 134 | AB47: 2026-02-07T20:53:30.4930000Z | AC47: =LEFT(AB47,10) -> 2026-02-07 | AD47: 2026-01-22T12:39:22.6170000Z | AE47: 2026-01-22T12:39:22.6230000Z
A48: 7035 | B48: T2-25_BDSDF102 | C48: Data Preprocessing (BS) | D48: BS - Data Science &amp; AI | E48: dept_bs_dsai | F48: 6653 | G48: Trimester 2 | H48: 254 | I48: 2025eb1100029@bitspilani-digital.edu.in | J48: 2025EB1100029 | K48: AARUSH SHARMA | L48: 19 | M48: 158 | N48: 0 | O48: 7 | P48: 7 | Q48: 0 | R48: 0 | S48: 0 | U48: 0 | W48: 11829 | X48: 2026-02-09T14:29:28.6300000Z | Y48: 2026-02-10T08:26:27.1330000Z | Z48: 134 | AB48: 2026-02-07T20:48:59.5630000Z | AC48: =LEFT(AB48,10) -> 2026-02-07
A49: 7035 | B49: T2-25_BDSDF102 | C49: Data Preprocessing (BS) | D49: BS - Data Science &amp; AI | E49: dept_bs_dsai | F49: 6653 | G49: Trimester 2 | H49: 255 | I49: 2025eb1100030@bitspilani-digital.edu.in | J49: 2025EB1100030 | K49: KAYITHOJU PRAVARAKYA | L49: 6 | M49: 158 | N49: 0 | O49: 1 | P49: 1 | Q49: 0 | R49: 0 | S49: 0 | U49: 0 | W49: 10984 | X49: 2026-02-09T20:38:48.6800000Z | Y49: 2026-02-10T11:05:01.0600000Z | Z49: 210 | AB49: 2026-02-09T20:38:41.0670000Z | AC49: =LEFT(AB49,10) -> 2026-02-09
A50: 7034 | B50: T2-25_BDSDF106 | C50: Data Structures for Data Science | D50: BS - Data Science &amp; AI | E50: dept_bs_dsai | F50: 6653 | G50: Trimester 2 | H50: 255 | I50: 2025eb1100030@bitspilani-digital.edu.in | J50: 2025EB1100030 | K50: KAYITHOJU PRAVARAKYA | L50: 3 | M50: 154 | N50: 0 | O50: 1 | P50: 1 | Q50: 0 | R50: 0 | S50: 0 | U50: 0 | W50: 0 | X50: 2026-02-09T13:57:00.1600000Z | Y50: 2026-02-10T11:05:01.0600000Z | Z50: 210 | AB50: 2026-02-09T13:56:51.3730000Z | AC50: =LEFT(AB50,10) -> 2026-02-09
A51: 7032 | B51: T2-25_BDSDF107 | C51: Fundamentals of Data Science and Engineering | D51: BS - Data Science &amp; AI | E51: dept_bs_dsai | F51: 6653 | G51: Trimester 2 | H51: 255 | I51: 2025eb1100030@bitspilani-digital.edu.in | J51: 2025EB1100030 | K51: KAYITHOJU PRAVARAKYA | L51: 5 | M51: 112 | N51: 0 | O51: 2 | P51: 2 | Q51: 0 | R51: 0 | S51: 0 | U51: 0 | W51: 273 | X51: 2026-02-10T11:05:07.4530000Z | Y51: 2026-02-10T11:05:01.0600000Z | Z51: 210 | AB51: 2026-02-07T18:35:20.1930000Z | AC51: =LEFT(AB51,10) -> 2026-02-07
A52: 7033 | B52: T2-25_BDSDF110 | C52: Linear Algebra | D52: BS - Data Science &amp; AI | E52: dept_bs_dsai | F52: 6653 | G52: Trimester 2 | H52: 255 | I52: 2025eb1100030@bitspilani-digital.edu.in | J52: 2025EB1100030 | K52: KAYITHOJU PRAVARAKYA | L52: 4 | M52: 86 | N52: 0 | O52: 1 | P52: 1 | Q52: 0 | R52: 0 | S52: 0 | U52: 0 | W52: 152 | X52: 2026-02-10T11:05:28.6470000Z | Y52: 2026-02-10T11:05:01.0600000Z | Z52: 210 | AB52: 2026-02-09T13:34:51.6500000Z | AC52: =LEFT(AB52,10) -> 2026-02-09 | AD52: 2026-01-18T15:51:45.8970000Z | AE52: 2026-01-18T15:51:45.8830000Z
A53: 7033 | B53: T2-25_BDSDF110 | C53: Linear Algebra | D53: BS - Data Science &amp; AI | E53: dept_bs_dsai | F53: 6653 | G53: Trimester 2 | H53: 256 | I53: 2025eb1100031@bitspilani-digital.edu.in | J53: 2025EB1100031 | K53: KUCHI SAMANVI | L53: 22 | M53: 86 | N53: 0 | O53: 5 | P53: 6 | Q53: 0 | R53: 0 | S53: 0 | U53: 0 | W53: 6741 | X53: 2026-02-09T08:44:26.2100000Z | Y53: 2026-02-09T08:34:26.3900000Z | Z53: 89 | AB53: 2026-02-09T08:44:21.7200000Z | AC53: =LEFT(AB53,10) -> 2026-02-09 | AD53: 2026-01-19T20:46:39.0970000Z | AE53: 2026-01-19T20:56:27.9530000Z
A54: 7032 | B54: T2-25_BDSDF107 | C54: Fundamentals of Data Science and Engineering | D54: BS - Data Science &amp; AI | E54: dept_bs_dsai | F54: 6653 | G54: Trimester 2 | H54: 256 | I54: 2025eb1100031@bitspilani-digital.edu.in | J54: 2025EB1100031 | K54: KUCHI SAMANVI | L54: 30 | M54: 112 | N54: 0 | O54: 4 | P54: 4 | Q54: 0 | R54: 0 | S54: 0 | U54: 0 | W54: 5631 | X54: 2026-02-07T14:12:37.8600000Z | Y54: 2026-02-09T08:34:26.3900000Z | Z54: 89 | AB54: 2026-02-07T14:12:25.4970000Z | AC54: =LEFT(AB54,10) -> 2026-02-07
A55: 7034 | B55: T2-25_BDSDF106 | C55: Data Structures for Data Science | D55: BS - Data Science &amp; AI | E55: dept_bs_dsai | F55: 6653 | G55: Trimester 2 | H55: 256 | I55: 2025eb1100031@bitspilani-digital.edu.in | J55: 2025EB1100031 | K55: KUCHI SAMANVI | L55: 3 | M55: 154 | N55: 0 | O55: 1 | P55: 1 | Q55: 0 | R55: 0 | S55: 0 | U55: 0 | W55: 34 | X55: 2026-02-09T08:48:24.4200000Z | Y55: 2026-02-09T08:34:26.3900000Z | Z55: 89 | AB55: 2026-02-09T08:48:23.4270000Z | AC55: =LEFT(AB55,10) -> 2026-02-09
A56: 7035 | B56: T2-25_BDSDF102 | C56: Data Preprocessing (BS) | D56: BS - Data Science &amp; AI | E56: dept_bs_dsai | F56: 6653 | G56: Trimester 2 | H56: 256 | I56: 2025eb1100031@bitspilani-digital.edu.in | J56: 2025EB1100031 | K56: KUCHI SAMANVI | L56: 26 | M56: 158 | N56: 0 | O56: 6 | P56: 6 | Q56: 0 | R56: 0 | S56: 0 | U56: 0 | W56: 20009 | X56: 2026-02-09T08:53:00.2300000Z | Y56: 2026-02-09T08:34:26.3900000Z | Z56: 89 | AB56: 2026-02-09T08:52:52.3970000Z | AC56: =LEFT(AB56,10) -> 2026-02-09
A57: 7035 | B57: T2-25_BDSDF102 | C57: Data Preprocessing (BS) | D57: BS - Data Science &amp; AI | E57: dept_bs_dsai | F57: 6653 | G57: Trimester 2 | H57: 257 | I57: 2025eb1100032@bitspilani-digital.edu.in | J57: 2025EB1100032 | K57: GANESH ANKIT | L57: 68 | M57: 158 | N57: 0 | O57: 18 | P57: 19 | Q57: 0 | R57: 0 | S57: 0 | U57: 0 | W57: 354 | X57: 2026-02-08T11:58:58.7570000Z | Y57: 2026-02-08T11:36:33.8600000Z | Z57: 126 | AB57: 2026-02-08T11:57:40.1230000Z | AC57: =LEFT(AB57,10) -> 2026-02-08
A58: 7034 | B58: T2-25_BDSDF106 | C58: Data Structures for Data Science | D58: BS - Data Science &amp; AI | E58: dept_bs_dsai | F58: 6653 | G58: Trimester 2 | H58: 257 | I58: 2025eb1100032@bitspilani-digital.edu.in | J58: 2025EB1100032 | K58: GANESH ANKIT | L58: 98 | M58: 154 | N58: 0 | O58: 20 | P58: 20 | Q58: 1 | R58: 0 | S58: 0 | T58: 2026-02-08T11:45:58.0400000Z | U58: 0 | W58: 2827 | X58: 2026-02-08T11:51:35.5700000Z | Y58: 2026-02-08T11:36:33.8600000Z | Z58: 126 | AB58: 2026-02-08T11:51:25.2600000Z | AC58: =LEFT(AB58,10) -> 2026-02-08 | AD58: 2026-01-24T06:46:47.5170000Z | AE58: 2026-01-24T06:46:49.3930000Z
A59: 7032 | B59: T2-25_BDSDF107 | C59: Fundamentals of Data Science and Engineering | D59: BS - Data Science &amp; AI | E59: dept_bs_dsai | F59: 6653 | G59: Trimester 2 | H59: 257 | I59: 2025eb1100032@bitspilani-digital.edu.in | J59: 2025EB1100032 | K59: GANESH ANKIT | L59: 44 | M59: 112 | N59: 0 | O59: 6 | P59: 6 | Q59: 0 | R59: 0 | S59: 0 | U59: 0 | W59: 302 | X59: 2026-02-08T11:53:18.9700000Z | Y59: 2026-02-08T11:36:33.8600000Z | Z59: 126 | AB59: 2026-02-08T11:53:02.1830000Z | AC59: =LEFT(AB59,10) -> 2026-02-08
A60: 7033 | B60: T2-25_BDSDF110 | C60: Linear Algebra | D60: BS - Data Science &amp; AI | E60: dept_bs_dsai | F60: 6653 | G60: Trimester 2 | H60: 257 | I60: 2025eb1100032@bitspilani-digital.edu.in | J60: 2025EB1100032 | K60: GANESH ANKIT | L60: 45 | M60: 86 | N60: 0 | O60: 5 | P60: 5 | Q60: 1 | R60: 0 | S60: 0 | T60: 2026-02-08T11:38:55.9270000Z | U60: 0 | W60: 505 | X60: 2026-02-08T11:43:24.0200000Z | Y60: 2026-02-08T11:36:33.8600000Z | Z60: 126 | AB60: 2026-02-08T11:43:07.4570000Z | AC60: =LEFT(AB60,10) -> 2026-02-08 | AD60: 2026-01-24T06:48:02.5530000Z | AE60: 2026-01-24T06:48:05.0470000Z
A61: 7032 | B61: T2-25_BDSDF107 | C61: Fundamentals of Data Science and Engineering | D61: BS - Data Science &amp; AI | E61: dept_bs_dsai | F61: 6653 | G61: Trimester 2 | H61: 258 | I61: 2025eb1100033@bitspilani-digital.edu.in | J61: 2025EB1100033 | K61: JHANVI KOTHARI | L61: 22 | M61: 112 | N61: 0 | O61: 2 | P61: 2 | Q61: 0 | R61: 0 | S61: 0 | U61: 0 | W61: 9360 | X61: 2026-02-08T11:36:17.8130000Z | Y61: 2026-02-08T11:27:45.0830000Z | Z61: 127 | AB61: 2026-02-08T11:36:05.1730000Z | AC61: =LEFT(AB61,10) -> 2026-02-08
A62: 7034 | B62: T2-25_BDSDF106 | C62: Data Structures for Data Science | D62: BS - Data Science &amp; AI | E62: dept_bs_dsai | F62: 6653 | G62: Trimester 2 | H62: 258 | I62: 2025eb1100033@bitspilani-digital.edu.in | J62: 2025EB1100033 | K62: JHANVI KOTHARI | L62: 23 | M62: 154 | N62: 0 | O62: 6 | P62: 6 | Q62: 0 | R62: 0 | S62: 0 | U62: 0 | W62: 23162 | X62: 2026-02-08T13:25:48.7430000Z | Y62: 2026-02-08T11:27:45.0830000Z | Z62: 127 | AB62: 2026-02-08T13:25:40.8400000Z | AC62: =LEFT(AB62,10) -> 2026-02-08 | AD62: 2026-02-08T13:26:40.7170000Z | AE62: 2026-02-08T13:26:40.7200000Z
A63: 7033 | B63: T2-25_BDSDF110 | C63: Linear Algebra | D63: BS - Data Science &amp; AI | E63: dept_bs_dsai | F63: 6653 | G63: Trimester 2 | H63: 259 | I63: 2025eb1100034@bitspilani-digital.edu.in | J63: 2025EB1100034 | K63: MEHTA PREET NIRAVKUMAR | L63: 19 | M63: 86 | N63: 0 | O63: 9 | P63: 9 | Q63: 0 | R63: 0 | S63: 0 | U63: 0 | W63: 6532 | X63: 2026-02-09T14:19:59.5170000Z | Y63: 2026-02-10T06:28:46.9430000Z | Z63: 418 | AB63: 2026-02-08T05:36:49.9470000Z | AC63: =LEFT(AB63,10) -> 2026-02-08 | AD63: 2026-02-02T13:35:13.8030000Z | AE63: 2026-02-02T13:35:13.8030000Z
A64: 7025 | B64: T2-25_BDSDF108 | C64: Computing Systems | D64: BS - Data Science &amp; AI | E64: dept_bs_dsai | F64: 6653 | G64: Trimester 2 | H64: 261 | I64: 2025eb1100036@bitspilani-digital.edu.in | J64: 2025EB1100036 | K64: DURRE SHAHWAR MOHAMMAD ZAKIR | L64: 6 | M64: 267 | N64: 0 | O64: 1 | P64: 1 | Q64: 0 | R64: 0 | S64: 0 | U64: 0 | W64: 62 | X64: 2026-02-10T08:35:34.2900000Z | Y64: 2026-02-10T08:36:15.4300000Z | Z64: 263 | AB64: 2026-02-10T08:35:17.4900000Z | AC64: =LEFT(AB64,10) -> 2026-02-10 | AD64: 2026-01-23T14:01:04.8330000Z | AE64: 2026-01-23T14:01:04.8400000Z
A65: 7022 | B65: T2-25_BDSDF114 | C65: Probability & Statistics | D65: BS - Data Science &amp; AI | E65: dept_bs_dsai | F65: 6653 | G65: Trimester 2 | H65: 261 | I65: 2025eb1100036@bitspilani-digital.edu.in | J65: 2025EB1100036 | K65: DURRE SHAHWAR MOHAMMAD ZAKIR | L65: 1 | M65: 326 | N65: 0 | O65: 1 | P65: 1 | Q65: 0 | R65: 0 | S65: 0 | U65: 0 | W65: 0 | X65: 2026-02-10T08:28:08.4700000Z | Y65: 2026-02-10T08:36:15.4300000Z | Z65: 263 | AB65: 2026-02-10T08:27:51.1830000Z | AC65: =LEFT(AB65,10) -> 2026-02-10
A66: 7033 | B66: T2-25_BDSDF110 | C66: Linear Algebra | D66: BS - Data Science &amp; AI | E66: dept_bs_dsai | F66: 6653 | G66: Trimester 2 | H66: 262 | I66: 2025eb1100037@bitspilani-digital.edu.in | J66: 2025EB1100037 | K66: SHIVAM KUMAR | L66: 22 | M66: 86 | N66: 0 | O66: 1 | P66: 1 | Q66: 0 | R66: 0 | S66: 0 | U66: 0 | W66: 2774 | X66: 2026-02-10T10:57:12.5800000Z | Y66: 2026-02-10T10:37:56.5070000Z | Z66: 115 | AB66: 2026-02-08T04:21:12.9030000Z | AC66: =LEFT(AB66,10) -> 2026-02-08 | AD66: 2026-02-10T11:00:45.5730000Z | AE66: 2026-02-10T11:00:45.5770000Z
A67: 7032 | B67: T2-25_BDSDF107 | C67: Fundamentals of Data Science and Engineering | D67: BS - Data Science &amp; AI | E67: dept_bs_dsai | F67: 6653 | G67: Trimester 2 | H67: 262 | I67: 2025eb1100037@bitspilani-digital.edu.in | J67: 2025EB1100037 | K67: SHIVAM KUMAR | L67: 22 | M67: 112 | N67: 0 | O67: 2 | P67: 2 | Q67: 0 | R67: 0 | S67: 0 | U67: 0 | W67: 8115 | X67: 2026-02-10T10:39:08.6130000Z | Y67: 2026-02-10T10:37:56.5070000Z | Z67: 115 | AB67: 2026-02-08T04:29:18.7800000Z | AC67: =LEFT(AB67,10) -> 2026-02-08
A68: 7034 | B68: T2-25_BDSDF106 | C68: Data Structures for Data Science | D68: BS - Data Science &amp; AI | E68: dept_bs_dsai | F68: 6653 | G68: Trimester 2 | H68: 262 | I68: 2025eb1100037@bitspilani-digital.edu.in | J68: 2025EB1100037 | K68: SHIVAM KUMAR | L68: 33 | M68: 154 | N68: 0 | O68: 1 | P68: 1 | Q68: 0 | R68: 0 | S68: 0 | U68: 0 | W68: 3451 | X68: 2026-02-10T10:46:46.5730000Z | Y68: 2026-02-10T10:37:56.5070000Z | Z68: 115 | AB68: 2026-02-08T04:25:12.7330000Z | AC68: =LEFT(AB68,10) -> 2026-02-08 | AD68: 2026-02-10T10:55:32.6330000Z | AE68: 2026-02-10T10:55:32.6330000Z
A69: 7033 | B69: T2-25_BDSDF110 | C69: Linear Algebra | D69: BS - Data Science &amp; AI | E69: dept_bs_dsai | F69: 6653 | G69: Trimester 2 | H69: 263 | I69: 2025eb1100038@bitspilani-digital.edu.in | J69: 2025EB1100038 | K69: JAANVI KHANNA | L69: 7 | M69: 86 | N69: 0 | O69: 2 | P69: 2 | Q69: 0 | R69: 0 | S69: 0 | U69: 0 | W69: 8580 | X69: 2026-02-08T14:46:37.1600000Z | Y69: 2026-02-10T07:02:32.9430000Z | Z69: 221 | AB69: 2026-02-08T14:46:12.7800000Z | AC69: =LEFT(AB69,10) -> 2026-02-08 | AD69: 2026-01-21T14:39:34.3430000Z | AE69: 2026-01-23T06:16:48.8470000Z
A70: 7025 | B70: T2-25_BDSDF108 | C70: Computing Systems | D70: BS - Data Science &amp; AI | E70: dept_bs_dsai | F70: 6653 | G70: Trimester 2 | H70: 263 | I70: 2025eb1100038@bitspilani-digital.edu.in | J70: 2025EB1100038 | K70: JAANVI KHANNA | L70: 20 | M70: 267 | N70: 0 | O70: 3 | P70: 3 | Q70: 0 | R70: 0 | S70: 0 | U70: 0 | W70: 25315 | X70: 2026-02-09T13:23:40.3530000Z | Y70: 2026-02-10T07:02:32.9430000Z | Z70: 221 | AB70: 2026-02-08T14:52:49.2770000Z | AC70: =LEFT(AB70,10) -> 2026-02-08 | AD70: 2026-02-09T04:30:24.7870000Z | AE70: 2026-02-09T04:30:24.7870000Z
A71: 7021 | B71: T2-25_BDSDF113 | C71: Computer Programming | D71: BS - Data Science &amp; AI | E71: dept_bs_dsai | F71: 6653 | G71: Trimester 2 | H71: 263 | I71: 2025eb1100038@bitspilani-digital.edu.in | J71: 2025EB1100038 | K71: JAANVI KHANNA | L71: 1 | M71: 356 | N71: 0 | O71: 1 | P71: 1 | Q71: 0 | R71: 0 | S71: 0 | U71: 0 | W71: 0 | X71: 2026-02-09T04:20:34.0870000Z | Y71: 2026-02-10T07:02:32.9430000Z | Z71: 221 | AB71: 2026-02-09T04:20:33.1330000Z | AC71: =LEFT(AB71,10) -> 2026-02-09
A72: 7033 | B72: T2-25_BDSDF110 | C72: Linear Algebra | D72: BS - Data Science &amp; AI | E72: dept_bs_dsai | F72: 6653 | G72: Trimester 2 | H72: 265 | I72: 2025eb1100040@bitspilani-digital.edu.in | J72: 2025EB1100040 | K72: MARIA C JOSEPH | L72: 1 | M72: 86 | N72: 0 | O72: 1 | P72: 1 | Q72: 0 | R72: 0 | S72: 0 | U72: 0 | W72: 0 | X72: 2026-02-09T16:21:26.0400000Z | Y72: 2026-02-09T16:35:11.5700000Z | Z72: 119 | AB72: 2026-02-09T16:20:47.0570000Z | AC72: =LEFT(AB72,10) -> 2026-02-09
A73: 7032 | B73: T2-25_BDSDF107 | C73: Fundamentals of Data Science and Engineering | D73: BS - Data Science &amp; AI | E73: dept_bs_dsai | F73: 6653 | G73: Trimester 2 | H73: 265 | I73: 2025eb1100040@bitspilani-digital.edu.in | J73: 2025EB1100040 | K73: MARIA C JOSEPH | L73: 1 | M73: 112 | N73: 0 | O73: 1 | P73: 1 | Q73: 0 | R73: 0 | S73: 0 | U73: 0 | W73: 0 | X73: 2026-02-09T16:38:42.6470000Z | Y73: 2026-02-09T16:35:11.5700000Z | Z73: 119 | AB73: 2026-02-09T16:38:41.5400000Z | AC73: =LEFT(AB73,10) -> 2026-02-09
A74: 7034 | B74: T2-25_BDSDF106 | C74: Data Structures for Data Science | D74: BS - Data Science &amp; AI | E74: dept_bs_dsai | F74: 6653 | G74: Trimester 2 | H74: 265 | I74: 2025eb1100040@bitspilani-digital.edu.in | J74: 2025EB1100040 | K74: MARIA C JOSEPH | L74: 1 | M74: 154 | N74: 0 | O74: 1 | P74: 1 | Q74: 0 | R74: 0 | S74: 0 | U74: 0 | W74: 0 | X74: 2026-02-09T16:25:41.9070000Z | Y74: 2026-02-09T16:35:11.5700000Z | Z74: 119 | AB74: 2026-02-09T16:25:40.7430000Z | AC74: =LEFT(AB74,10) -> 2026-02-09
A75: 7034 | B75: T2-25_BDSDF106 | C75: Data Structures for Data Science | D75: BS - Data Science &amp; AI | E75: dept_bs_dsai | F75: 6653 | G75: Trimester 2 | H75: 266 | I75: 2025eb1100041@bitspilani-digital.edu.in | J75: 2025EB1100041 | K75: NISSIE HASINI ALLABOYINA | L75: 98 | M75: 154 | N75: 0 | O75: 30 | P75: 31 | Q75: 3 | R75: 0 | S75: 0 | T75: 2026-02-09T07:12:24.1770000Z | U75: 0 | W75: 20314 | X75: 2026-02-09T07:12:56.9900000Z | Y75: 2026-02-10T10:33:56.5900000Z | Z75: 505 | AB75: 2026-02-09T07:08:02.1970000Z | AC75: =LEFT(AB75,10) -> 2026-02-09 | AD75: 2026-02-09T07:08:39.8370000Z | AE75: 2026-02-09T07:08:44.5700000Z
A76: 7035 | B76: T2-25_BDSDF102 | C76: Data Preprocessing (BS) | D76: BS - Data Science &amp; AI | E76: dept_bs_dsai | F76: 6653 | G76: Trimester 2 | H76: 266 | I76: 2025eb1100041@bitspilani-digital.edu.in | J76: 2025EB1100041 | K76: NISSIE HASINI ALLABOYINA | L76: 100 | M76: 158 | N76: 0 | O76: 28 | P76: 28 | Q76: 4 | R76: 0 | S76: 7 | T76: 2026-02-10T07:02:35.4800000Z | U76: 0 | W76: 59189 | X76: 2026-02-10T07:17:49.5770000Z | Y76: 2026-02-10T10:33:56.5900000Z | Z76: 505 | AB76: 2026-02-10T06:47:59.5200000Z | AC76: =LEFT(AB76,10) -> 2026-02-10
A77: 7032 | B77: T2-25_BDSDF107 | C77: Fundamentals of Data Science and Engineering | D77: BS - Data Science &amp; AI | E77: dept_bs_dsai | F77: 6653 | G77: Trimester 2 | H77: 266 | I77: 2025eb1100041@bitspilani-digital.edu.in | J77: 2025EB1100041 | K77: NISSIE HASINI ALLABOYINA | L77: 57 | M77: 112 | N77: 0 | O77: 7 | P77: 7 | Q77: 4 | R77: 0 | S77: 0 | T77: 2026-02-10T08:30:29.0430000Z | U77: 0 | W77: 7028 | X77: 2026-02-10T08:30:29.3330000Z | Y77: 2026-02-10T10:33:56.5900000Z | Z77: 505 | AB77: 2026-02-10T08:09:12.5330000Z | AC77: =LEFT(AB77,10) -> 2026-02-10
A78: 7033 | B78: T2-25_BDSDF110 | C78: Linear Algebra | D78: BS - Data Science &amp; AI | E78: dept_bs_dsai | F78: 6653 | G78: Trimester 2 | H78: 266 | I78: 2025eb1100041@bitspilani-digital.edu.in | J78: 2025EB1100041 | K78: NISSIE HASINI ALLABOYINA | L78: 50 | M78: 86 | N78: 0 | O78: 12 | P78: 12 | Q78: 3 | R78: 0 | S78: 0 | T78: 2026-02-06T10:49:43.0730000Z | U78: 0 | W78: 33939 | X78: 2026-02-10T11:13:57.3930000Z | Y78: 2026-02-10T10:33:56.5900000Z | Z78: 505 | AB78: 2026-02-09T06:29:10.5870000Z | AC78: =LEFT(AB78,10) -> 2026-02-09 | AD78: 2026-02-10T10:45:31.5970000Z | AE78: 2026-02-10T11:19:38.0500000Z
A79: 7033 | B79: T2-25_BDSDF110 | C79: Linear Algebra | D79: BS - Data Science &amp; AI | E79: dept_bs_dsai | F79: 6653 | G79: Trimester 2 | H79: 267 | I79: 2025eb1100042@bitspilani-digital.edu.in | J79: 2025EB1100042 | K79: SHUBHASHREE SANNIGRAHI | L79: 3 | M79: 86 | N79: 0 | O79: 1 | P79: 1 | Q79: 0 | R79: 0 | S79: 0 | U79: 0 | W79: 53 | X79: 2026-02-08T02:58:15.8470000Z | Y79: 2026-02-10T02:02:20.5230000Z | Z79: 298 | AB79: 2026-02-08T02:58:11.0530000Z | AC79: =LEFT(AB79,10) -> 2026-02-08 | AD79: 2026-01-17T14:25:11.6030000Z | AE79: 2026-01-17T14:25:11.5900000Z
A80: 7035 | B80: T2-25_BDSDF102 | C80: Data Preprocessing (BS) | D80: BS - Data Science &amp; AI | E80: dept_bs_dsai | F80: 6653 | G80: Trimester 2 | H80: 267 | I80: 2025eb1100042@bitspilani-digital.edu.in | J80: 2025EB1100042 | K80: SHUBHASHREE SANNIGRAHI | L80: 14 | M80: 158 | N80: 0 | O80: 2 | P80: 2 | Q80: 0 | R80: 0 | S80: 0 | U80: 0 | W80: 22518 | X80: 2026-02-10T02:02:21.7630000Z | Y80: 2026-02-10T02:02:20.5230000Z | Z80: 298 | AB80: 2026-02-08T12:35:36.7500000Z | AC80: =LEFT(AB80,10) -> 2026-02-08
A81: 7034 | B81: T2-25_BDSDF106 | C81: Data Structures for Data Science | D81: BS - Data Science &amp; AI | E81: dept_bs_dsai | F81: 6653 | G81: Trimester 2 | H81: 267 | I81: 2025eb1100042@bitspilani-digital.edu.in | J81: 2025EB1100042 | K81: SHUBHASHREE SANNIGRAHI | L81: 6 | M81: 154 | N81: 0 | O81: 1 | P81: 1 | Q81: 0 | R81: 0 | S81: 0 | U81: 0 | W81: 54 | X81: 2026-02-08T02:55:36.6000000Z | Y81: 2026-02-10T02:02:20.5230000Z | Z81: 298 | AB81: 2026-02-08T02:55:15.9170000Z | AC81: =LEFT(AB81,10) -> 2026-02-08 | AD81: 2026-01-17T14:22:47.0170000Z | AE81: 2026-01-17T14:22:47.0000000Z
A82: 7034 | B82: T2-25_BDSDF106 | C82: Data Structures for Data Science | D82: BS - Data Science &amp; AI | E82: dept_bs_dsai | F82: 6653 | G82: Trimester 2 | H82: 268 | I82: 2025eb1100043@bitspilani-digital.edu.in | J82: 2025EB1100043 | K82: JAHAGIRDAR ADITYA ASHWIN | L82: 68 | M82: 154 | N82: 0 | O82: 29 | P82: 29 | Q82: 0 | R82: 0 | S82: 0 | U82: 0 | W82: 138664 | X82: 2026-02-08T19:47:58.1870000Z | Y82: 2026-02-09T20:00:32.0430000Z | Z82: 174 | AB82: 2026-02-08T09:40:45.6170000Z | AC82: =LEFT(AB82,10) -> 2026-02-08 | AD82: 2026-02-08T19:48:43.6470000Z | AE82: 2026-02-08T19:48:43.6500000Z
A83: 7032 | B83: T2-25_BDSDF107 | C83: Fundamentals of Data Science and Engineering | D83: BS - Data Science &amp; AI | E83: dept_bs_dsai | F83: 6653 | G83: Trimester 2 | H83: 268 | I83: 2025eb1100043@bitspilani-digital.edu.in | J83: 2025EB1100043 | K83: JAHAGIRDAR ADITYA ASHWIN | L83: 27 | M83: 112 | N83: 0 | O83: 5 | P83: 5 | Q83: 0 | R83: 0 | S83: 0 | U83: 0 | W83: 35721 | X83: 2026-02-08T09:37:11.8270000Z | Y83: 2026-02-09T20:00:32.0430000Z | Z83: 174 | AB83: 2026-02-08T09:37:05.0930000Z | AC83: =LEFT(AB83,10) -> 2026-02-08
A84: 7023 | B84: T2-25_BDSDF112 | C84: Writing Practice | D84: BS - Data Science &amp; AI | E84: dept_bs_dsai | F84: 6653 | G84: Trimester 2 | H84: 268 | I84: 2025eb1100043@bitspilani-digital.edu.in | J84: 2025EB1100043 | K84: JAHAGIRDAR ADITYA ASHWIN | L84: 2 | M84: 209 | N84: 0 | O84: 1 | P84: 1 | Q84: 0 | R84: 0 | S84: 0 | U84: 0 | W84: 133 | X84: 2026-02-09T20:10:10.3770000Z | Y84: 2026-02-09T20:00:32.0430000Z | Z84: 174 | AB84: 2026-02-09T20:10:05.9600000Z | AC84: =LEFT(AB84,10) -> 2026-02-09
A85: 7033 | B85: T2-25_BDSDF110 | C85: Linear Algebra | D85: BS - Data Science &amp; AI | E85: dept_bs_dsai | F85: 6653 | G85: Trimester 2 | H85: 272 | I85: 2025eb1100047@bitspilani-digital.edu.in | J85: 2025EB1100047 | K85: SYED SARIM HASSAN | L85: 44 | M85: 86 | N85: 0 | O85: 12 | P85: 29 | Q85: 0 | R85: 0 | S85: 0 | U85: 0 | W85: 20491 | X85: 2026-02-09T15:02:27.0400000Z | Y85: 2026-02-09T15:01:45.0070000Z | Z85: 227 | AB85: 2026-02-08T14:20:20.2870000Z | AC85: =LEFT(AB85,10) -> 2026-02-08 | AD85: 2026-02-05T09:32:34.7830000Z | AE85: 2026-02-05T09:32:38.0430000Z
A86: 7032 | B86: T2-25_BDSDF107 | C86: Fundamentals of Data Science and Engineering | D86: BS - Data Science &amp; AI | E86: dept_bs_dsai | F86: 6653 | G86: Trimester 2 | H86: 272 | I86: 2025eb1100047@bitspilani-digital.edu.in | J86: 2025EB1100047 | K86: SYED SARIM HASSAN | L86: 37 | M86: 112 | N86: 0 | O86: 6 | P86: 13 | Q86: 0 | R86: 0 | S86: 0 | U86: 0 | W86: 20519 | X86: 2026-02-08T14:38:02.2270000Z | Y86: 2026-02-09T15:01:45.0070000Z | Z86: 227 | AB86: 2026-02-06T17:38:31.6370000Z | AC86: =LEFT(AB86,10) -> 2026-02-06
A87: 7034 | B87: T2-25_BDSDF106 | C87: Data Structures for Data Science | D87: BS - Data Science &amp; AI | E87: dept_bs_dsai | F87: 6653 | G87: Trimester 2 | H87: 272 | I87: 2025eb1100047@bitspilani-digital.edu.in | J87: 2025EB1100047 | K87: SYED SARIM HASSAN | L87: 88 | M87: 154 | N87: 0 | O87: 30 | P87: 68 | Q87: 0 | R87: 0 | S87: 0 | U87: 0 | W87: 35001 | X87: 2026-02-08T14:38:20.2530000Z | Y87: 2026-02-09T15:01:45.0070000Z | Z87: 227 | AB87: 2026-02-08T14:27:02.9270000Z | AC87: =LEFT(AB87,10) -> 2026-02-08 | AD87: 2026-02-04T16:58:43.2170000Z | AE87: 2026-02-04T17:06:47.0100000Z
A88: 7035 | B88: T2-25_BDSDF102 | C88: Data Preprocessing (BS) | D88: BS - Data Science &amp; AI | E88: dept_bs_dsai | F88: 6653 | G88: Trimester 2 | H88: 272 | I88: 2025eb1100047@bitspilani-digital.edu.in | J88: 2025EB1100047 | K88: SYED SARIM HASSAN | L88: 84 | M88: 158 | N88: 0 | O88: 26 | P88: 54 | Q88: 0 | R88: 0 | S88: 0 | U88: 0 | W88: 58031 | X88: 2026-02-09T15:06:21.0600000Z | Y88: 2026-02-09T15:01:45.0070000Z | Z88: 227 | AB88: 2026-02-08T14:36:23.7870000Z | AC88: =LEFT(AB88,10) -> 2026-02-08
A89: 7025 | B89: T2-25_BDSDF108 | C89: Computing Systems | D89: BS - Data Science &amp; AI | E89: dept_bs_dsai | F89: 6653 | G89: Trimester 2 | H89: 275 | I89: 2025eb1100050@bitspilani-digital.edu.in | J89: 2025EB1100050 | K89: BONAGIRI PRANAV SRIRAM | L89: 3 | M89: 267 | N89: 0 | O89: 1 | P89: 1 | Q89: 0 | R89: 0 | S89: 0 | U89: 0 | W89: 1005 | X89: 2026-02-08T05:04:33.4830000Z | Y89: 2026-02-08T04:53:43.0200000Z | Z89: 87 | AB89: 2026-02-08T05:02:54.2870000Z | AC89: =LEFT(AB89,10) -> 2026-02-08 | AD89: 2026-01-21T16:09:05.1400000Z | AE89: 2026-02-04T09:40:37.3930000Z
A90: 7032 | B90: T2-25_BDSDF107 | C90: Fundamentals of Data Science and Engineering | D90: BS - Data Science &amp; AI | E90: dept_bs_dsai | F90: 6653 | G90: Trimester 2 | H90: 276 | I90: 2025eb1100051@bitspilani-digital.edu.in | J90: 2025EB1100051 | K90: SHUNMUGA SUNDARAM S | L90: 29 | M90: 112 | N90: 0 | O90: 4 | P90: 4 | Q90: 0 | R90: 0 | S90: 0 | U90: 0 | W90: 14518 | X90: 2026-02-09T12:28:57.7800000Z | Y90: 2026-02-10T04:36:00.6230000Z | Z90: 271 | AB90: 2026-02-08T14:49:42.1800000Z | AC90: =LEFT(AB90,10) -> 2026-02-08
A91: 7033 | B91: T2-25_BDSDF110 | C91: Linear Algebra | D91: BS - Data Science &amp; AI | E91: dept_bs_dsai | F91: 6653 | G91: Trimester 2 | H91: 277 | I91: 2025eb1100052@bitspilani-digital.edu.in | J91: 2025EB1100052 | K91: KANAMARLAPUDI N V S AJAY KUMAR | L91: 19 | M91: 86 | N91: 0 | O91: 5 | P91: 5 | Q91: 1 | R91: 0 | S91: 0 | T91: 2026-01-18T16:03:50.7370000Z | U91: 0 | W91: 5059 | X91: 2026-02-08T05:16:20.3200000Z | Y91: 2026-02-08T18:52:12.6300000Z | Z91: 126 | AB91: 2026-02-08T05:15:22.8700000Z | AC91: =LEFT(AB91,10) -> 2026-02-08 | AD91: 2026-01-22T12:33:33.3970000Z | AE91: 2026-01-22T12:39:19.0500000Z
A92: 7032 | B92: T2-25_BDSDF107 | C92: Fundamentals of Data Science and Engineering | D92: BS - Data Science &amp; AI | E92: dept_bs_dsai | F92: 6653 | G92: Trimester 2 | H92: 277 | I92: 2025eb1100052@bitspilani-digital.edu.in | J92: 2025EB1100052 | K92: KANAMARLAPUDI N V S AJAY KUMAR | L92: 23 | M92: 112 | N92: 0 | O92: 2 | P92: 2 | Q92: 0 | R92: 0 | S92: 0 | U92: 0 | W92: 2047 | X92: 2026-02-08T05:16:13.0230000Z | Y92: 2026-02-08T18:52:12.6300000Z | Z92: 126 | AB92: 2026-02-08T05:08:22.7100000Z | AC92: =LEFT(AB92,10) -> 2026-02-08
A93: 7035 | B93: T2-25_BDSDF102 | C93: Data Preprocessing (BS) | D93: BS - Data Science &amp; AI | E93: dept_bs_dsai | F93: 6653 | G93: Trimester 2 | H93: 277 | I93: 2025eb1100052@bitspilani-digital.edu.in | J93: 2025EB1100052 | K93: KANAMARLAPUDI N V S AJAY KUMAR | L93: 4 | M93: 158 | N93: 0 | O93: 1 | P93: 1 | Q93: 0 | R93: 0 | S93: 0 | U93: 0 | W93: 239 | X93: 2026-02-08T13:28:55.8530000Z | Y93: 2026-02-08T18:52:12.6300000Z | Z93: 126 | AB93: 2026-02-08T13:28:43.4570000Z | AC93: =LEFT(AB93,10) -> 2026-02-08
A94: 7034 | B94: T2-25_BDSDF106 | C94: Data Structures for Data Science | D94: BS - Data Science &amp; AI | E94: dept_bs_dsai | F94: 6653 | G94: Trimester 2 | H94: 277 | I94: 2025eb1100052@bitspilani-digital.edu.in | J94: 2025EB1100052 | K94: KANAMARLAPUDI N V S AJAY KUMAR | L94: 43 | M94: 154 | N94: 0 | O94: 13 | P94: 13 | Q94: 1 | R94: 0 | S94: 0 | T94: 2026-01-29T15:06:08.0930000Z | U94: 0 | W94: 11786 | X94: 2026-02-08T13:23:58.9200000Z | Y94: 2026-02-08T18:52:12.6300000Z | Z94: 126 | AB94: 2026-02-08T13:23:51.2070000Z | AC94: =LEFT(AB94,10) -> 2026-02-08 | AD94: 2026-02-02T13:28:14.4530000Z | AE94: 2026-02-02T13:28:19.4900000Z
A95: 7034 | B95: T2-25_BDSDF106 | C95: Data Structures for Data Science | D95: BS - Data Science &amp; AI | E95: dept_bs_dsai | F95: 6653 | G95: Trimester 2 | H95: 278 | I95: 2025eb1100053@bitspilani-digital.edu.in | J95: 2025EB1100053 | K95: SIDHI | L95: 1 | M95: 154 | N95: 0 | O95: 1 | P95: 1 | Q95: 0 | R95: 0 | S95: 0 | U95: 0 | W95: 0 | X95: 2026-02-08T10:11:17.8900000Z | Y95: 2026-02-08T09:21:30.0330000Z | Z95: 116 | AB95: 2026-02-08T10:11:10.6970000Z | AC95: =LEFT(AB95,10) -> 2026-02-08
A96: 7035 | B96: T2-25_BDSDF102 | C96: Data Preprocessing (BS) | D96: BS - Data Science &amp; AI | E96: dept_bs_dsai | F96: 6653 | G96: Trimester 2 | H96: 278 | I96: 2025eb1100053@bitspilani-digital.edu.in | J96: 2025EB1100053 | K96: SIDHI | L96: 2 | M96: 158 | N96: 0 | O96: 1 | P96: 1 | Q96: 0 | R96: 0 | S96: 0 | U96: 0 | W96: 0 | X96: 2026-02-08T12:23:38.5770000Z | Y96: 2026-02-08T09:21:30.0330000Z | Z96: 116 | AB96: 2026-02-08T10:15:20.5170000Z | AC96: =LEFT(AB96,10) -> 2026-02-08
A97: 7032 | B97: T2-25_BDSDF107 | C97: Fundamentals of Data Science and Engineering | D97: BS - Data Science &amp; AI | E97: dept_bs_dsai | F97: 6653 | G97: Trimester 2 | H97: 278 | I97: 2025eb1100053@bitspilani-digital.edu.in | J97: 2025EB1100053 | K97: SIDHI | L97: 1 | M97: 112 | N97: 0 | O97: 1 | P97: 1 | Q97: 0 | R97: 0 | S97: 0 | U97: 0 | W97: 0 | X97: 2026-02-08T10:00:34.2300000Z | Y97: 2026-02-08T09:21:30.0330000Z | Z97: 116 | AB97: 2026-02-08T10:00:29.0700000Z | AC97: =LEFT(AB97,10) -> 2026-02-08
A98: 7033 | B98: T2-25_BDSDF110 | C98: Linear Algebra | D98: BS - Data Science &amp; AI | E98: dept_bs_dsai | F98: 6653 | G98: Trimester 2 | H98: 278 | I98: 2025eb1100053@bitspilani-digital.edu.in | J98: 2025EB1100053 | K98: SIDHI | L98: 2 | M98: 86 | N98: 0 | O98: 1 | P98: 1 | Q98: 0 | R98: 0 | S98: 0 | U98: 0 | W98: 4 | X98: 2026-02-08T10:07:48.2900000Z | Y98: 2026-02-08T09:21:30.0330000Z | Z98: 116 | AB98: 2026-02-08T10:07:22.7800000Z | AC98: =LEFT(AB98,10) -> 2026-02-08 | AD98: 2026-02-01T12:35:54.6600000Z | AE98: 2026-02-04T17:26:40.5330000Z
A99: 7033 | B99: T2-25_BDSDF110 | C99: Linear Algebra | D99: BS - Data Science &amp; AI | E99: dept_bs_dsai | F99: 6653 | G99: Trimester 2 | H99: 279 | I99: 2025eb1100054@bitspilani-digital.edu.in | J99: 2025EB1100054 | K99: PARTH NEGI | L99: 1 | M99: 86 | N99: 0 | O99: 1 | P99: 1 | Q99: 0 | R99: 0 | S99: 0 | U99: 0 | W99: 0 | X99: 2026-02-08T17:07:04.3200000Z | Y99: 2026-02-08T16:48:26.0330000Z | Z99: 137 | AB99: 2026-02-08T17:06:56.8230000Z | AC99: =LEFT(AB99,10) -> 2026-02-08
A100: 7035 | B100: T2-25_BDSDF102 | C100: Data Preprocessing (BS) | D100: BS - Data Science &amp; AI | E100: dept_bs_dsai | F100: 6653 | G100: Trimester 2 | H100: 279 | I100: 2025eb1100054@bitspilani-digital.edu.in | J100: 2025EB1100054 | K100: PARTH NEGI | L100: 2 | M100: 158 | N100: 0 | O100: 1 | P100: 1 | Q100: 0 | R100: 0 | S100: 0 | U100: 0 | W100: 9 | X100: 2026-02-08T17:03:21.4000000Z | Y100: 2026-02-08T16:48:26.0330000Z | Z100: 137 | AB100: 2026-02-08T17:03:07.7870000Z | AC100: =LEFT(AB100,10) -> 2026-02-08
...
