Workbook

Sheet Summary
A1: Old/New Student | B1: new | D1: Old/New Student | E1: new | G1: Old/New Student | H1: old | J1: Old/New Student | K1: old
A2: Parent Department Name | B2: BS | D2: Parent Department Name | E2: MS | G2: Parent Department Name | H2: BS | J2: Parent Department Name | K2: MS
A4: Course Name | B4: Student Count | D4: Course Name | E4: Student Count | G4: Course Name | H4: Student Count | J4: Course Name | K4: Student Count
A5: Computer Programming | B5: 109 | D5: Data Pre-processing (MSc) | E5: 356 | G5: Computer Programming | H5: 62 | J5: Artificial Neural Networks | K5: 353
A6: >10 % progress | B6: 71 | D6: >10 % progress | E6: 278 | G6: >10 % progress | H6: 17 | J6: >10 % progress | K6: 186
A7: 0 % progress | B7: 12 | D7: 0 % progress | E7: 39 | G7: 0 % progress | H7: 27 | J7: 0 % progress | K7: 44
A8: 0-10 % progress | B8: 26 | D8: 0-10 % progress | E8: 39 | G8: 0-10 % progress | H8: 18 | J8: 0-10 % progress | K8: 123
A9: Computing Systems | B9: 109 | D9: Data Visualization & Storytelling | E9: 356 | G9: Computing Systems | H9: 84 | J9: Cloud Services & Platforms | K9: 357
A10: >10 % progress | B10: 60 | D10: >10 % progress | E10: 271 | G10: >10 % progress | H10: 20 | J10: >10 % progress | K10: 192
A11: 0 % progress | B11: 17 | D11: 0 % progress | E11: 30 | G11: 0 % progress | H11: 27 | J11: 0 % progress | K11: 46
A12: 0-10 % progress | B12: 32 | D12: 0-10 % progress | E12: 55 | G12: 0-10 % progress | H12: 37 | J12: 0-10 % progress | K12: 119
A13: Data and the World | B13: 109 | D13: Feature Engineering | E13: 356 | G13: Data and the World | H13: 51 | J13: Data Pre-processing (MSc) | K13: 35
A14: >10 % progress | B14: 62 | D14: >10 % progress | E14: 157 | G14: >10 % progress | H14: 7 | J14: >10 % progress | K14: 7
A15: 0 % progress | B15: 26 | D15: 0 % progress | E15: 158 | G15: 0 % progress | H15: 33 | J15: 0 % progress | K15: 21
A16: 0-10 % progress | B16: 21 | D16: 0-10 % progress | E16: 41 | G16: 0-10 % progress | H16: 11 | J16: 0-10 % progress | K16: 7
... A21: Writing Practice | B21: 109 | D21: Grand Total | E21: 1424 | G21: Data Structures for Data Science | H21: 161 | J21: Data Visualization & Storytelling | K21: 36
A22: >10 % progress | B22: 53 | G22: >10 % progress | H22: 72 | J22: >10 % progress | K22: 8
A23: 0 % progress | B23: 19 | G23: 0 % progress | H23: 32 | J23: 0 % progress | K23: 14
A24: 0-10 % progress | B24: 37 | G24: 0-10 % progress | H24: 57 | J24: 0-10 % progress | K24: 14
A25: Grand Total | B25: 545 | G25: Fundamentals of Data Science and Engineering | H25: 178 | J25: Feature Engineering | K25: 35
G26: >10 % progress | H26: 105 | J26: >10 % progress | K26: 5
G27: 0 % progress | H27: 21 | J27: 0 % progress | K27: 25
G28: 0-10 % progress | H28: 52 | J28: 0-10 % progress | K28: 5
G29: Linear Algebra | H29: 190 | J29: Machine Learning | K29: 351
G30: >10 % progress | H30: 88 | J30: >10 % progress | K30: 190
G31: 0 % progress | H31: 37 | J31: 0 % progress | K31: 43
G32: 0-10 % progress | H32: 65 | J32: 0-10 % progress | K32: 118
G33: Probability & Statistics | H33: 69 | J33: Statistical Modelling & Inferencing | K33: 41
G34: >10 % progress | H34: 14 | J34: >10 % progress | K34: 7
G35: 0 % progress | H35: 32 | J35: 0 % progress | K35: 10
G36: 0-10 % progress | H36: 23 | J36: 0-10 % progress | K36: 24
G37: Writing Practice | H37: 25 | J37: Grand Total | K37: 1225
G38: >10 % progress | H38: 4
G39: 0 % progress | H39: 13
G40: 0-10 % progress | H40: 8
G41: Grand Total | H41: 976

Sheet Learners' Content Participation
A1: Course Offering Name | B1: (All) | D1: Until week 1, 2 | E1: 138
A2: Parent Department Name | B2: (All) | D2: present | E2: 78
A3: Old/New Student | B3: (All)
A5: Row Labels | B5: Total Courses (T2) | C5: Zero-Progress Courses (W1 2 3) | D5: Active Courses (W1,2,3)
A6: 2025eb1100001@bitspilani-digital.edu.in | B6: 5 | C6: 0 | D6: =B6-C6 -> 5
A7: 2025eb1100003@bitspilani-digital.edu.in | B7: 4 | C7: 0 | D7: =B7-C7 -> 4
A8: 2025eb1100004@bitspilani-digital.edu.in | B8: 4 | C8: 2 | D8: =B8-C8 -> 2
A9: 2025eb1100006@bitspilani-digital.edu.in | B9: 4 | C9: 1 | D9: =B9-C9 -> 3
A10: 2025eb1100007@bitspilani-digital.edu.in | B10: 4 | C10: 1 | D10: =B10-C10 -> 3
A11: 2025eb1100008@bitspilani-digital.edu.in | B11: 4 | C11: 2 | D11: =B11-C11 -> 2
A12: 2025eb1100009@bitspilani-digital.edu.in | B12: 5 | C12: 5 | D12: =B12-C12 -> 0
A13: 2025eb1100010@bitspilani-digital.edu.in | B13: 4 | C13: 1 | D13: =B13-C13 -> 3
A14: 2025eb1100012@bitspilani-digital.edu.in | B14: 2 | C14: 1 | D14: =B14-C14 -> 1
A15: 2025eb1100013@bitspilani-digital.edu.in | B15: 4 | C15: 4 | D15: =B15-C15 -> 0
A16: 2025eb1100014@bitspilani-digital.edu.in | B16: 2 | C16: 0 | D16: =B16-C16 -> 2
A17: 2025eb1100015@bitspilani-digital.edu.in | B17: 4 | C17: 0 | D17: =B17-C17 -> 4
... A1109: Grand Total | B1109: 4170 | C1109: 795 | D1109: =B1109-C1109 -> 3375
D1110: =B1110-C1110 -> 0
D1111: =B1111-C1111 -> 0
D1112: =B1112-C1112 -> 0
D1113: =B1113-C1113 -> 0
D1114: =B1114-C1114 -> 0

Sheet Learner Usage
A1: Course Offering Code | B1: Course Offering Name | C1: Parent Department Name | D1: Semester Name | E1: Username | F1: Username_for verification | G1: Org Defined Id | H1: Old/New Student | I1: First Name | J1: Is Active | K1: Content Completed | L1: Content Required W1,2,3 | M1: Usage% W1,2,3 | N1: W1,2,3 Active Flag | O1: Usage Category W1,2,3 | P1: Zero-Progress Flag | Q1: Total courses enrolled | R1: Learner with 0 participation | S1: Learner with 0 % participation | T1: Checklist Completed | U1: Quiz Completed | V1: Total Quiz Attempts | W1: Discussion Post Created | X1: Discussion Post Replies | Y1: Discussion Post Read | Z1: Last Discussion Post Date | AA1: Number Of Assignment Submissions | AB1: Last Assignment Submission Date | AC1: Total Time Spent In Content | AD1: Last Visited Date | AE1: Last System Login | AF1: Number Of Logins To The System | AG1: Auditor Name | AH1: Last Quiz Attempt Date | AI1: Last SCORM Completion Date | AJ1: Last SCORM Visit Date
A2: T2-25_BDSDF106 | B2: Data Structures for Data Science | C2: BS | D2: Trimester 2 | E2: 2025eb1100001@bitspilani-digital.edu.in | F2: =_xlfn.XLOOKUP(E2,Total_Enrolled!C:C,Total_Enrolled!C:C) -> 2025eb1100001@bitspilani-digital.edu.in | G2: 2025EB1100001 | H2: old | I2: RUDRA SHARMA | J2: TRUE | K2: 1 | L2: =_xlfn.XLOOKUP(B2,Courses!A:A,Courses!H:H) -> 93 | M2: =K2/L2 -> 0.010752688 | N2: =IF(M2>0,"Active","Not Active") -> Active | O2: {=_xlfn.IFS(M2=0,"0", M2<=10%,"0-10", TRUE,">10" )&" "&"% progress"} -> 0-10 % progress | P2: =IF(M2=0,1,0) -> 0 | Q2: =COUNTIFS($G:$G,$G2) -> 5 | R2: =P2/Q2 -> 0 | S2: =IF(R2=0, "no 0% progess", "no progress") -> no 0% progess | T2: 0 | U2: 1 | V2: 1 | W2: 0 | X2: 0 | Y2: 0 | AA2: 0 | AC2: 0 | AD2: 2026-02-08T09:13:59.9530000Z | AE2: 2026-02-08T08:54:36.2970000Z | AF2: 166 | AH2: 2026-02-08T09:04:03.4030000Z
A3: T2-25_BDSDF102 | B3: Data Preprocessing (BS) | C3: BS | D3: Trimester 2 | E3: 2025eb1100001@bitspilani-digital.edu.in | F3: =_xlfn.XLOOKUP(E3,Total_Enrolled!C:C,Total_Enrolled!C:C) -> 2025eb1100001@bitspilani-digital.edu.in | G3: 2025EB1100001 | H3: old | I3: RUDRA SHARMA | J3: TRUE | K3: 6 | L3: =_xlfn.XLOOKUP(B3,Courses!A:A,Courses!H:H) -> 84 | M3: =K3/L3 -> 0.071428571 | N3: =IF(M3>0,"Active","Not Active") -> Active | O3: {=_xlfn.IFS(M3=0,"0", M3<=10%,"0-10", TRUE,">10" )&" "&"% progress"} -> 0-10 % progress | P3: =IF(M3=0,1,0) -> 0 | Q3: =COUNTIFS($G:$G,$G3) -> 5 | R3: =P3/Q3 -> 0 | S3: =IF(R3=0, "no 0% progess", "no progress") -> no 0% progess | T3: 0 | U3: 2 | V3: 3 | W3: 0 | X3: 0 | Y3: 0 | AA3: 0 | AC3: 17096 | AD3: 2026-02-08T09:20:40.1530000Z | AE3: 2026-02-08T08:54:36.2970000Z | AF3: 166 | AH3: 2026-02-08T09:20:32.9730000Z
A4: T2-25_BDSDF107 | B4: Fundamentals of Data Science and Engineering | C4: BS | D4: Trimester 2 | E4: 2025eb1100001@bitspilani-digital.edu.in | F4: =_xlfn.XLOOKUP(E4,Total_Enrolled!C:C,Total_Enrolled!C:C) -> 2025eb1100001@bitspilani-digital.edu.in | G4: 2025EB1100001 | H4: old | I4: RUDRA SHARMA | J4: TRUE | K4: 45 | L4: =_xlfn.XLOOKUP(B4,Courses!A:A,Courses!H:H) -> 41 | M4: =K4/L4 -> 1.097561 | N4: =IF(M4>0,"Active","Not Active") -> Active | O4: {=_xlfn.IFS(M4=0,"0", M4<=10%,"0-10", TRUE,">10" )&" "&"% progress"} -> >10 % progress | P4: =IF(M4=0,1,0) -> 0 | Q4: =COUNTIFS($G:$G,$G4) -> 5 | R4: =P4/Q4 -> 0 | S4: =IF(R4=0, "no 0% progess", "no progress") -> no 0% progess | T4: 0 | U4: 7 | V4: 8 | W4: 0 | X4: 0 | Y4: 0 | AA4: 0 | AC4: 31534 | AD4: 2026-02-07T15:33:47.5000000Z | AE4: 2026-02-08T08:54:36.2970000Z | AF4: 166 | AH4: 2026-02-07T15:16:25.5370000Z
A5: T2-25_BDSDF110 | B5: Linear Algebra | C5: BS | D5: Trimester 2 | E5: 2025eb1100001@bitspilani-digital.edu.in | F5: =_xlfn.XLOOKUP(E5,Total_Enrolled!C:C,Total_Enrolled!C:C) -> 2025eb1100001@bitspilani-digital.edu.in | G5: 2025EB1100001 | H5: old | I5: RUDRA SHARMA | J5: TRUE | K5: 3 | L5: =_xlfn.XLOOKUP(B5,Courses!A:A,Courses!H:H) -> 46 | M5: =K5/L5 -> 0.065217391 | N5: =IF(M5>0,"Active","Not Active") -> Active | O5: {=_xlfn.IFS(M5=0,"0", M5<=10%,"0-10", TRUE,">10" )&" "&"% progress"} -> 0-10 % progress | P5: =IF(M5=0,1,0) -> 0 | Q5: =COUNTIFS($G:$G,$G5) -> 5 | R5: =P5/Q5 -> 0 | S5: =IF(R5=0, "no 0% progess", "no progress") -> no 0% progess | T5: 0 | U5: 1 | V5: 1 | W5: 0 | X5: 0 | Y5: 0 | AA5: 0 | AC5: 27 | AD5: 2026-02-08T09:12:57.6770000Z | AE5: 2026-02-08T08:54:36.2970000Z | AF5: 166 | AH5: 2026-02-08T09:12:53.8070000Z | AI5: 2026-01-23T15:01:45.2470000Z | AJ5: 2026-01-23T15:01:48.8770000Z
A6: T2-25_BDSDF108 | B6: Computing Systems | C6: BS | D6: Trimester 2 | E6: 2025eb1100001@bitspilani-digital.edu.in | F6: =_xlfn.XLOOKUP(E6,Total_Enrolled!C:C,Total_Enrolled!C:C) -> 2025eb1100001@bitspilani-digital.edu.in | G6: 2025EB1100001 | H6: old | I6: RUDRA SHARMA | J6: TRUE | K6: 92 | L6: =_xlfn.XLOOKUP(B6,Courses!A:A,Courses!H:H) -> 88 | M6: =K6/L6 -> 1.0454545 | N6: =IF(M6>0,"Active","Not Active") -> Active | O6: {=_xlfn.IFS(M6=0,"0", M6<=10%,"0-10", TRUE,">10" )&" "&"% progress"} -> >10 % progress | P6: =IF(M6=0,1,0) -> 0 | Q6: =COUNTIFS($G:$G,$G6) -> 5 | R6: =P6/Q6 -> 0 | S6: =IF(R6=0, "no 0% progess", "no progress") -> no 0% progess | T6: 0 | U6: 34 | V6: 56 | W6: 0 | X6: 0 | Y6: 0 | AA6: 0 | AC6: 1027 | AD6: 2026-02-08T08:57:34.8130000Z | AE6: 2026-02-08T08:54:36.2970000Z | AF6: 166 | AH6: 2026-02-08T08:57:30.2130000Z | AI6: 2026-01-23T14:59:58.6570000Z | AJ6: 2026-01-23T15:00:20.6770000Z
A7: T2-25_BDSDF114 | B7: Probability & Statistics | C7: BS | D7: Trimester 2 | E7: 2025eb1100003@bitspilani-digital.edu.in | F7: =_xlfn.XLOOKUP(E7,Total_Enrolled!C:C,Total_Enrolled!C:C) -> 2025eb1100003@bitspilani-digital.edu.in | G7: 2025EB1100003 | H7: old | I7: AJAYACHANDRAN.E | J7: TRUE | K7: 24 | L7: =_xlfn.XLOOKUP(B7,Courses!A:A,Courses!H:H) -> 61 | M7: =K7/L7 -> 0.39344262 | N7: =IF(M7>0,"Active","Not Active") -> Active | O7: {=_xlfn.IFS(M7=0,"0", M7<=10%,"0-10", TRUE,">10" )&" "&"% progress"} -> >10 % progress | P7: =IF(M7=0,1,0) -> 0 | Q7: =COUNTIFS($G:$G,$G7) -> 4 | R7: =P7/Q7 -> 0 | S7: =IF(R7=0, "no 0% progess", "no progress") -> no 0% progess | T7: 0 | U7: 3 | V7: 5 | W7: 2 | X7: 0 | Y7: 8 | Z7: 2026-01-30T21:48:45.6800000Z | AA7: 0 | AC7: 31222 | AD7: 2026-02-09T00:39:23.1430000Z | AE7: 2026-02-08T23:02:38.0030000Z | AF7: 115 | AH7: 2026-01-31T00:24:37.8630000Z | AI7: 2026-01-24T14:45:28.7000000Z | AJ7: 2026-01-31T00:25:02.4370000Z
A8: T2-25_BDSDF113 | B8: Computer Programming | C8: BS | D8: Trimester 2 | E8: 2025eb1100003@bitspilani-digital.edu.in | F8: =_xlfn.XLOOKUP(E8,Total_Enrolled!C:C,Total_Enrolled!C:C) -> 2025eb1100003@bitspilani-digital.edu.in | G8: 2025EB1100003 | H8: old | I8: AJAYACHANDRAN.E | J8: TRUE | K8: 44 | L8: =_xlfn.XLOOKUP(B8,Courses!A:A,Courses!H:H) -> 86 | M8: =K8/L8 -> 0.51162791 | N8: =IF(M8>0,"Active","Not Active") -> Active | O8: {=_xlfn.IFS(M8=0,"0", M8<=10%,"0-10", TRUE,">10" )&" "&"% progress"} -> >10 % progress | P8: =IF(M8=0,1,0) -> 0 | Q8: =COUNTIFS($G:$G,$G8) -> 4 | R8: =P8/Q8 -> 0 | S8: =IF(R8=0, "no 0% progess", "no progress") -> no 0% progess | T8: 0 | U8: 9 | V8: 18 | W8: 3 | X8: 0 | Y8: 1 | Z8: 2026-01-31T00:29:49.2300000Z | AA8: 0 | AC8: 49579 | AD8: 2026-02-09T00:39:46.6630000Z | AE8: 2026-02-08T23:02:38.0030000Z | AF8: 115 | AH8: 2026-01-31T23:46:19.5000000Z | AI8: 2026-01-31T12:03:07.5170000Z | AJ8: 2026-01-31T23:46:46.3370000Z
A9: T2-25_BDSDF107 | B9: Fundamentals of Data Science and Engineering | C9: BS | D9: Trimester 2 | E9: 2025eb1100003@bitspilani-digital.edu.in | F9: =_xlfn.XLOOKUP(E9,Total_Enrolled!C:C,Total_Enrolled!C:C) -> 2025eb1100003@bitspilani-digital.edu.in | G9: 2025EB1100003 | H9: old | I9: AJAYACHANDRAN.E | J9: TRUE | K9: 27 | L9: =_xlfn.XLOOKUP(B9,Courses!A:A,Courses!H:H) -> 41 | M9: =K9/L9 -> 0.65853659 | N9: =IF(M9>0,"Active","Not Active") -> Active | O9: {=_xlfn.IFS(M9=0,"0", M9<=10%,"0-10", TRUE,">10" )&" "&"% progress"} -> >10 % progress | P9: =IF(M9=0,1,0) -> 0 | Q9: =COUNTIFS($G:$G,$G9) -> 4 | R9: =P9/Q9 -> 0 | S9: =IF(R9=0, "no 0% progess", "no progress") -> no 0% progess | T9: 0 | U9: 3 | V9: 6 | W9: 0 | X9: 0 | Y9: 0 | AA9: 0 | AC9: 25900 | AD9: 2026-02-09T00:37:32.1300000Z | AE9: 2026-02-08T23:02:38.0030000Z | AF9: 115 | AH9: 2026-01-30T20:33:35.5230000Z
A10: T2-25_BDSDF102 | B10: Data Preprocessing (BS) | C10: BS | D10: Trimester 2 | E10: 2025eb1100003@bitspilani-digital.edu.in | F10: =_xlfn.XLOOKUP(E10,Total_Enrolled!C:C,Total_Enrolled!C:C) -> 2025eb1100003@bitspilani-digital.edu.in | G10: 2025EB1100003 | H10: old | I10: AJAYACHANDRAN.E | J10: TRUE | K10: 45 | L10: =_xlfn.XLOOKUP(B10,Courses!A:A,Courses!H:H) -> 84 | M10: =K10/L10 -> 0.53571429 | N10: =IF(M10>0,"Active","Not Active") -> Active | O10: {=_xlfn.IFS(M10=0,"0", M10<=10%,"0-10", TRUE,">10" )&" "&"% progress"} -> >10 % progress | P10: =IF(M10=0,1,0) -> 0 | Q10: =COUNTIFS($G:$G,$G10) -> 4 | R10: =P10/Q10 -> 0 | S10: =IF(R10=0, "no 0% progess", "no progress") -> no 0% progess | T10: 0 | U10: 6 | V10: 8 | W10: 3 | X10: 0 | Y10: 0 | Z10: 2026-02-07T23:08:17.5300000Z | AA10: 0 | AC10: 24234 | AD10: 2026-02-09T00:32:41.3400000Z | AE10: 2026-02-08T23:02:38.0030000Z | AF10: 115 | AH10: 2026-02-09T00:31:45.6730000Z
A11: T2-25_BDSDF102 | B11: Data Preprocessing (BS) | C11: BS | D11: Trimester 2 | E11: 2025eb1100004@bitspilani-digital.edu.in | F11: =_xlfn.XLOOKUP(E11,Total_Enrolled!C:C,Total_Enrolled!C:C) -> 2025eb1100004@bitspilani-digital.edu.in | G11: 2025EB1100004 | H11: old | I11: ARUNLAL P | J11: TRUE | K11: 1 | L11: =_xlfn.XLOOKUP(B11,Courses!A:A,Courses!H:H) -> 84 | M11: =K11/L11 -> 0.011904762 | N11: =IF(M11>0,"Active","Not Active") -> Active | O11: {=_xlfn.IFS(M11=0,"0", M11<=10%,"0-10", TRUE,">10" )&" "&"% progress"} -> 0-10 % progress | P11: =IF(M11=0,1,0) -> 0 | Q11: =COUNTIFS($G:$G,$G11) -> 4 | R11: =P11/Q11 -> 0 | S11: =IF(R11=0, "no 0% progess", "no progress") -> no 0% progess | T11: 0 | U11: 0 | V11: 0 | W11: 0 | X11: 0 | Y11: 0 | AA11: 0 | AC11: 0 | AD11: 2026-01-19T08:25:52.9870000Z | AE11: 2026-02-08T15:52:25.5800000Z | AF11: 151
A12: T2-25_BDSDF106 | B12: Data Structures for Data Science | C12: BS | D12: Trimester 2 | E12: 2025eb1100004@bitspilani-digital.edu.in | F12: =_xlfn.XLOOKUP(E12,Total_Enrolled!C:C,Total_Enrolled!C:C) -> 2025eb1100004@bitspilani-digital.edu.in | G12: 2025EB1100004 | H12: old | I12: ARUNLAL P | J12: TRUE | K12: 0 | L12: =_xlfn.XLOOKUP(B12,Courses!A:A,Courses!H:H) -> 93 | M12: =K12/L12 -> 0 | N12: =IF(M12>0,"Active","Not Active") -> Not Active | O12: {=_xlfn.IFS(M12=0,"0", M12<=10%,"0-10", TRUE,">10" )&" "&"% progress"} -> 0 % progress | P12: =IF(M12=0,1,0) -> 1 | Q12: =COUNTIFS($G:$G,$G12) -> 4 | R12: =P12/Q12 -> 0.25 | S12: =IF(R12=0, "no 0% progess", "no progress") -> no progress | T12: 0 | U12: 0 | V12: 0 | W12: 0 | X12: 0 | Y12: 0 | AA12: 0 | AC12: 0 | AD12: 2026-01-17T14:38:56.5370000Z | AE12: 2026-02-08T15:52:25.5800000Z | AF12: 151
A13: T2-25_BDSDF107 | B13: Fundamentals of Data Science and Engineering | C13: BS | D13: Trimester 2 | E13: 2025eb1100004@bitspilani-digital.edu.in | F13: =_xlfn.XLOOKUP(E13,Total_Enrolled!C:C,Total_Enrolled!C:C) -> 2025eb1100004@bitspilani-digital.edu.in | G13: 2025EB1100004 | H13: old | I13: ARUNLAL P | J13: TRUE | K13: 1 | L13: =_xlfn.XLOOKUP(B13,Courses!A:A,Courses!H:H) -> 41 | M13: =K13/L13 -> 0.024390244 | N13: =IF(M13>0,"Active","Not Active") -> Active | O13: {=_xlfn.IFS(M13=0,"0", M13<=10%,"0-10", TRUE,">10" )&" "&"% progress"} -> 0-10 % progress | P13: =IF(M13=0,1,0) -> 0 | Q13: =COUNTIFS($G:$G,$G13) -> 4 | R13: =P13/Q13 -> 0 | S13: =IF(R13=0, "no 0% progess", "no progress") -> no 0% progess | T13: 0 | U13: 1 | V13: 1 | W13: 0 | X13: 0 | Y13: 0 | AA13: 0 | AC13: 0 | AD13: 2026-02-08T15:58:42.1600000Z | AE13: 2026-02-08T15:52:25.5800000Z | AF13: 151 | AH13: 2026-02-08T15:58:35.0330000Z
A14: T2-25_BDSDF110 | B14: Linear Algebra | C14: BS | D14: Trimester 2 | E14: 2025eb1100004@bitspilani-digital.edu.in | F14: =_xlfn.XLOOKUP(E14,Total_Enrolled!C:C,Total_Enrolled!C:C) -> 2025eb1100004@bitspilani-digital.edu.in | G14: 2025EB1100004 | H14: old | I14: ARUNLAL P | J14: TRUE | K14: 0 | L14: =_xlfn.XLOOKUP(B14,Courses!A:A,Courses!H:H) -> 46 | M14: =K14/L14 -> 0 | N14: =IF(M14>0,"Active","Not Active") -> Not Active | O14: {=_xlfn.IFS(M14=0,"0", M14<=10%,"0-10", TRUE,">10" )&" "&"% progress"} -> 0 % progress | P14: =IF(M14=0,1,0) -> 1 | Q14: =COUNTIFS($G:$G,$G14) -> 4 | R14: =P14/Q14 -> 0.25 | S14: =IF(R14=0, "no 0% progess", "no progress") -> no progress | T14: 0 | U14: 0 | V14: 0 | W14: 0 | X14: 0 | Y14: 0 | AA14: 0 | AC14: 0 | AE14: 2026-02-08T15:52:25.5800000Z | AF14: 151
A15: T2-25_BDSDF110 | B15: Linear Algebra | C15: BS | D15: Trimester 2 | E15: 2025eb1100006@bitspilani-digital.edu.in | F15: =_xlfn.XLOOKUP(E15,Total_Enrolled!C:C,Total_Enrolled!C:C) -> 2025eb1100006@bitspilani-digital.edu.in | G15: 2025EB1100006 | H15: old | I15: JAL PATEL | J15: TRUE | K15: 1 | L15: =_xlfn.XLOOKUP(B15,Courses!A:A,Courses!H:H) -> 46 | M15: =K15/L15 -> 0.02173913 | N15: =IF(M15>0,"Active","Not Active") -> Active | O15: {=_xlfn.IFS(M15=0,"0", M15<=10%,"0-10", TRUE,">10" )&" "&"% progress"} -> 0-10 % progress | P15: =IF(M15=0,1,0) -> 0 | Q15: =COUNTIFS($G:$G,$G15) -> 4 | R15: =P15/Q15 -> 0 | S15: =IF(R15=0, "no 0% progess", "no progress") -> no 0% progess | T15: 0 | U15: 1 | V15: 1 | W15: 0 | X15: 0 | Y15: 0 | AA15: 0 | AC15: 0 | AD15: 2026-02-08T08:16:42.7600000Z | AE15: 2026-02-08T07:51:39.3430000Z | AF15: 73 | AH15: 2026-02-08T08:12:38.5830000Z
A16: T2-25_BDSDF107 | B16: Fundamentals of Data Science and Engineering | C16: BS | D16: Trimester 2 | E16: 2025eb1100006@bitspilani-digital.edu.in | F16: =_xlfn.XLOOKUP(E16,Total_Enrolled!C:C,Total_Enrolled!C:C) -> 2025eb1100006@bitspilani-digital.edu.in | G16: 2025EB1100006 | H16: old | I16: JAL PATEL | J16: TRUE | K16: 2 | L16: =_xlfn.XLOOKUP(B16,Courses!A:A,Courses!H:H) -> 41 | M16: =K16/L16 -> 0.048780488 | N16: =IF(M16>0,"Active","Not Active") -> Active | O16: {=_xlfn.IFS(M16=0,"0", M16<=10%,"0-10", TRUE,">10" )&" "&"% progress"} -> 0-10 % progress | P16: =IF(M16=0,1,0) -> 0 | Q16: =COUNTIFS($G:$G,$G16) -> 4 | R16: =P16/Q16 -> 0 | S16: =IF(R16=0, "no 0% progess", "no progress") -> no 0% progess | T16: 0 | U16: 2 | V16: 2 | W16: 0 | X16: 0 | Y16: 0 | AA16: 0 | AC16: 0 | AD16: 2026-02-08T08:17:07.8730000Z | AE16: 2026-02-08T07:51:39.3430000Z | AF16: 73 | AH16: 2026-02-08T08:02:33.4500000Z
A17: T2-25_BDSDF106 | B17: Data Structures for Data Science | C17: BS | D17: Trimester 2 | E17: 2025eb1100006@bitspilani-digital.edu.in | F17: =_xlfn.XLOOKUP(E17,Total_Enrolled!C:C,Total_Enrolled!C:C) -> 2025eb1100006@bitspilani-digital.edu.in | G17: 2025EB1100006 | H17: old | I17: JAL PATEL | J17: TRUE | K17: 1 | L17: =_xlfn.XLOOKUP(B17,Courses!A:A,Courses!H:H) -> 93 | M17: =K17/L17 -> 0.010752688 | N17: =IF(M17>0,"Active","Not Active") -> Active | O17: {=_xlfn.IFS(M17=0,"0", M17<=10%,"0-10", TRUE,">10" )&" "&"% progress"} -> 0-10 % progress | P17: =IF(M17=0,1,0) -> 0 | Q17: =COUNTIFS($G:$G,$G17) -> 4 | R17: =P17/Q17 -> 0 | S17: =IF(R17=0, "no 0% progess", "no progress") -> no 0% progess | T17: 0 | U17: 1 | V17: 1 | W17: 0 | X17: 0 | Y17: 0 | AA17: 0 | AC17: 0 | AD17: 2026-02-08T08:17:33.9070000Z | AE17: 2026-02-08T07:51:39.3430000Z | AF17: 73 | AH17: 2026-02-08T08:15:45.7230000Z
A18: T2-25_BDSDF102 | B18: Data Preprocessing (BS) | C18: BS | D18: Trimester 2 | E18: 2025eb1100006@bitspilani-digital.edu.in | F18: =_xlfn.XLOOKUP(E18,Total_Enrolled!C:C,Total_Enrolled!C:C) -> 2025eb1100006@bitspilani-digital.edu.in | G18: 2025EB1100006 | H18: old | I18: JAL PATEL | J18: TRUE | K18: 0 | L18: =_xlfn.XLOOKUP(B18,Courses!A:A,Courses!H:H) -> 84 | M18: =K18/L18 -> 0 | N18: =IF(M18>0,"Active","Not Active") -> Not Active | O18: {=_xlfn.IFS(M18=0,"0", M18<=10%,"0-10", TRUE,">10" )&" "&"% progress"} -> 0 % progress | P18: =IF(M18=0,1,0) -> 1 | Q18: =COUNTIFS($G:$G,$G18) -> 4 | R18: =P18/Q18 -> 0.25 | S18: =IF(R18=0, "no 0% progess", "no progress") -> no progress | T18: 0 | U18: 0 | V18: 0 | W18: 0 | X18: 0 | Y18: 0 | AA18: 0 | AC18: 0 | AD18: 2026-02-08T08:16:57.8270000Z | AE18: 2026-02-08T07:51:39.3430000Z | AF18: 73
A19: T2-25_BDSDF113 | B19: Computer Programming | C19: BS | D19: Trimester 2 | E19: 2025eb1100007@bitspilani-digital.edu.in | F19: =_xlfn.XLOOKUP(E19,Total_Enrolled!C:C,Total_Enrolled!C:C) -> 2025eb1100007@bitspilani-digital.edu.in | G19: 2025EB1100007 | H19: old | I19: HARSHVARDHAN SINGH | J19: TRUE | K19: 10 | L19: =_xlfn.XLOOKUP(B19,Courses!A:A,Courses!H:H) -> 86 | M19: =K19/L19 -> 0.11627907 | N19: =IF(M19>0,"Active","Not Active") -> Active | O19: {=_xlfn.IFS(M19=0,"0", M19<=10%,"0-10", TRUE,">10" )&" "&"% progress"} -> >10 % progress | P19: =IF(M19=0,1,0) -> 0 | Q19: =COUNTIFS($G:$G,$G19) -> 4 | R19: =P19/Q19 -> 0 | S19: =IF(R19=0, "no 0% progess", "no progress") -> no 0% progess | T19: 0 | U19: 4 | V19: 4 | W19: 0 | X19: 0 | Y19: 0 | AA19: 0 | AC19: 24662 | AD19: 2026-02-08T02:54:21.2930000Z | AE19: 2026-02-09T00:57:34.8670000Z | AF19: 67 | AH19: 2026-02-08T02:54:12.8470000Z | AI19: 2026-01-30T14:05:06.5370000Z | AJ19: 2026-02-05T07:23:03.0770000Z
A20: T2-25_BDSDF114 | B20: Probability & Statistics | C20: BS | D20: Trimester 2 | E20: 2025eb1100007@bitspilani-digital.edu.in | F20: =_xlfn.XLOOKUP(E20,Total_Enrolled!C:C,Total_Enrolled!C:C) -> 2025eb1100007@bitspilani-digital.edu.in | G20: 2025EB1100007 | H20: old | I20: HARSHVARDHAN SINGH | J20: TRUE | K20: 1 | L20: =_xlfn.XLOOKUP(B20,Courses!A:A,Courses!H:H) -> 61 | M20: =K20/L20 -> 0.016393443 | N20: =IF(M20>0,"Active","Not Active") -> Active | O20: {=_xlfn.IFS(M20=0,"0", M20<=10%,"0-10", TRUE,">10" )&" "&"% progress"} -> 0-10 % progress | P20: =IF(M20=0,1,0) -> 0 | Q20: =COUNTIFS($G:$G,$G20) -> 4 | R20: =P20/Q20 -> 0 | S20: =IF(R20=0, "no 0% progess", "no progress") -> no 0% progess | T20: 0 | U20: 1 | V20: 1 | W20: 0 | X20: 0 | Y20: 0 | AA20: 0 | AC20: 0 | AD20: 2026-02-08T02:56:47.4770000Z | AE20: 2026-02-09T00:57:34.8670000Z | AF20: 67 | AH20: 2026-02-08T02:56:43.8530000Z
A21: T2-25_BDSDF108 | B21: Computing Systems | C21: BS | D21: Trimester 2 | E21: 2025eb1100007@bitspilani-digital.edu.in | F21: =_xlfn.XLOOKUP(E21,Total_Enrolled!C:C,Total_Enrolled!C:C) -> 2025eb1100007@bitspilani-digital.edu.in | G21: 2025EB1100007 | H21: old | I21: HARSHVARDHAN SINGH | J21: TRUE | K21: 1 | L21: =_xlfn.XLOOKUP(B21,Courses!A:A,Courses!H:H) -> 88 | M21: =K21/L21 -> 0.011363636 | N21: =IF(M21>0,"Active","Not Active") -> Active | O21: {=_xlfn.IFS(M21=0,"0", M21<=10%,"0-10", TRUE,">10" )&" "&"% progress"} -> 0-10 % progress | P21: =IF(M21=0,1,0) -> 0 | Q21: =COUNTIFS($G:$G,$G21) -> 4 | R21: =P21/Q21 -> 0 | S21: =IF(R21=0, "no 0% progess", "no progress") -> no 0% progess | T21: 0 | U21: 1 | V21: 1 | W21: 0 | X21: 0 | Y21: 0 | AA21: 0 | AC21: 0 | AD21: 2026-02-08T03:02:53.3470000Z | AE21: 2026-02-09T00:57:34.8670000Z | AF21: 67 | AH21: 2026-02-08T03:02:49.6200000Z
A22: T2-25_BDSDF101 | B22: Data and the World | C22: BS | D22: Trimester 2 | E22: 2025eb1100007@bitspilani-digital.edu.in | F22: =_xlfn.XLOOKUP(E22,Total_Enrolled!C:C,Total_Enrolled!C:C) -> 2025eb1100007@bitspilani-digital.edu.in | G22: 2025EB1100007 | H22: old | I22: HARSHVARDHAN SINGH | J22: TRUE | K22: 0 | L22: =_xlfn.XLOOKUP(B22,Courses!A:A,Courses!H:H) -> 41 | M22: =K22/L22 -> 0 | N22: =IF(M22>0,"Active","Not Active") -> Not Active | O22: {=_xlfn.IFS(M22=0,"0", M22<=10%,"0-10", TRUE,">10" )&" "&"% progress"} -> 0 % progress | P22: =IF(M22=0,1,0) -> 1 | Q22: =COUNTIFS($G:$G,$G22) -> 4 | R22: =P22/Q22 -> 0.25 | S22: =IF(R22=0, "no 0% progess", "no progress") -> no progress | T22: 0 | U22: 0 | V22: 0 | W22: 0 | X22: 0 | Y22: 0 | AA22: 0 | AC22: 0 | AE22: 2026-02-09T00:57:34.8670000Z | AF22: 67
A23: T2-25_BDSDF102 | B23: Data Preprocessing (BS) | C23: BS | D23: Trimester 2 | E23: 2025eb1100008@bitspilani-digital.edu.in | F23: =_xlfn.XLOOKUP(E23,Total_Enrolled!C:C,Total_Enrolled!C:C) -> 2025eb1100008@bitspilani-digital.edu.in | G23: 2025EB1100008 | H23: old | I23: KALYANE VENKATESH NISHIKANT | J23: TRUE | K23: 4 | L23: =_xlfn.XLOOKUP(B23,Courses!A:A,Courses!H:H) -> 84 | M23: =K23/L23 -> 0.047619048 | N23: =IF(M23>0,"Active","Not Active") -> Active | O23: {=_xlfn.IFS(M23=0,"0", M23<=10%,"0-10", TRUE,">10" )&" "&"% progress"} -> 0-10 % progress | P23: =IF(M23=0,1,0) -> 0 | Q23: =COUNTIFS($G:$G,$G23) -> 4 | R23: =P23/Q23 -> 0 | S23: =IF(R23=0, "no 0% progess", "no progress") -> no 0% progess | T23: 0 | U23: 0 | V23: 0 | W23: 0 | X23: 0 | Y23: 0 | AA23: 0 | AC23: 6800 | AD23: 2026-02-07T15:35:16.0400000Z | AE23: 2026-02-07T15:26:57.4830000Z | AF23: 107
A24: T2-25_BDSDF106 | B24: Data Structures for Data Science | C24: BS | D24: Trimester 2 | E24: 2025eb1100008@bitspilani-digital.edu.in | F24: =_xlfn.XLOOKUP(E24,Total_Enrolled!C:C,Total_Enrolled!C:C) -> 2025eb1100008@bitspilani-digital.edu.in | G24: 2025EB1100008 | H24: old | I24: KALYANE VENKATESH NISHIKANT | J24: TRUE | K24: 0 | L24: =_xlfn.XLOOKUP(B24,Courses!A:A,Courses!H:H) -> 93 | M24: =K24/L24 -> 0 | N24: =IF(M24>0,"Active","Not Active") -> Not Active | O24: {=_xlfn.IFS(M24=0,"0", M24<=10%,"0-10", TRUE,">10" )&" "&"% progress"} -> 0 % progress | P24: =IF(M24=0,1,0) -> 1 | Q24: =COUNTIFS($G:$G,$G24) -> 4 | R24: =P24/Q24 -> 0.25 | S24: =IF(R24=0, "no 0% progess", "no progress") -> no progress | T24: 0 | U24: 0 | V24: 0 | W24: 0 | X24: 0 | Y24: 0 | AA24: 0 | AC24: 0 | AE24: 2026-02-07T15:26:57.4830000Z | AF24: 107
A25: T2-25_BDSDF107 | B25: Fundamentals of Data Science and Engineering | C25: BS | D25: Trimester 2 | E25: 2025eb1100008@bitspilani-digital.edu.in | F25: =_xlfn.XLOOKUP(E25,Total_Enrolled!C:C,Total_Enrolled!C:C) -> 2025eb1100008@bitspilani-digital.edu.in | G25: 2025EB1100008 | H25: old | I25: KALYANE VENKATESH NISHIKANT | J25: TRUE | K25: 5 | L25: =_xlfn.XLOOKUP(B25,Courses!A:A,Courses!H:H) -> 41 | M25: =K25/L25 -> 0.12195122 | N25: =IF(M25>0,"Active","Not Active") -> Active | O25: {=_xlfn.IFS(M25=0,"0", M25<=10%,"0-10", TRUE,">10" )&" "&"% progress"} -> >10 % progress | P25: =IF(M25=0,1,0) -> 0 | Q25: =COUNTIFS($G:$G,$G25) -> 4 | R25: =P25/Q25 -> 0 | S25: =IF(R25=0, "no 0% progess", "no progress") -> no 0% progess | T25: 0 | U25: 1 | V25: 1 | W25: 0 | X25: 0 | Y25: 0 | AA25: 0 | AC25: 3889 | AD25: 2026-02-07T15:34:29.9030000Z | AE25: 2026-02-07T15:26:57.4830000Z | AF25: 107 | AH25: 2026-02-07T15:34:10.0200000Z
A26: T2-25_BDSDF110 | B26: Linear Algebra | C26: BS | D26: Trimester 2 | E26: 2025eb1100008@bitspilani-digital.edu.in | F26: =_xlfn.XLOOKUP(E26,Total_Enrolled!C:C,Total_Enrolled!C:C) -> 2025eb1100008@bitspilani-digital.edu.in | G26: 2025EB1100008 | H26: old | I26: KALYANE VENKATESH NISHIKANT | J26: TRUE | K26: 0 | L26: =_xlfn.XLOOKUP(B26,Courses!A:A,Courses!H:H) -> 46 | M26: =K26/L26 -> 0 | N26: =IF(M26>0,"Active","Not Active") -> Not Active | O26: {=_xlfn.IFS(M26=0,"0", M26<=10%,"0-10", TRUE,">10" )&" "&"% progress"} -> 0 % progress | P26: =IF(M26=0,1,0) -> 1 | Q26: =COUNTIFS($G:$G,$G26) -> 4 | R26: =P26/Q26 -> 0.25 | S26: =IF(R26=0, "no 0% progess", "no progress") -> no progress | T26: 0 | U26: 0 | V26: 0 | W26: 0 | X26: 0 | Y26: 0 | AA26: 0 | AC26: 0 | AE26: 2026-02-07T15:26:57.4830000Z | AF26: 107
A27: T2-25_BDSDF101 | B27: Data and the World | C27: BS | D27: Trimester 2 | E27: 2025eb1100009@bitspilani-digital.edu.in | F27: =_xlfn.XLOOKUP(E27,Total_Enrolled!C:C,Total_Enrolled!C:C) -> 2025eb1100009@bitspilani-digital.edu.in | G27: 2025EB1100009 | H27: old | I27: ALI ZAFAR RIZVI | J27: TRUE | K27: 0 | L27: =_xlfn.XLOOKUP(B27,Courses!A:A,Courses!H:H) -> 41 | M27: =K27/L27 -> 0 | N27: =IF(M27>0,"Active","Not Active") -> Not Active | O27: {=_xlfn.IFS(M27=0,"0", M27<=10%,"0-10", TRUE,">10" )&" "&"% progress"} -> 0 % progress | P27: =IF(M27=0,1,0) -> 1 | Q27: =COUNTIFS($G:$G,$G27) -> 5 | R27: =P27/Q27 -> 0.2 | S27: =IF(R27=0, "no 0% progess", "no progress") -> no progress | T27: 0 | U27: 0 | V27: 0 | W27: 0 | X27: 0 | Y27: 0 | AA27: 0 | AC27: 0 | AE27: 2026-02-08T17:27:11.8430000Z | AF27: 7
A28: T2-25_BDSDF108 | B28: Computing Systems | C28: BS | D28: Trimester 2 | E28: 2025eb1100009@bitspilani-digital.edu.in | F28: =_xlfn.XLOOKUP(E28,Total_Enrolled!C:C,Total_Enrolled!C:C) -> 2025eb1100009@bitspilani-digital.edu.in | G28: 2025EB1100009 | H28: old | I28: ALI ZAFAR RIZVI | J28: TRUE | K28: 0 | L28: =_xlfn.XLOOKUP(B28,Courses!A:A,Courses!H:H) -> 88 | M28: =K28/L28 -> 0 | N28: =IF(M28>0,"Active","Not Active") -> Not Active | O28: {=_xlfn.IFS(M28=0,"0", M28<=10%,"0-10", TRUE,">10" )&" "&"% progress"} -> 0 % progress | P28: =IF(M28=0,1,0) -> 1 | Q28: =COUNTIFS($G:$G,$G28) -> 5 | R28: =P28/Q28 -> 0.2 | S28: =IF(R28=0, "no 0% progess", "no progress") -> no progress | T28: 0 | U28: 0 | V28: 0 | W28: 0 | X28: 0 | Y28: 0 | AA28: 0 | AC28: 0 | AE28: 2026-02-08T17:27:11.8430000Z | AF28: 7
A29: T2-25_BDSDF114 | B29: Probability & Statistics | C29: BS | D29: Trimester 2 | E29: 2025eb1100009@bitspilani-digital.edu.in | F29: =_xlfn.XLOOKUP(E29,Total_Enrolled!C:C,Total_Enrolled!C:C) -> 2025eb1100009@bitspilani-digital.edu.in | G29: 2025EB1100009 | H29: old | I29: ALI ZAFAR RIZVI | J29: TRUE | K29: 0 | L29: =_xlfn.XLOOKUP(B29,Courses!A:A,Courses!H:H) -> 61 | M29: =K29/L29 -> 0 | N29: =IF(M29>0,"Active","Not Active") -> Not Active | O29: {=_xlfn.IFS(M29=0,"0", M29<=10%,"0-10", TRUE,">10" )&" "&"% progress"} -> 0 % progress | P29: =IF(M29=0,1,0) -> 1 | Q29: =COUNTIFS($G:$G,$G29) -> 5 | R29: =P29/Q29 -> 0.2 | S29: =IF(R29=0, "no 0% progess", "no progress") -> no progress | T29: 0 | U29: 0 | V29: 0 | W29: 0 | X29: 0 | Y29: 0 | AA29: 0 | AC29: 0 | AE29: 2026-02-08T17:27:11.8430000Z | AF29: 7
A30: T2-25_BDSDF112 | B30: Writing Practice | C30: BS | D30: Trimester 2 | E30: 2025eb1100009@bitspilani-digital.edu.in | F30: =_xlfn.XLOOKUP(E30,Total_Enrolled!C:C,Total_Enrolled!C:C) -> 2025eb1100009@bitspilani-digital.edu.in | G30: 2025EB1100009 | H30: old | I30: ALI ZAFAR RIZVI | J30: TRUE | K30: 0 | L30: =_xlfn.XLOOKUP(B30,Courses!A:A,Courses!H:H) -> 77 | M30: =K30/L30 -> 0 | N30: =IF(M30>0,"Active","Not Active") -> Not Active | O30: {=_xlfn.IFS(M30=0,"0", M30<=10%,"0-10", TRUE,">10" )&" "&"% progress"} -> 0 % progress | P30: =IF(M30=0,1,0) -> 1 | Q30: =COUNTIFS($G:$G,$G30) -> 5 | R30: =P30/Q30 -> 0.2 | S30: =IF(R30=0, "no 0% progess", "no progress") -> no progress | T30: 0 | U30: 0 | V30: 0 | W30: 0 | X30: 0 | Y30: 0 | AA30: 0 | AC30: 0 | AE30: 2026-02-08T17:27:11.8430000Z | AF30: 7
A31: T2-25_BDSDF113 | B31: Computer Programming | C31: BS | D31: Trimester 2 | E31: 2025eb1100009@bitspilani-digital.edu.in | F31: =_xlfn.XLOOKUP(E31,Total_Enrolled!C:C,Total_Enrolled!C:C) -> 2025eb1100009@bitspilani-digital.edu.in | G31: 2025EB1100009 | H31: old | I31: ALI ZAFAR RIZVI | J31: TRUE | K31: 0 | L31: =_xlfn.XLOOKUP(B31,Courses!A:A,Courses!H:H) -> 86 | M31: =K31/L31 -> 0 | N31: =IF(M31>0,"Active","Not Active") -> Not Active | O31: {=_xlfn.IFS(M31=0,"0", M31<=10%,"0-10", TRUE,">10" )&" "&"% progress"} -> 0 % progress | P31: =IF(M31=0,1,0) -> 1 | Q31: =COUNTIFS($G:$G,$G31) -> 5 | R31: =P31/Q31 -> 0.2 | S31: =IF(R31=0, "no 0% progess", "no progress") -> no progress | T31: 0 | U31: 0 | V31: 0 | W31: 0 | X31: 0 | Y31: 0 | AA31: 0 | AC31: 0 | AE31: 2026-02-08T17:27:11.8430000Z | AF31: 7
A32: T2-25_BDSDF110 | B32: Linear Algebra | C32: BS | D32: Trimester 2 | E32: 2025eb1100010@bitspilani-digital.edu.in | F32: =_xlfn.XLOOKUP(E32,Total_Enrolled!C:C,Total_Enrolled!C:C) -> 2025eb1100010@bitspilani-digital.edu.in | G32: 2025EB1100010 | H32: old | I32: HARSHITA JAIN | J32: TRUE | K32: 0 | L32: =_xlfn.XLOOKUP(B32,Courses!A:A,Courses!H:H) -> 46 | M32: =K32/L32 -> 0 | N32: =IF(M32>0,"Active","Not Active") -> Not Active | O32: {=_xlfn.IFS(M32=0,"0", M32<=10%,"0-10", TRUE,">10" )&" "&"% progress"} -> 0 % progress | P32: =IF(M32=0,1,0) -> 1 | Q32: =COUNTIFS($G:$G,$G32) -> 4 | R32: =P32/Q32 -> 0.25 | S32: =IF(R32=0, "no 0% progess", "no progress") -> no progress | T32: 0 | U32: 0 | V32: 0 | W32: 0 | X32: 0 | Y32: 0 | AA32: 0 | AC32: 0 | AE32: 2026-02-08T14:34:30.4630000Z | AF32: 169
A33: T2-25_BDSDF107 | B33: Fundamentals of Data Science and Engineering | C33: BS | D33: Trimester 2 | E33: 2025eb1100010@bitspilani-digital.edu.in | F33: =_xlfn.XLOOKUP(E33,Total_Enrolled!C:C,Total_Enrolled!C:C) -> 2025eb1100010@bitspilani-digital.edu.in | G33: 2025EB1100010 | H33: old | I33: HARSHITA JAIN | J33: TRUE | K33: 4 | L33: =_xlfn.XLOOKUP(B33,Courses!A:A,Courses!H:H) -> 41 | M33: =K33/L33 -> 0.097560976 | N33: =IF(M33>0,"Active","Not Active") -> Active | O33: {=_xlfn.IFS(M33=0,"0", M33<=10%,"0-10", TRUE,">10" )&" "&"% progress"} -> 0-10 % progress | P33: =IF(M33=0,1,0) -> 0 | Q33: =COUNTIFS($G:$G,$G33) -> 4 | R33: =P33/Q33 -> 0 | S33: =IF(R33=0, "no 0% progess", "no progress") -> no 0% progess | T33: 0 | U33: 2 | V33: 2 | W33: 0 | X33: 0 | Y33: 0 | AA33: 0 | AC33: 14 | AD33: 2026-02-08T14:39:37.0530000Z | AE33: 2026-02-08T14:34:30.4630000Z | AF33: 169 | AH33: 2026-02-08T14:39:30.3800000Z
A34: T2-25_BDSDF106 | B34: Data Structures for Data Science | C34: BS | D34: Trimester 2 | E34: 2025eb1100010@bitspilani-digital.edu.in | F34: =_xlfn.XLOOKUP(E34,Total_Enrolled!C:C,Total_Enrolled!C:C) -> 2025eb1100010@bitspilani-digital.edu.in | G34: 2025EB1100010 | H34: old | I34: HARSHITA JAIN | J34: TRUE | K34: 3 | L34: =_xlfn.XLOOKUP(B34,Courses!A:A,Courses!H:H) -> 93 | M34: =K34/L34 -> 0.032258065 | N34: =IF(M34>0,"Active","Not Active") -> Active | O34: {=_xlfn.IFS(M34=0,"0", M34<=10%,"0-10", TRUE,">10" )&" "&"% progress"} -> 0-10 % progress | P34: =IF(M34=0,1,0) -> 0 | Q34: =COUNTIFS($G:$G,$G34) -> 4 | R34: =P34/Q34 -> 0 | S34: =IF(R34=0, "no 0% progess", "no progress") -> no 0% progess | T34: 0 | U34: 0 | V34: 0 | W34: 0 | X34: 0 | Y34: 0 | AA34: 0 | AC34: 22 | AD34: 2026-02-04T14:31:35.9470000Z | AE34: 2026-02-08T14:34:30.4630000Z | AF34: 169
A35: T2-25_BDSDF102 | B35: Data Preprocessing (BS) | C35: BS | D35: Trimester 2 | E35: 2025eb1100010@bitspilani-digital.edu.in | F35: =_xlfn.XLOOKUP(E35,Total_Enrolled!C:C,Total_Enrolled!C:C) -> 2025eb1100010@bitspilani-digital.edu.in | G35: 2025EB1100010 | H35: old | I35: HARSHITA JAIN | J35: TRUE | K35: 10 | L35: =_xlfn.XLOOKUP(B35,Courses!A:A,Courses!H:H) -> 84 | M35: =K35/L35 -> 0.11904762 | N35: =IF(M35>0,"Active","Not Active") -> Active | O35: {=_xlfn.IFS(M35=0,"0", M35<=10%,"0-10", TRUE,">10" )&" "&"% progress"} -> >10 % progress | P35: =IF(M35=0,1,0) -> 0 | Q35: =COUNTIFS($G:$G,$G35) -> 4 | R35: =P35/Q35 -> 0 | S35: =IF(R35=0, "no 0% progess", "no progress") -> no 0% progess | T35: 0 | U35: 0 | V35: 0 | W35: 0 | X35: 0 | Y35: 0 | AA35: 0 | AC35: 9593 | AD35: 2026-02-04T14:32:10.0600000Z | AE35: 2026-02-08T14:34:30.4630000Z | AF35: 169
A36: T2-25_BDSDF113 | B36: Computer Programming | C36: BS | D36: Trimester 2 | E36: 2025eb1100012@bitspilani-digital.edu.in | F36: =_xlfn.XLOOKUP(E36,Total_Enrolled!C:C,Total_Enrolled!C:C) -> 2025eb1100012@bitspilani-digital.edu.in | G36: 2025EB1100012 | H36: old | I36: SANTOSH SHRIKHANDE | J36: TRUE | K36: 0 | L36: =_xlfn.XLOOKUP(B36,Courses!A:A,Courses!H:H) -> 86 | M36: =K36/L36 -> 0 | N36: =IF(M36>0,"Active","Not Active") -> Not Active | O36: {=_xlfn.IFS(M36=0,"0", M36<=10%,"0-10", TRUE,">10" )&" "&"% progress"} -> 0 % progress | P36: =IF(M36=0,1,0) -> 1 | Q36: =COUNTIFS($G:$G,$G36) -> 2 | R36: =P36/Q36 -> 0.5 | S36: =IF(R36=0, "no 0% progess", "no progress") -> no progress | T36: 0 | U36: 0 | V36: 0 | W36: 0 | X36: 0 | Y36: 0 | AA36: 0 | AC36: 0 | AE36: 2026-02-07T05:52:24.4370000Z | AF36: 119
A37: T2-25_BDSDF114 | B37: Probability & Statistics | C37: BS | D37: Trimester 2 | E37: 2025eb1100012@bitspilani-digital.edu.in | F37: =_xlfn.XLOOKUP(E37,Total_Enrolled!C:C,Total_Enrolled!C:C) -> 2025eb1100012@bitspilani-digital.edu.in | G37: 2025EB1100012 | H37: old | I37: SANTOSH SHRIKHANDE | J37: TRUE | K37: 4 | L37: =_xlfn.XLOOKUP(B37,Courses!A:A,Courses!H:H) -> 61 | M37: =K37/L37 -> 0.06557377 | N37: =IF(M37>0,"Active","Not Active") -> Active | O37: {=_xlfn.IFS(M37=0,"0", M37<=10%,"0-10", TRUE,">10" )&" "&"% progress"} -> 0-10 % progress | P37: =IF(M37=0,1,0) -> 0 | Q37: =COUNTIFS($G:$G,$G37) -> 2 | R37: =P37/Q37 -> 0 | S37: =IF(R37=0, "no 0% progess", "no progress") -> no 0% progess | T37: 0 | U37: 0 | V37: 0 | W37: 0 | X37: 0 | Y37: 0 | AA37: 0 | AC37: 22 | AD37: 2026-02-07T05:55:07.9530000Z | AE37: 2026-02-07T05:52:24.4370000Z | AF37: 119 | AI37: 2026-02-07T05:55:22.3570000Z | AJ37: 2026-02-07T05:55:22.3570000Z
A38: T2-25_BDSDF113 | B38: Computer Programming | C38: BS | D38: Trimester 2 | E38: 2025eb1100013@bitspilani-digital.edu.in | F38: =_xlfn.XLOOKUP(E38,Total_Enrolled!C:C,Total_Enrolled!C:C) -> 2025eb1100013@bitspilani-digital.edu.in | G38: 2025EB1100013 | H38: old | I38: AKSHITHA IMMACULATE A | J38: TRUE | K38: 0 | L38: =_xlfn.XLOOKUP(B38,Courses!A:A,Courses!H:H) -> 86 | M38: =K38/L38 -> 0 | N38: =IF(M38>0,"Active","Not Active") -> Not Active | O38: {=_xlfn.IFS(M38=0,"0", M38<=10%,"0-10", TRUE,">10" )&" "&"% progress"} -> 0 % progress | P38: =IF(M38=0,1,0) -> 1 | Q38: =COUNTIFS($G:$G,$G38) -> 4 | R38: =P38/Q38 -> 0.25 | S38: =IF(R38=0, "no 0% progess", "no progress") -> no progress | T38: 0 | U38: 0 | V38: 0 | W38: 0 | X38: 0 | Y38: 0 | AA38: 0 | AC38: 0 | AE38: 2026-01-30T14:24:09.0330000Z | AF38: 100
A39: T2-25_BDSDF108 | B39: Computing Systems | C39: BS | D39: Trimester 2 | E39: 2025eb1100013@bitspilani-digital.edu.in | F39: =_xlfn.XLOOKUP(E39,Total_Enrolled!C:C,Total_Enrolled!C:C) -> 2025eb1100013@bitspilani-digital.edu.in | G39: 2025EB1100013 | H39: old | I39: AKSHITHA IMMACULATE A | J39: TRUE | K39: 0 | L39: =_xlfn.XLOOKUP(B39,Courses!A:A,Courses!H:H) -> 88 | M39: =K39/L39 -> 0 | N39: =IF(M39>0,"Active","Not Active") -> Not Active | O39: {=_xlfn.IFS(M39=0,"0", M39<=10%,"0-10", TRUE,">10" )&" "&"% progress"} -> 0 % progress | P39: =IF(M39=0,1,0) -> 1 | Q39: =COUNTIFS($G:$G,$G39) -> 4 | R39: =P39/Q39 -> 0.25 | S39: =IF(R39=0, "no 0% progess", "no progress") -> no progress | T39: 0 | U39: 0 | V39: 0 | W39: 0 | X39: 0 | Y39: 0 | AA39: 0 | AC39: 0 | AE39: 2026-01-30T14:24:09.0330000Z | AF39: 100
A40: T2-25_BDSDF107 | B40: Fundamentals of Data Science and Engineering | C40: BS | D40: Trimester 2 | E40: 2025eb1100013@bitspilani-digital.edu.in | F40: =_xlfn.XLOOKUP(E40,Total_Enrolled!C:C,Total_Enrolled!C:C) -> 2025eb1100013@bitspilani-digital.edu.in | G40: 2025EB1100013 | H40: old | I40: AKSHITHA IMMACULATE A | J40: TRUE | K40: 0 | L40: =_xlfn.XLOOKUP(B40,Courses!A:A,Courses!H:H) -> 41 | M40: =K40/L40 -> 0 | N40: =IF(M40>0,"Active","Not Active") -> Not Active | O40: {=_xlfn.IFS(M40=0,"0", M40<=10%,"0-10", TRUE,">10" )&" "&"% progress"} -> 0 % progress | P40: =IF(M40=0,1,0) -> 1 | Q40: =COUNTIFS($G:$G,$G40) -> 4 | R40: =P40/Q40 -> 0.25 | S40: =IF(R40=0, "no 0% progess", "no progress") -> no progress | T40: 0 | U40: 0 | V40: 0 | W40: 0 | X40: 0 | Y40: 0 | AA40: 0 | AC40: 0 | AD40: 2026-01-18T11:10:10.2200000Z | AE40: 2026-01-30T14:24:09.0330000Z | AF40: 100
A41: T2-25_BDSDF110 | B41: Linear Algebra | C41: BS | D41: Trimester 2 | E41: 2025eb1100013@bitspilani-digital.edu.in | F41: =_xlfn.XLOOKUP(E41,Total_Enrolled!C:C,Total_Enrolled!C:C) -> 2025eb1100013@bitspilani-digital.edu.in | G41: 2025EB1100013 | H41: old | I41: AKSHITHA IMMACULATE A | J41: TRUE | K41: 0 | L41: =_xlfn.XLOOKUP(B41,Courses!A:A,Courses!H:H) -> 46 | M41: =K41/L41 -> 0 | N41: =IF(M41>0,"Active","Not Active") -> Not Active | O41: {=_xlfn.IFS(M41=0,"0", M41<=10%,"0-10", TRUE,">10" )&" "&"% progress"} -> 0 % progress | P41: =IF(M41=0,1,0) -> 1 | Q41: =COUNTIFS($G:$G,$G41) -> 4 | R41: =P41/Q41 -> 0.25 | S41: =IF(R41=0, "no 0% progess", "no progress") -> no progress | T41: 0 | U41: 0 | V41: 0 | W41: 0 | X41: 0 | Y41: 0 | AA41: 0 | AC41: 0 | AE41: 2026-01-30T14:24:09.0330000Z | AF41: 100
A42: T2-25_BDSDF106 | B42: Data Structures for Data Science | C42: BS | D42: Trimester 2 | E42: 2025eb1100014@bitspilani-digital.edu.in | F42: =_xlfn.XLOOKUP(E42,Total_Enrolled!C:C,Total_Enrolled!C:C) -> 2025eb1100014@bitspilani-digital.edu.in | G42: 2025EB1100014 | H42: old | I42: SURYA A | J42: TRUE | K42: 60 | L42: =_xlfn.XLOOKUP(B42,Courses!A:A,Courses!H:H) -> 93 | M42: =K42/L42 -> 0.64516129 | N42: =IF(M42>0,"Active","Not Active") -> Active | O42: {=_xlfn.IFS(M42=0,"0", M42<=10%,"0-10", TRUE,">10" )&" "&"% progress"} -> >10 % progress | P42: =IF(M42=0,1,0) -> 0 | Q42: =COUNTIFS($G:$G,$G42) -> 2 | R42: =P42/Q42 -> 0 | S42: =IF(R42=0, "no 0% progess", "no progress") -> no 0% progess | T42: 0 | U42: 7 | V42: 7 | W42: 0 | X42: 0 | Y42: 0 | AA42: 0 | AC42: 52849 | AD42: 2026-02-05T02:52:36.7170000Z | AE42: 2026-02-05T02:52:19.5500000Z | AF42: 199 | AH42: 2026-01-28T17:25:06.8330000Z | AI42: 2026-01-19T09:41:03.9430000Z | AJ42: 2026-01-28T20:04:48.0130000Z
A43: T2-25_BDSDF114 | B43: Probability & Statistics | C43: BS | D43: Trimester 2 | E43: 2025eb1100014@bitspilani-digital.edu.in | F43: =_xlfn.XLOOKUP(E43,Total_Enrolled!C:C,Total_Enrolled!C:C) -> 2025eb1100014@bitspilani-digital.edu.in | G43: 2025EB1100014 | H43: old | I43: SURYA A | J43: TRUE | K43: 12 | L43: =_xlfn.XLOOKUP(B43,Courses!A:A,Courses!H:H) -> 61 | M43: =K43/L43 -> 0.19672131 | N43: =IF(M43>0,"Active","Not Active") -> Active | O43: {=_xlfn.IFS(M43=0,"0", M43<=10%,"0-10", TRUE,">10" )&" "&"% progress"} -> >10 % progress | P43: =IF(M43=0,1,0) -> 0 | Q43: =COUNTIFS($G:$G,$G43) -> 2 | R43: =P43/Q43 -> 0 | S43: =IF(R43=0, "no 0% progess", "no progress") -> no 0% progess | T43: 0 | U43: 1 | V43: 2 | W43: 0 | X43: 0 | Y43: 0 | AA43: 0 | AC43: 7223 | AD43: 2026-01-21T09:14:55.8070000Z | AE43: 2026-02-05T02:52:19.5500000Z | AF43: 199 | AH43: 2026-01-21T09:14:19.6270000Z | AI43: 2026-01-21T10:07:30.9030000Z | AJ43: 2026-01-21T10:07:30.9130000Z
A44: T2-25_BDSDF106 | B44: Data Structures for Data Science | C44: BS | D44: Trimester 2 | E44: 2025eb1100015@bitspilani-digital.edu.in | F44: =_xlfn.XLOOKUP(E44,Total_Enrolled!C:C,Total_Enrolled!C:C) -> 2025eb1100015@bitspilani-digital.edu.in | G44: 2025EB1100015 | H44: old | I44: TADIMALLA ADITI | J44: TRUE | K44: 12 | L44: =_xlfn.XLOOKUP(B44,Courses!A:A,Courses!H:H) -> 93 | M44: =K44/L44 -> 0.12903226 | N44: =IF(M44>0,"Active","Not Active") -> Active | O44: {=_xlfn.IFS(M44=0,"0", M44<=10%,"0-10", TRUE,">10" )&" "&"% progress"} -> >10 % progress | P44: =IF(M44=0,1,0) -> 0 | Q44: =COUNTIFS($G:$G,$G44) -> 4 | R44: =P44/Q44 -> 0 | S44: =IF(R44=0, "no 0% progess", "no progress") -> no 0% progess | T44: 0 | U44: 4 | V44: 4 | W44: 0 | X44: 0 | Y44: 0 | AA44: 0 | AC44: 42049 | AD44: 2026-02-08T17:30:42.8230000Z | AE44: 2026-02-09T03:14:20.9130000Z | AF44: 233 | AH44: 2026-02-08T17:30:39.1400000Z | AI44: 2026-02-08T17:30:46.8530000Z | AJ44: 2026-02-08T17:30:46.8530000Z
A45: T2-25_BDSDF102 | B45: Data Preprocessing (BS) | C45: BS | D45: Trimester 2 | E45: 2025eb1100015@bitspilani-digital.edu.in | F45: =_xlfn.XLOOKUP(E45,Total_Enrolled!C:C,Total_Enrolled!C:C) -> 2025eb1100015@bitspilani-digital.edu.in | G45: 2025EB1100015 | H45: old | I45: TADIMALLA ADITI | J45: TRUE | K45: 5 | L45: =_xlfn.XLOOKUP(B45,Courses!A:A,Courses!H:H) -> 84 | M45: =K45/L45 -> 0.05952381 | N45: =IF(M45>0,"Active","Not Active") -> Active | O45: {=_xlfn.IFS(M45=0,"0", M45<=10%,"0-10", TRUE,">10" )&" "&"% progress"} -> 0-10 % progress | P45: =IF(M45=0,1,0) -> 0 | Q45: =COUNTIFS($G:$G,$G45) -> 4 | R45: =P45/Q45 -> 0 | S45: =IF(R45=0, "no 0% progess", "no progress") -> no 0% progess | T45: 0 | U45: 0 | V45: 0 | W45: 0 | X45: 0 | Y45: 0 | AA45: 0 | AC45: 18 | AD45: 2026-02-07T15:50:34.0700000Z | AE45: 2026-02-09T03:14:20.9130000Z | AF45: 233
A46: T2-25_BDSDF110 | B46: Linear Algebra | C46: BS | D46: Trimester 2 | E46: 2025eb1100015@bitspilani-digital.edu.in | F46: =_xlfn.XLOOKUP(E46,Total_Enrolled!C:C,Total_Enrolled!C:C) -> 2025eb1100015@bitspilani-digital.edu.in | G46: 2025EB1100015 | H46: old | I46: TADIMALLA ADITI | J46: TRUE | K46: 40 | L46: =_xlfn.XLOOKUP(B46,Courses!A:A,Courses!H:H) -> 46 | M46: =K46/L46 -> 0.86956522 | N46: =IF(M46>0,"Active","Not Active") -> Active | O46: {=_xlfn.IFS(M46=0,"0", M46<=10%,"0-10", TRUE,">10" )&" "&"% progress"} -> >10 % progress | P46: =IF(M46=0,1,0) -> 0 | Q46: =COUNTIFS($G:$G,$G46) -> 4 | R46: =P46/Q46 -> 0 | S46: =IF(R46=0, "no 0% progess", "no progress") -> no 0% progess | T46: 0 | U46: 11 | V46: 11 | W46: 0 | X46: 0 | Y46: 0 | AA46: 0 | AC46: 7515 | AD46: 2026-02-09T03:13:18.4370000Z | AE46: 2026-02-09T03:14:20.9130000Z | AF46: 233 | AH46: 2026-02-06T04:33:05.1200000Z | AI46: 2026-02-09T03:13:18.3970000Z | AJ46: 2026-02-09T03:13:18.3930000Z
A47: T2-25_BDSDF107 | B47: Fundamentals of Data Science and Engineering | C47: BS | D47: Trimester 2 | E47: 2025eb1100015@bitspilani-digital.edu.in | F47: =_xlfn.XLOOKUP(E47,Total_Enrolled!C:C,Total_Enrolled!C:C) -> 2025eb1100015@bitspilani-digital.edu.in | G47: 2025EB1100015 | H47: old | I47: TADIMALLA ADITI | J47: TRUE | K47: 37 | L47: =_xlfn.XLOOKUP(B47,Courses!A:A,Courses!H:H) -> 41 | M47: =K47/L47 -> 0.90243902 | N47: =IF(M47>0,"Active","Not Active") -> Active | O47: {=_xlfn.IFS(M47=0,"0", M47<=10%,"0-10", TRUE,">10" )&" "&"% progress"} -> >10 % progress | P47: =IF(M47=0,1,0) -> 0 | Q47: =COUNTIFS($G:$G,$G47) -> 4 | R47: =P47/Q47 -> 0 | S47: =IF(R47=0, "no 0% progess", "no progress") -> no 0% progess | T47: 0 | U47: 6 | V47: 6 | W47: 0 | X47: 0 | Y47: 0 | AA47: 0 | AC47: 46448 | AD47: 2026-02-07T16:43:43.8370000Z | AE47: 2026-02-09T03:14:20.9130000Z | AF47: 233 | AH47: 2026-02-07T16:43:37.4230000Z
A48: T2-25_BDSDF114 | B48: Probability & Statistics | C48: BS | D48: Trimester 2 | E48: 2025eb1100016@bitspilani-digital.edu.in | F48: =_xlfn.XLOOKUP(E48,Total_Enrolled!C:C,Total_Enrolled!C:C) -> 2025eb1100016@bitspilani-digital.edu.in | G48: 2025EB1100016 | H48: old | I48: AKASH.T | J48: TRUE | K48: 1 | L48: =_xlfn.XLOOKUP(B48,Courses!A:A,Courses!H:H) -> 61 | M48: =K48/L48 -> 0.016393443 | N48: =IF(M48>0,"Active","Not Active") -> Active | O48: {=_xlfn.IFS(M48=0,"0", M48<=10%,"0-10", TRUE,">10" )&" "&"% progress"} -> 0-10 % progress | P48: =IF(M48=0,1,0) -> 0 | Q48: =COUNTIFS($G:$G,$G48) -> 2 | R48: =P48/Q48 -> 0 | S48: =IF(R48=0, "no 0% progess", "no progress") -> no 0% progess | T48: 0 | U48: 0 | V48: 0 | W48: 0 | X48: 0 | Y48: 0 | AA48: 0 | AC48: 0 | AD48: 2026-01-31T13:57:33.1100000Z | AE48: 2026-02-09T06:53:46.1600000Z | AF48: 183
A49: T2-25_BDSDF113 | B49: Computer Programming | C49: BS | D49: Trimester 2 | E49: 2025eb1100016@bitspilani-digital.edu.in | F49: =_xlfn.XLOOKUP(E49,Total_Enrolled!C:C,Total_Enrolled!C:C) -> 2025eb1100016@bitspilani-digital.edu.in | G49: 2025EB1100016 | H49: old | I49: AKASH.T | J49: TRUE | K49: 1 | L49: =_xlfn.XLOOKUP(B49,Courses!A:A,Courses!H:H) -> 86 | M49: =K49/L49 -> 0.011627907 | N49: =IF(M49>0,"Active","Not Active") -> Active | O49: {=_xlfn.IFS(M49=0,"0", M49<=10%,"0-10", TRUE,">10" )&" "&"% progress"} -> 0-10 % progress | P49: =IF(M49=0,1,0) -> 0 | Q49: =COUNTIFS($G:$G,$G49) -> 2 | R49: =P49/Q49 -> 0 | S49: =IF(R49=0, "no 0% progess", "no progress") -> no 0% progess | T49: 0 | U49: 0 | V49: 0 | W49: 0 | X49: 0 | Y49: 0 | AA49: 0 | AC49: 0 | AD49: 2026-02-09T06:53:47.1870000Z | AE49: 2026-02-09T06:53:46.1600000Z | AF49: 183
A50: T2-25_BDSDF107 | B50: Fundamentals of Data Science and Engineering | C50: BS | D50: Trimester 2 | E50: 2025eb1100018@bitspilani-digital.edu.in | F50: =_xlfn.XLOOKUP(E50,Total_Enrolled!C:C,Total_Enrolled!C:C) -> 2025eb1100018@bitspilani-digital.edu.in | G50: 2025EB1100018 | H50: old | I50: NIMMAGANTI SUMAHE | J50: TRUE | K50: 52 | L50: =_xlfn.XLOOKUP(B50,Courses!A:A,Courses!H:H) -> 41 | M50: =K50/L50 -> 1.2682927 | N50: =IF(M50>0,"Active","Not Active") -> Active | O50: {=_xlfn.IFS(M50=0,"0", M50<=10%,"0-10", TRUE,">10" )&" "&"% progress"} -> >10 % progress | P50: =IF(M50=0,1,0) -> 0 | Q50: =COUNTIFS($G:$G,$G50) -> 4 | R50: =P50/Q50 -> 0 | S50: =IF(R50=0, "no 0% progess", "no progress") -> no 0% progess | T50: 0 | U50: 7 | V50: 7 | W50: 0 | X50: 0 | Y50: 0 | AA50: 0 | AC50: 14750 | AD50: 2026-02-08T21:41:02.6170000Z | AE50: 2026-02-08T19:44:04.6330000Z | AF50: 320 | AH50: 2026-02-08T21:40:36.1730000Z
A51: T2-25_BDSDF110 | B51: Linear Algebra | C51: BS | D51: Trimester 2 | E51: 2025eb1100018@bitspilani-digital.edu.in | F51: =_xlfn.XLOOKUP(E51,Total_Enrolled!C:C,Total_Enrolled!C:C) -> 2025eb1100018@bitspilani-digital.edu.in | G51: 2025EB1100018 | H51: old | I51: NIMMAGANTI SUMAHE | J51: TRUE | K51: 61 | L51: =_xlfn.XLOOKUP(B51,Courses!A:A,Courses!H:H) -> 46 | M51: =K51/L51 -> 1.326087 | N51: =IF(M51>0,"Active","Not Active") -> Active | O51: {=_xlfn.IFS(M51=0,"0", M51<=10%,"0-10", TRUE,">10" )&" "&"% progress"} -> >10 % progress | P51: =IF(M51=0,1,0) -> 0 | Q51: =COUNTIFS($G:$G,$G51) -> 4 | R51: =P51/Q51 -> 0 | S51: =IF(R51=0, "no 0% progess", "no progress") -> no 0% progess | T51: 0 | U51: 16 | V51: 17 | W51: 4 | X51: 0 | Y51: 0 | Z51: 2026-02-08T20:09:50.6830000Z | AA51: 0 | AC51: 25463 | AD51: 2026-02-08T20:10:03.7700000Z | AE51: 2026-02-08T19:44:04.6330000Z | AF51: 320 | AH51: 2026-02-08T20:01:37.7070000Z | AI51: 2026-02-08T20:01:57.0970000Z | AJ51: 2026-02-08T20:01:57.0970000Z
A52: T2-25_BDSDF102 | B52: Data Preprocessing (BS) | C52: BS | D52: Trimester 2 | E52: 2025eb1100018@bitspilani-digital.edu.in | F52: =_xlfn.XLOOKUP(E52,Total_Enrolled!C:C,Total_Enrolled!C:C) -> 2025eb1100018@bitspilani-digital.edu.in | G52: 2025EB1100018 | H52: old | I52: NIMMAGANTI SUMAHE | J52: TRUE | K52: 81 | L52: =_xlfn.XLOOKUP(B52,Courses!A:A,Courses!H:H) -> 84 | M52: =K52/L52 -> 0.96428571 | N52: =IF(M52>0,"Active","Not Active") -> Active | O52: {=_xlfn.IFS(M52=0,"0", M52<=10%,"0-10", TRUE,">10" )&" "&"% progress"} -> >10 % progress | P52: =IF(M52=0,1,0) -> 0 | Q52: =COUNTIFS($G:$G,$G52) -> 4 | R52: =P52/Q52 -> 0 | S52: =IF(R52=0, "no 0% progess", "no progress") -> no 0% progess | T52: 0 | U52: 27 | V52: 27 | W52: 0 | X52: 0 | Y52: 0 | AA52: 0 | AC52: 28046 | AD52: 2026-02-08T20:10:27.6930000Z | AE52: 2026-02-08T19:44:04.6330000Z | AF52: 320 | AH52: 2026-02-08T14:32:46.4930000Z
A53: T2-25_BDSDF106 | B53: Data Structures for Data Science | C53: BS | D53: Trimester 2 | E53: 2025eb1100018@bitspilani-digital.edu.in | F53: =_xlfn.XLOOKUP(E53,Total_Enrolled!C:C,Total_Enrolled!C:C) -> 2025eb1100018@bitspilani-digital.edu.in | G53: 2025EB1100018 | H53: old | I53: NIMMAGANTI SUMAHE | J53: TRUE | K53: 91 | L53: =_xlfn.XLOOKUP(B53,Courses!A:A,Courses!H:H) -> 93 | M53: =K53/L53 -> 0.97849462 | N53: =IF(M53>0,"Active","Not Active") -> Active | O53: {=_xlfn.IFS(M53=0,"0", M53<=10%,"0-10", TRUE,">10" )&" "&"% progress"} -> >10 % progress | P53: =IF(M53=0,1,0) -> 0 | Q53: =COUNTIFS($G:$G,$G53) -> 4 | R53: =P53/Q53 -> 0 | S53: =IF(R53=0, "no 0% progess", "no progress") -> no 0% progess | T53: 0 | U53: 30 | V53: 30 | W53: 0 | X53: 0 | Y53: 0 | AA53: 0 | AC53: 29105 | AD53: 2026-02-08T14:26:43.0470000Z | AE53: 2026-02-08T19:44:04.6330000Z | AF53: 320 | AH53: 2026-02-08T14:26:36.0170000Z | AI53: 2026-02-05T18:26:03.1070000Z | AJ53: 2026-02-05T18:36:20.5400000Z
A54: T2-25_BDSDF114 | B54: Probability & Statistics | C54: BS | D54: Trimester 2 | E54: 2025eb1100019@bitspilani-digital.edu.in | F54: =_xlfn.XLOOKUP(E54,Total_Enrolled!C:C,Total_Enrolled!C:C) -> 2025eb1100019@bitspilani-digital.edu.in | G54: 2025EB1100019 | H54: old | I54: NITISH KUMAR | J54: TRUE | K54: 6 | L54: =_xlfn.XLOOKUP(B54,Courses!A:A,Courses!H:H) -> 61 | M54: =K54/L54 -> 0.098360656 | N54: =IF(M54>0,"Active","Not Active") -> Active | O54: {=_xlfn.IFS(M54=0,"0", M54<=10%,"0-10", TRUE,">10" )&" "&"% progress"} -> 0-10 % progress | P54: =IF(M54=0,1,0) -> 0 | Q54: =COUNTIFS($G:$G,$G54) -> 2 | R54: =P54/Q54 -> 0 | S54: =IF(R54=0, "no 0% progess", "no progress") -> no 0% progess | T54: 0 | U54: 1 | V54: 1 | W54: 0 | X54: 0 | Y54: 0 | AA54: 0 | AC54: 763 | AD54: 2026-02-08T15:01:55.8400000Z | AE54: 2026-02-08T14:49:38.8730000Z | AF54: 123 | AH54: 2026-02-08T15:01:36.1370000Z
A55: T2-25_BDSDF108 | B55: Computing Systems | C55: BS | D55: Trimester 2 | E55: 2025eb1100019@bitspilani-digital.edu.in | F55: =_xlfn.XLOOKUP(E55,Total_Enrolled!C:C,Total_Enrolled!C:C) -> 2025eb1100019@bitspilani-digital.edu.in | G55: 2025EB1100019 | H55: old | I55: NITISH KUMAR | J55: TRUE | K55: 13 | L55: =_xlfn.XLOOKUP(B55,Courses!A:A,Courses!H:H) -> 88 | M55: =K55/L55 -> 0.14772727 | N55: =IF(M55>0,"Active","Not Active") -> Active | O55: {=_xlfn.IFS(M55=0,"0", M55<=10%,"0-10", TRUE,">10" )&" "&"% progress"} -> >10 % progress | P55: =IF(M55=0,1,0) -> 0 | Q55: =COUNTIFS($G:$G,$G55) -> 2 | R55: =P55/Q55 -> 0 | S55: =IF(R55=0, "no 0% progess", "no progress") -> no 0% progess | T55: 0 | U55: 3 | V55: 3 | W55: 0 | X55: 0 | Y55: 0 | AA55: 0 | AC55: 5897 | AD55: 2026-02-08T14:54:15.1670000Z | AE55: 2026-02-08T14:49:38.8730000Z | AF55: 123 | AH55: 2026-02-08T14:54:11.7000000Z | AI55: 2026-01-23T15:27:29.7470000Z | AJ55: 2026-02-06T07:59:20.1730000Z
A56: T2-25_BDSDF108 | B56: Computing Systems | C56: BS | D56: Trimester 2 | E56: 2025eb1100020@bitspilani-digital.edu.in | F56: =_xlfn.XLOOKUP(E56,Total_Enrolled!C:C,Total_Enrolled!C:C) -> 2025eb1100020@bitspilani-digital.edu.in | G56: 2025EB1100020 | H56: old | I56: AYUSH JHA | J56: TRUE | K56: 5 | L56: =_xlfn.XLOOKUP(B56,Courses!A:A,Courses!H:H) -> 88 | M56: =K56/L56 -> 0.056818182 | N56: =IF(M56>0,"Active","Not Active") -> Active | O56: {=_xlfn.IFS(M56=0,"0", M56<=10%,"0-10", TRUE,">10" )&" "&"% progress"} -> 0-10 % progress | P56: =IF(M56=0,1,0) -> 0 | Q56: =COUNTIFS($G:$G,$G56) -> 5 | R56: =P56/Q56 -> 0 | S56: =IF(R56=0, "no 0% progess", "no progress") -> no 0% progess | T56: 0 | U56: 1 | V56: 1 | W56: 0 | X56: 0 | Y56: 0 | AA56: 0 | AC56: 66 | AD56: 2026-02-08T13:56:05.5670000Z | AE56: 2026-02-09T07:21:41.8230000Z | AF56: 77 | AH56: 2026-02-08T13:55:34.7400000Z | AI56: 2026-01-24T15:44:23.2600000Z | AJ56: 2026-01-24T15:44:23.2670000Z
A57: T2-25_BDSDF101 | B57: Data and the World | C57: BS | D57: Trimester 2 | E57: 2025eb1100020@bitspilani-digital.edu.in | F57: =_xlfn.XLOOKUP(E57,Total_Enrolled!C:C,Total_Enrolled!C:C) -> 2025eb1100020@bitspilani-digital.edu.in | G57: 2025EB1100020 | H57: old | I57: AYUSH JHA | J57: TRUE | K57: 6 | L57: =_xlfn.XLOOKUP(B57,Courses!A:A,Courses!H:H) -> 41 | M57: =K57/L57 -> 0.14634146 | N57: =IF(M57>0,"Active","Not Active") -> Active | O57: {=_xlfn.IFS(M57=0,"0", M57<=10%,"0-10", TRUE,">10" )&" "&"% progress"} -> >10 % progress | P57: =IF(M57=0,1,0) -> 0 | Q57: =COUNTIFS($G:$G,$G57) -> 5 | R57: =P57/Q57 -> 0 | S57: =IF(R57=0, "no 0% progess", "no progress") -> no 0% progess | T57: 0 | U57: 1 | V57: 2 | W57: 0 | X57: 0 | Y57: 0 | AA57: 0 | AC57: 3667 | AD57: 2026-02-08T13:45:56.2370000Z | AE57: 2026-02-09T07:21:41.8230000Z | AF57: 77 | AH57: 2026-01-23T14:50:41.5300000Z | AI57: 2026-01-22T16:36:28.4970000Z | AJ57: 2026-01-23T14:35:46.9770000Z
A58: T2-25_BDSDF114 | B58: Probability & Statistics | C58: BS | D58: Trimester 2 | E58: 2025eb1100020@bitspilani-digital.edu.in | F58: =_xlfn.XLOOKUP(E58,Total_Enrolled!C:C,Total_Enrolled!C:C) -> 2025eb1100020@bitspilani-digital.edu.in | G58: 2025EB1100020 | H58: old | I58: AYUSH JHA | J58: TRUE | K58: 1 | L58: =_xlfn.XLOOKUP(B58,Courses!A:A,Courses!H:H) -> 61 | M58: =K58/L58 -> 0.016393443 | N58: =IF(M58>0,"Active","Not Active") -> Active | O58: {=_xlfn.IFS(M58=0,"0", M58<=10%,"0-10", TRUE,">10" )&" "&"% progress"} -> 0-10 % progress | P58: =IF(M58=0,1,0) -> 0 | Q58: =COUNTIFS($G:$G,$G58) -> 5 | R58: =P58/Q58 -> 0 | S58: =IF(R58=0, "no 0% progess", "no progress") -> no 0% progess | T58: 0 | U58: 1 | V58: 1 | W58: 0 | X58: 0 | Y58: 0 | AA58: 0 | AC58: 0 | AD58: 2026-02-08T13:45:37.9530000Z | AE58: 2026-02-09T07:21:41.8230000Z | AF58: 77 | AH58: 2026-02-08T13:45:25.1370000Z
A59: T2-25_BDSDF112 | B59: Writing Practice | C59: BS | D59: Trimester 2 | E59: 2025eb1100020@bitspilani-digital.edu.in | F59: =_xlfn.XLOOKUP(E59,Total_Enrolled!C:C,Total_Enrolled!C:C) -> 2025eb1100020@bitspilani-digital.edu.in | G59: 2025EB1100020 | H59: old | I59: AYUSH JHA | J59: TRUE | K59: 9 | L59: =_xlfn.XLOOKUP(B59,Courses!A:A,Courses!H:H) -> 77 | M59: =K59/L59 -> 0.11688312 | N59: =IF(M59>0,"Active","Not Active") -> Active | O59: {=_xlfn.IFS(M59=0,"0", M59<=10%,"0-10", TRUE,">10" )&" "&"% progress"} -> >10 % progress | P59: =IF(M59=0,1,0) -> 0 | Q59: =COUNTIFS($G:$G,$G59) -> 5 | R59: =P59/Q59 -> 0 | S59: =IF(R59=0, "no 0% progess", "no progress") -> no 0% progess | T59: 0 | U59: 3 | V59: 3 | W59: 0 | X59: 0 | Y59: 0 | AA59: 0 | AC59: 4460 | AD59: 2026-02-08T13:56:29.6600000Z | AE59: 2026-02-09T07:21:41.8230000Z | AF59: 77 | AH59: 2026-02-05T15:47:52.5270000Z
A60: T2-25_BDSDF113 | B60: Computer Programming | C60: BS | D60: Trimester 2 | E60: 2025eb1100020@bitspilani-digital.edu.in | F60: =_xlfn.XLOOKUP(E60,Total_Enrolled!C:C,Total_Enrolled!C:C) -> 2025eb1100020@bitspilani-digital.edu.in | G60: 2025EB1100020 | H60: old | I60: AYUSH JHA | J60: TRUE | K60: 20 | L60: =_xlfn.XLOOKUP(B60,Courses!A:A,Courses!H:H) -> 86 | M60: =K60/L60 -> 0.23255814 | N60: =IF(M60>0,"Active","Not Active") -> Active | O60: {=_xlfn.IFS(M60=0,"0", M60<=10%,"0-10", TRUE,">10" )&" "&"% progress"} -> >10 % progress | P60: =IF(M60=0,1,0) -> 0 | Q60: =COUNTIFS($G:$G,$G60) -> 5 | R60: =P60/Q60 -> 0 | S60: =IF(R60=0, "no 0% progess", "no progress") -> no 0% progess | T60: 0 | U60: 6 | V60: 8 | W60: 0 | X60: 0 | Y60: 0 | AA60: 0 | AC60: 4646 | AD60: 2026-02-09T07:22:11.7630000Z | AE60: 2026-02-09T07:21:41.8230000Z | AF60: 77 | AH60: 2026-02-08T13:37:04.5700000Z | AI60: 2026-02-07T13:18:50.7070000Z | AJ60: 2026-02-07T13:18:50.7100000Z
A61: T2-25_BDSDF106 | B61: Data Structures for Data Science | C61: BS | D61: Trimester 2 | E61: 2025eb1100021@bitspilani-digital.edu.in | F61: =_xlfn.XLOOKUP(E61,Total_Enrolled!C:C,Total_Enrolled!C:C) -> 2025eb1100021@bitspilani-digital.edu.in | G61: 2025EB1100021 | H61: old | I61: R KUSHAL MEHTA | J61: TRUE | K61: 22 | L61: =_xlfn.XLOOKUP(B61,Courses!A:A,Courses!H:H) -> 93 | M61: =K61/L61 -> 0.23655914 | N61: =IF(M61>0,"Active","Not Active") -> Active | O61: {=_xlfn.IFS(M61=0,"0", M61<=10%,"0-10", TRUE,">10" )&" "&"% progress"} -> >10 % progress | P61: =IF(M61=0,1,0) -> 0 | Q61: =COUNTIFS($G:$G,$G61) -> 4 | R61: =P61/Q61 -> 0 | S61: =IF(R61=0, "no 0% progess", "no progress") -> no 0% progess | T61: 0 | U61: 5 | V61: 6 | W61: 0 | X61: 0 | Y61: 0 | AA61: 0 | AC61: 7042 | AD61: 2026-02-08T15:54:50.0900000Z | AE61: 2026-02-08T17:08:35.1270000Z | AF61: 272 | AH61: 2026-02-04T11:17:27.5900000Z | AI61: 2026-02-04T11:22:17.7870000Z | AJ61: 2026-02-05T12:29:06.3170000Z
A62: T2-25_BDSDF102 | B62: Data Preprocessing (BS) | C62: BS | D62: Trimester 2 | E62: 2025eb1100021@bitspilani-digital.edu.in | F62: =_xlfn.XLOOKUP(E62,Total_Enrolled!C:C,Total_Enrolled!C:C) -> 2025eb1100021@bitspilani-digital.edu.in | G62: 2025EB1100021 | H62: old | I62: R KUSHAL MEHTA | J62: TRUE | K62: 28 | L62: =_xlfn.XLOOKUP(B62,Courses!A:A,Courses!H:H) -> 84 | M62: =K62/L62 -> 0.33333333 | N62: =IF(M62>0,"Active","Not Active") -> Active | O62: {=_xlfn.IFS(M62=0,"0", M62<=10%,"0-10", TRUE,">10" )&" "&"% progress"} -> >10 % progress | P62: =IF(M62=0,1,0) -> 0 | Q62: =COUNTIFS($G:$G,$G62) -> 4 | R62: =P62/Q62 -> 0 | S62: =IF(R62=0, "no 0% progess", "no progress") -> no 0% progess | T62: 0 | U62: 7 | V62: 9 | W62: 0 | X62: 0 | Y62: 0 | AA62: 0 | AC62: 13207 | AD62: 2026-02-06T12:13:31.3670000Z | AE62: 2026-02-08T17:08:35.1270000Z | AF62: 272 | AH62: 2026-01-27T12:44:05.5970000Z
A63: T2-25_BDSDF110 | B63: Linear Algebra | C63: BS | D63: Trimester 2 | E63: 2025eb1100021@bitspilani-digital.edu.in | F63: =_xlfn.XLOOKUP(E63,Total_Enrolled!C:C,Total_Enrolled!C:C) -> 2025eb1100021@bitspilani-digital.edu.in | G63: 2025EB1100021 | H63: old | I63: R KUSHAL MEHTA | J63: TRUE | K63: 6 | L63: =_xlfn.XLOOKUP(B63,Courses!A:A,Courses!H:H) -> 46 | M63: =K63/L63 -> 0.13043478 | N63: =IF(M63>0,"Active","Not Active") -> Active | O63: {=_xlfn.IFS(M63=0,"0", M63<=10%,"0-10", TRUE,">10" )&" "&"% progress"} -> >10 % progress | P63: =IF(M63=0,1,0) -> 0 | Q63: =COUNTIFS($G:$G,$G63) -> 4 | R63: =P63/Q63 -> 0 | S63: =IF(R63=0, "no 0% progess", "no progress") -> no 0% progess | T63: 0 | U63: 0 | V63: 0 | W63: 0 | X63: 0 | Y63: 0 | AA63: 0 | AC63: 1150 | AD63: 2026-02-06T12:15:27.6030000Z | AE63: 2026-02-08T17:08:35.1270000Z | AF63: 272 | AI63: 2026-01-29T13:05:35.3030000Z | AJ63: 2026-01-29T13:05:35.3030000Z
A64: T2-25_BDSDF107 | B64: Fundamentals of Data Science and Engineering | C64: BS | D64: Trimester 2 | E64: 2025eb1100021@bitspilani-digital.edu.in | F64: =_xlfn.XLOOKUP(E64,Total_Enrolled!C:C,Total_Enrolled!C:C) -> 2025eb1100021@bitspilani-digital.edu.in | G64: 2025EB1100021 | H64: old | I64: R KUSHAL MEHTA | J64: TRUE | K64: 26 | L64: =_xlfn.XLOOKUP(B64,Courses!A:A,Courses!H:H) -> 41 | M64: =K64/L64 -> 0.63414634 | N64: =IF(M64>0,"Active","Not Active") -> Active | O64: {=_xlfn.IFS(M64=0,"0", M64<=10%,"0-10", TRUE,">10" )&" "&"% progress"} -> >10 % progress | P64: =IF(M64=0,1,0) -> 0 | Q64: =COUNTIFS($G:$G,$G64) -> 4 | R64: =P64/Q64 -> 0 | S64: =IF(R64=0, "no 0% progess", "no progress") -> no 0% progess | T64: 0 | U64: 3 | V64: 4 | W64: 1 | X64: 0 | Y64: 0 | Z64: 2026-02-08T17:15:09.4430000Z | AA64: 0 | AC64: 4062 | AD64: 2026-02-08T17:15:09.6230000Z | AE64: 2026-02-08T17:08:35.1270000Z | AF64: 272 | AH64: 2026-02-06T13:03:24.0630000Z
A65: T2-25_BDSDF110 | B65: Linear Algebra | C65: BS | D65: Trimester 2 | E65: 2025eb1100022@bitspilani-digital.edu.in | F65: =_xlfn.XLOOKUP(E65,Total_Enrolled!C:C,Total_Enrolled!C:C) -> 2025eb1100022@bitspilani-digital.edu.in | G65: 2025EB1100022 | H65: old | I65: SUBHOM KAR | J65: TRUE | K65: 0 | L65: =_xlfn.XLOOKUP(B65,Courses!A:A,Courses!H:H) -> 46 | M65: =K65/L65 -> 0 | N65: =IF(M65>0,"Active","Not Active") -> Not Active | O65: {=_xlfn.IFS(M65=0,"0", M65<=10%,"0-10", TRUE,">10" )&" "&"% progress"} -> 0 % progress | P65: =IF(M65=0,1,0) -> 1 | Q65: =COUNTIFS($G:$G,$G65) -> 4 | R65: =P65/Q65 -> 0.25 | S65: =IF(R65=0, "no 0% progess", "no progress") -> no progress | T65: 0 | U65: 0 | V65: 0 | W65: 0 | X65: 0 | Y65: 0 | AA65: 0 | AC65: 0 | AE65: 2026-02-03T15:32:41.9600000Z | AF65: 46
A66: T2-25_BDSDF106 | B66: Data Structures for Data Science | C66: BS | D66: Trimester 2 | E66: 2025eb1100022@bitspilani-digital.edu.in | F66: =_xlfn.XLOOKUP(E66,Total_Enrolled!C:C,Total_Enrolled!C:C) -> 2025eb1100022@bitspilani-digital.edu.in | G66: 2025EB1100022 | H66: old | I66: SUBHOM KAR | J66: TRUE | K66: 0 | L66: =_xlfn.XLOOKUP(B66,Courses!A:A,Courses!H:H) -> 93 | M66: =K66/L66 -> 0 | N66: =IF(M66>0,"Active","Not Active") -> Not Active | O66: {=_xlfn.IFS(M66=0,"0", M66<=10%,"0-10", TRUE,">10" )&" "&"% progress"} -> 0 % progress | P66: =IF(M66=0,1,0) -> 1 | Q66: =COUNTIFS($G:$G,$G66) -> 4 | R66: =P66/Q66 -> 0.25 | S66: =IF(R66=0, "no 0% progess", "no progress") -> no progress | T66: 0 | U66: 0 | V66: 0 | W66: 0 | X66: 0 | Y66: 0 | AA66: 0 | AC66: 0 | AE66: 2026-02-03T15:32:41.9600000Z | AF66: 46
A67: T2-25_BDSDF101 | B67: Data and the World | C67: BS | D67: Trimester 2 | E67: 2025eb1100022@bitspilani-digital.edu.in | F67: =_xlfn.XLOOKUP(E67,Total_Enrolled!C:C,Total_Enrolled!C:C) -> 2025eb1100022@bitspilani-digital.edu.in | G67: 2025EB1100022 | H67: old | I67: SUBHOM KAR | J67: TRUE | K67: 0 | L67: =_xlfn.XLOOKUP(B67,Courses!A:A,Courses!H:H) -> 41 | M67: =K67/L67 -> 0 | N67: =IF(M67>0,"Active","Not Active") -> Not Active | O67: {=_xlfn.IFS(M67=0,"0", M67<=10%,"0-10", TRUE,">10" )&" "&"% progress"} -> 0 % progress | P67: =IF(M67=0,1,0) -> 1 | Q67: =COUNTIFS($G:$G,$G67) -> 4 | R67: =P67/Q67 -> 0.25 | S67: =IF(R67=0, "no 0% progess", "no progress") -> no progress | T67: 0 | U67: 0 | V67: 0 | W67: 0 | X67: 0 | Y67: 0 | AA67: 0 | AC67: 0 | AE67: 2026-02-03T15:32:41.9600000Z | AF67: 46
A68: T2-25_BDSDF108 | B68: Computing Systems | C68: BS | D68: Trimester 2 | E68: 2025eb1100022@bitspilani-digital.edu.in | F68: =_xlfn.XLOOKUP(E68,Total_Enrolled!C:C,Total_Enrolled!C:C) -> 2025eb1100022@bitspilani-digital.edu.in | G68: 2025EB1100022 | H68: old | I68: SUBHOM KAR | J68: TRUE | K68: 0 | L68: =_xlfn.XLOOKUP(B68,Courses!A:A,Courses!H:H) -> 88 | M68: =K68/L68 -> 0 | N68: =IF(M68>0,"Active","Not Active") -> Not Active | O68: {=_xlfn.IFS(M68=0,"0", M68<=10%,"0-10", TRUE,">10" )&" "&"% progress"} -> 0 % progress | P68: =IF(M68=0,1,0) -> 1 | Q68: =COUNTIFS($G:$G,$G68) -> 4 | R68: =P68/Q68 -> 0.25 | S68: =IF(R68=0, "no 0% progess", "no progress") -> no progress | T68: 0 | U68: 0 | V68: 0 | W68: 0 | X68: 0 | Y68: 0 | AA68: 0 | AC68: 0 | AE68: 2026-02-03T15:32:41.9600000Z | AF68: 46
A69: T2-25_BDSDF101 | B69: Data and the World | C69: BS | D69: Trimester 2 | E69: 2025eb1100024@bitspilani-digital.edu.in | F69: =_xlfn.XLOOKUP(E69,Total_Enrolled!C:C,Total_Enrolled!C:C) -> 2025eb1100024@bitspilani-digital.edu.in | G69: 2025EB1100024 | H69: old | I69: SHOORSEN THIRUNAVUKKARASU K | J69: TRUE | K69: 6 | L69: =_xlfn.XLOOKUP(B69,Courses!A:A,Courses!H:H) -> 41 | M69: =K69/L69 -> 0.14634146 | N69: =IF(M69>0,"Active","Not Active") -> Active | O69: {=_xlfn.IFS(M69=0,"0", M69<=10%,"0-10", TRUE,">10" )&" "&"% progress"} -> >10 % progress | P69: =IF(M69=0,1,0) -> 0 | Q69: =COUNTIFS($G:$G,$G69) -> 3 | R69: =P69/Q69 -> 0 | S69: =IF(R69=0, "no 0% progess", "no progress") -> no 0% progess | T69: 0 | U69: 0 | V69: 0 | W69: 0 | X69: 0 | Y69: 0 | AA69: 0 | AC69: 396 | AD69: 2026-02-07T13:01:05.0270000Z | AE69: 2026-02-08T06:51:55.3800000Z | AF69: 112 | AI69: 2026-01-29T14:52:13.0470000Z | AJ69: 2026-01-29T14:52:13.0600000Z
A70: T2-25_BDSDF113 | B70: Computer Programming | C70: BS | D70: Trimester 2 | E70: 2025eb1100024@bitspilani-digital.edu.in | F70: =_xlfn.XLOOKUP(E70,Total_Enrolled!C:C,Total_Enrolled!C:C) -> 2025eb1100024@bitspilani-digital.edu.in | G70: 2025EB1100024 | H70: old | I70: SHOORSEN THIRUNAVUKKARASU K | J70: TRUE | K70: 13 | L70: =_xlfn.XLOOKUP(B70,Courses!A:A,Courses!H:H) -> 86 | M70: =K70/L70 -> 0.15116279 | N70: =IF(M70>0,"Active","Not Active") -> Active | O70: {=_xlfn.IFS(M70=0,"0", M70<=10%,"0-10", TRUE,">10" )&" "&"% progress"} -> >10 % progress | P70: =IF(M70=0,1,0) -> 0 | Q70: =COUNTIFS($G:$G,$G70) -> 3 | R70: =P70/Q70 -> 0 | S70: =IF(R70=0, "no 0% progess", "no progress") -> no 0% progess | T70: 0 | U70: 4 | V70: 8 | W70: 0 | X70: 0 | Y70: 0 | AA70: 0 | AC70: 1785 | AD70: 2026-02-08T06:56:25.9930000Z | AE70: 2026-02-08T06:51:55.3800000Z | AF70: 112 | AH70: 2026-02-08T06:55:52.9500000Z | AI70: 2026-01-29T14:37:14.7270000Z | AJ70: 2026-01-29T14:37:14.7370000Z
A71: T2-25_BDSDF110 | B71: Linear Algebra | C71: BS | D71: Trimester 2 | E71: 2025eb1100024@bitspilani-digital.edu.in | F71: =_xlfn.XLOOKUP(E71,Total_Enrolled!C:C,Total_Enrolled!C:C) -> 2025eb1100024@bitspilani-digital.edu.in | G71: 2025EB1100024 | H71: old | I71: SHOORSEN THIRUNAVUKKARASU K | J71: TRUE | K71: 9 | L71: =_xlfn.XLOOKUP(B71,Courses!A:A,Courses!H:H) -> 46 | M71: =K71/L71 -> 0.19565217 | N71: =IF(M71>0,"Active","Not Active") -> Active | O71: {=_xlfn.IFS(M71=0,"0", M71<=10%,"0-10", TRUE,">10" )&" "&"% progress"} -> >10 % progress | P71: =IF(M71=0,1,0) -> 0 | Q71: =COUNTIFS($G:$G,$G71) -> 3 | R71: =P71/Q71 -> 0 | S71: =IF(R71=0, "no 0% progess", "no progress") -> no 0% progess | T71: 0 | U71: 3 | V71: 3 | W71: 0 | X71: 0 | Y71: 0 | AA71: 0 | AC71: 4129 | AD71: 2026-02-08T06:59:50.3870000Z | AE71: 2026-02-08T06:51:55.3800000Z | AF71: 112 | AH71: 2026-02-08T06:59:45.8830000Z | AI71: 2026-01-27T13:34:45.6630000Z | AJ71: 2026-01-27T13:34:45.6730000Z
A72: T2-25_BDSDF110 | B72: Linear Algebra | C72: BS | D72: Trimester 2 | E72: 2025eb1100025@bitspilani-digital.edu.in | F72: =_xlfn.XLOOKUP(E72,Total_Enrolled!C:C,Total_Enrolled!C:C) -> 2025eb1100025@bitspilani-digital.edu.in | G72: 2025EB1100025 | H72: old | I72: ADITI G K | J72: TRUE | K72: 3 | L72: =_xlfn.XLOOKUP(B72,Courses!A:A,Courses!H:H) -> 46 | M72: =K72/L72 -> 0.065217391 | N72: =IF(M72>0,"Active","Not Active") -> Active | O72: {=_xlfn.IFS(M72=0,"0", M72<=10%,"0-10", TRUE,">10" )&" "&"% progress"} -> 0-10 % progress | P72: =IF(M72=0,1,0) -> 0 | Q72: =COUNTIFS($G:$G,$G72) -> 4 | R72: =P72/Q72 -> 0 | S72: =IF(R72=0, "no 0% progess", "no progress") -> no 0% progess | T72: 0 | U72: 0 | V72: 0 | W72: 0 | X72: 0 | Y72: 0 | AA72: 0 | AC72: 211 | AD72: 2026-02-03T13:02:41.3770000Z | AE72: 2026-02-03T13:01:38.8370000Z | AF72: 48 | AI72: 2026-02-03T13:06:43.4470000Z | AJ72: 2026-02-03T13:06:43.4430000Z
A73: T2-25_BDSDF107 | B73: Fundamentals of Data Science and Engineering | C73: BS | D73: Trimester 2 | E73: 2025eb1100025@bitspilani-digital.edu.in | F73: =_xlfn.XLOOKUP(E73,Total_Enrolled!C:C,Total_Enrolled!C:C) -> 2025eb1100025@bitspilani-digital.edu.in | G73: 2025EB1100025 | H73: old | I73: ADITI G K | J73: TRUE | K73: 0 | L73: =_xlfn.XLOOKUP(B73,Courses!A:A,Courses!H:H) -> 41 | M73: =K73/L73 -> 0 | N73: =IF(M73>0,"Active","Not Active") -> Not Active | O73: {=_xlfn.IFS(M73=0,"0", M73<=10%,"0-10", TRUE,">10" )&" "&"% progress"} -> 0 % progress | P73: =IF(M73=0,1,0) -> 1 | Q73: =COUNTIFS($G:$G,$G73) -> 4 | R73: =P73/Q73 -> 0.25 | S73: =IF(R73=0, "no 0% progess", "no progress") -> no progress | T73: 0 | U73: 0 | V73: 0 | W73: 0 | X73: 0 | Y73: 0 | AA73: 0 | AC73: 0 | AD73: 2026-02-03T13:02:20.8470000Z | AE73: 2026-02-03T13:01:38.8370000Z | AF73: 48
A74: T2-25_BDSDF102 | B74: Data Preprocessing (BS) | C74: BS | D74: Trimester 2 | E74: 2025eb1100025@bitspilani-digital.edu.in | F74: =_xlfn.XLOOKUP(E74,Total_Enrolled!C:C,Total_Enrolled!C:C) -> 2025eb1100025@bitspilani-digital.edu.in | G74: 2025EB1100025 | H74: old | I74: ADITI G K | J74: TRUE | K74: 0 | L74: =_xlfn.XLOOKUP(B74,Courses!A:A,Courses!H:H) -> 84 | M74: =K74/L74 -> 0 | N74: =IF(M74>0,"Active","Not Active") -> Not Active | O74: {=_xlfn.IFS(M74=0,"0", M74<=10%,"0-10", TRUE,">10" )&" "&"% progress"} -> 0 % progress | P74: =IF(M74=0,1,0) -> 1 | Q74: =COUNTIFS($G:$G,$G74) -> 4 | R74: =P74/Q74 -> 0.25 | S74: =IF(R74=0, "no 0% progess", "no progress") -> no progress | T74: 0 | U74: 0 | V74: 0 | W74: 0 | X74: 0 | Y74: 0 | AA74: 0 | AC74: 0 | AD74: 2026-02-03T13:01:52.5970000Z | AE74: 2026-02-03T13:01:38.8370000Z | AF74: 48
A75: T2-25_BDSDF108 | B75: Computing Systems | C75: BS | D75: Trimester 2 | E75: 2025eb1100025@bitspilani-digital.edu.in | F75: =_xlfn.XLOOKUP(E75,Total_Enrolled!C:C,Total_Enrolled!C:C) -> 2025eb1100025@bitspilani-digital.edu.in | G75: 2025EB1100025 | H75: old | I75: ADITI G K | J75: TRUE | K75: 0 | L75: =_xlfn.XLOOKUP(B75,Courses!A:A,Courses!H:H) -> 88 | M75: =K75/L75 -> 0 | N75: =IF(M75>0,"Active","Not Active") -> Not Active | O75: {=_xlfn.IFS(M75=0,"0", M75<=10%,"0-10", TRUE,">10" )&" "&"% progress"} -> 0 % progress | P75: =IF(M75=0,1,0) -> 1 | Q75: =COUNTIFS($G:$G,$G75) -> 4 | R75: =P75/Q75 -> 0.25 | S75: =IF(R75=0, "no 0% progess", "no progress") -> no progress | T75: 0 | U75: 0 | V75: 0 | W75: 0 | X75: 0 | Y75: 0 | AA75: 0 | AC75: 0 | AE75: 2026-02-03T13:01:38.8370000Z | AF75: 48
A76: T2-25_BDSDF102 | B76: Data Preprocessing (BS) | C76: BS | D76: Trimester 2 | E76: 2025eb1100026@bitspilani-digital.edu.in | F76: =_xlfn.XLOOKUP(E76,Total_Enrolled!C:C,Total_Enrolled!C:C) -> 2025eb1100026@bitspilani-digital.edu.in | G76: 2025EB1100026 | H76: old | I76: SWARUP KUMAR PRADHAN | J76: TRUE | K76: 11 | L76: =_xlfn.XLOOKUP(B76,Courses!A:A,Courses!H:H) -> 84 | M76: =K76/L76 -> 0.13095238 | N76: =IF(M76>0,"Active","Not Active") -> Active | O76: {=_xlfn.IFS(M76=0,"0", M76<=10%,"0-10", TRUE,">10" )&" "&"% progress"} -> >10 % progress | P76: =IF(M76=0,1,0) -> 0 | Q76: =COUNTIFS($G:$G,$G76) -> 4 | R76: =P76/Q76 -> 0 | S76: =IF(R76=0, "no 0% progess", "no progress") -> no 0% progess | T76: 0 | U76: 4 | V76: 4 | W76: 0 | X76: 0 | Y76: 0 | AA76: 0 | AC76: 1740 | AD76: 2026-02-08T03:31:50.7270000Z | AE76: 2026-02-09T01:09:56.6170000Z | AF76: 262 | AH76: 2026-02-08T03:31:43.2300000Z
A77: T2-25_BDSDF106 | B77: Data Structures for Data Science | C77: BS | D77: Trimester 2 | E77: 2025eb1100026@bitspilani-digital.edu.in | F77: =_xlfn.XLOOKUP(E77,Total_Enrolled!C:C,Total_Enrolled!C:C) -> 2025eb1100026@bitspilani-digital.edu.in | G77: 2025EB1100026 | H77: old | I77: SWARUP KUMAR PRADHAN | J77: TRUE | K77: 1 | L77: =_xlfn.XLOOKUP(B77,Courses!A:A,Courses!H:H) -> 93 | M77: =K77/L77 -> 0.010752688 | N77: =IF(M77>0,"Active","Not Active") -> Active | O77: {=_xlfn.IFS(M77=0,"0", M77<=10%,"0-10", TRUE,">10" )&" "&"% progress"} -> 0-10 % progress | P77: =IF(M77=0,1,0) -> 0 | Q77: =COUNTIFS($G:$G,$G77) -> 4 | R77: =P77/Q77 -> 0 | S77: =IF(R77=0, "no 0% progess", "no progress") -> no 0% progess | T77: 0 | U77: 1 | V77: 1 | W77: 0 | X77: 0 | Y77: 0 | AA77: 0 | AC77: 0 | AD77: 2026-02-08T03:22:01.9270000Z | AE77: 2026-02-09T01:09:56.6170000Z | AF77: 262 | AH77: 2026-02-08T03:21:54.7530000Z
A78: T2-25_BDSDF107 | B78: Fundamentals of Data Science and Engineering | C78: BS | D78: Trimester 2 | E78: 2025eb1100026@bitspilani-digital.edu.in | F78: =_xlfn.XLOOKUP(E78,Total_Enrolled!C:C,Total_Enrolled!C:C) -> 2025eb1100026@bitspilani-digital.edu.in | G78: 2025EB1100026 | H78: old | I78: SWARUP KUMAR PRADHAN | J78: TRUE | K78: 3 | L78: =_xlfn.XLOOKUP(B78,Courses!A:A,Courses!H:H) -> 41 | M78: =K78/L78 -> 0.073170732 | N78: =IF(M78>0,"Active","Not Active") -> Active | O78: {=_xlfn.IFS(M78=0,"0", M78<=10%,"0-10", TRUE,">10" )&" "&"% progress"} -> 0-10 % progress | P78: =IF(M78=0,1,0) -> 0 | Q78: =COUNTIFS($G:$G,$G78) -> 4 | R78: =P78/Q78 -> 0 | S78: =IF(R78=0, "no 0% progess", "no progress") -> no 0% progess | T78: 0 | U78: 2 | V78: 2 | W78: 0 | X78: 0 | Y78: 0 | AA78: 0 | AC78: 0 | AD78: 2026-02-07T03:19:28.6870000Z | AE78: 2026-02-09T01:09:56.6170000Z | AF78: 262 | AH78: 2026-02-07T03:19:13.4730000Z
A79: T2-25_BDSDF110 | B79: Linear Algebra | C79: BS | D79: Trimester 2 | E79: 2025eb1100026@bitspilani-digital.edu.in | F79: =_xlfn.XLOOKUP(E79,Total_Enrolled!C:C,Total_Enrolled!C:C) -> 2025eb1100026@bitspilani-digital.edu.in | G79: 2025EB1100026 | H79: old | I79: SWARUP KUMAR PRADHAN | J79: TRUE | K79: 2 | L79: =_xlfn.XLOOKUP(B79,Courses!A:A,Courses!H:H) -> 46 | M79: =K79/L79 -> 0.043478261 | N79: =IF(M79>0,"Active","Not Active") -> Active | O79: {=_xlfn.IFS(M79=0,"0", M79<=10%,"0-10", TRUE,">10" )&" "&"% progress"} -> 0-10 % progress | P79: =IF(M79=0,1,0) -> 0 | Q79: =COUNTIFS($G:$G,$G79) -> 4 | R79: =P79/Q79 -> 0 | S79: =IF(R79=0, "no 0% progess", "no progress") -> no 0% progess | T79: 0 | U79: 2 | V79: 2 | W79: 0 | X79: 0 | Y79: 0 | AA79: 0 | AC79: 31 | AD79: 2026-02-08T04:14:09.4170000Z | AE79: 2026-02-09T01:09:56.6170000Z | AF79: 262 | AH79: 2026-02-08T04:14:05.3230000Z
A80: T2-25_BDSDF110 | B80: Linear Algebra | C80: BS | D80: Trimester 2 | E80: 2025eb1100029@bitspilani-digital.edu.in | F80: =_xlfn.XLOOKUP(E80,Total_Enrolled!C:C,Total_Enrolled!C:C) -> 2025eb1100029@bitspilani-digital.edu.in | G80: 2025EB1100029 | H80: old | I80: AARUSH SHARMA | J80: TRUE | K80: 11 | L80: =_xlfn.XLOOKUP(B80,Courses!A:A,Courses!H:H) -> 46 | M80: =K80/L80 -> 0.23913043 | N80: =IF(M80>0,"Active","Not Active") -> Active | O80: {=_xlfn.IFS(M80=0,"0", M80<=10%,"0-10", TRUE,">10" )&" "&"% progress"} -> >10 % progress | P80: =IF(M80=0,1,0) -> 0 | Q80: =COUNTIFS($G:$G,$G80) -> 4 | R80: =P80/Q80 -> 0 | S80: =IF(R80=0, "no 0% progess", "no progress") -> no 0% progess | T80: 0 | U80: 3 | V80: 3 | W80: 0 | X80: 0 | Y80: 0 | AA80: 0 | AC80: 9884 | AD80: 2026-02-08T05:54:56.7200000Z | AE80: 2026-02-08T05:54:53.9400000Z | AF80: 132 | AH80: 2026-02-07T21:13:58.4200000Z | AI80: 2026-02-01T19:40:59.0430000Z | AJ80: 2026-02-01T19:40:59.0470000Z
A81: T2-25_BDSDF107 | B81: Fundamentals of Data Science and Engineering | C81: BS | D81: Trimester 2 | E81: 2025eb1100029@bitspilani-digital.edu.in | F81: =_xlfn.XLOOKUP(E81,Total_Enrolled!C:C,Total_Enrolled!C:C) -> 2025eb1100029@bitspilani-digital.edu.in | G81: 2025EB1100029 | H81: old | I81: AARUSH SHARMA | J81: TRUE | K81: 32 | L81: =_xlfn.XLOOKUP(B81,Courses!A:A,Courses!H:H) -> 41 | M81: =K81/L81 -> 0.7804878 | N81: =IF(M81>0,"Active","Not Active") -> Active | O81: {=_xlfn.IFS(M81=0,"0", M81<=10%,"0-10", TRUE,">10" )&" "&"% progress"} -> >10 % progress | P81: =IF(M81=0,1,0) -> 0 | Q81: =COUNTIFS($G:$G,$G81) -> 4 | R81: =P81/Q81 -> 0 | S81: =IF(R81=0, "no 0% progess", "no progress") -> no 0% progess | T81: 0 | U81: 5 | V81: 5 | W81: 0 | X81: 0 | Y81: 0 | AA81: 0 | AC81: 60457 | AD81: 2026-02-06T19:13:43.6070000Z | AE81: 2026-02-08T05:54:53.9400000Z | AF81: 132 | AH81: 2026-02-06T19:13:27.0930000Z
A82: T2-25_BDSDF106 | B82: Data Structures for Data Science | C82: BS | D82: Trimester 2 | E82: 2025eb1100029@bitspilani-digital.edu.in | F82: =_xlfn.XLOOKUP(E82,Total_Enrolled!C:C,Total_Enrolled!C:C) -> 2025eb1100029@bitspilani-digital.edu.in | G82: 2025EB1100029 | H82: old | I82: AARUSH SHARMA | J82: TRUE | K82: 4 | L82: =_xlfn.XLOOKUP(B82,Courses!A:A,Courses!H:H) -> 93 | M82: =K82/L82 -> 0.043010753 | N82: =IF(M82>0,"Active","Not Active") -> Active | O82: {=_xlfn.IFS(M82=0,"0", M82<=10%,"0-10", TRUE,">10" )&" "&"% progress"} -> 0-10 % progress | P82: =IF(M82=0,1,0) -> 0 | Q82: =COUNTIFS($G:$G,$G82) -> 4 | R82: =P82/Q82 -> 0 | S82: =IF(R82=0, "no 0% progess", "no progress") -> no 0% progess | T82: 0 | U82: 1 | V82: 1 | W82: 0 | X82: 0 | Y82: 0 | AA82: 0 | AC82: 25 | AD82: 2026-02-07T20:53:36.0770000Z | AE82: 2026-02-08T05:54:53.9400000Z | AF82: 132 | AH82: 2026-02-07T20:53:30.4930000Z | AI82: 2026-01-22T12:39:22.6170000Z | AJ82: 2026-01-22T12:39:22.6230000Z
A83: T2-25_BDSDF102 | B83: Data Preprocessing (BS) | C83: BS | D83: Trimester 2 | E83: 2025eb1100029@bitspilani-digital.edu.in | F83: =_xlfn.XLOOKUP(E83,Total_Enrolled!C:C,Total_Enrolled!C:C) -> 2025eb1100029@bitspilani-digital.edu.in | G83: 2025EB1100029 | H83: old | I83: AARUSH SHARMA | J83: TRUE | K83: 19 | L83: =_xlfn.XLOOKUP(B83,Courses!A:A,Courses!H:H) -> 84 | M83: =K83/L83 -> 0.22619048 | N83: =IF(M83>0,"Active","Not Active") -> Active | O83: {=_xlfn.IFS(M83=0,"0", M83<=10%,"0-10", TRUE,">10" )&" "&"% progress"} -> >10 % progress | P83: =IF(M83=0,1,0) -> 0 | Q83: =COUNTIFS($G:$G,$G83) -> 4 | R83: =P83/Q83 -> 0 | S83: =IF(R83=0, "no 0% progess", "no progress") -> no 0% progess | T83: 0 | U83: 7 | V83: 7 | W83: 0 | X83: 0 | Y83: 0 | AA83: 0 | AC83: 11811 | AD83: 2026-02-07T20:49:10.3900000Z | AE83: 2026-02-08T05:54:53.9400000Z | AF83: 132 | AH83: 2026-02-07T20:48:59.5630000Z
A84: T2-25_BDSDF102 | B84: Data Preprocessing (BS) | C84: BS | D84: Trimester 2 | E84: 2025eb1100030@bitspilani-digital.edu.in | F84: =_xlfn.XLOOKUP(E84,Total_Enrolled!C:C,Total_Enrolled!C:C) -> 2025eb1100030@bitspilani-digital.edu.in | G84: 2025EB1100030 | H84: old | I84: KAYITHOJU PRAVARAKYA | J84: TRUE | K84: 5 | L84: =_xlfn.XLOOKUP(B84,Courses!A:A,Courses!H:H) -> 84 | M84: =K84/L84 -> 0.05952381 | N84: =IF(M84>0,"Active","Not Active") -> Active | O84: {=_xlfn.IFS(M84=0,"0", M84<=10%,"0-10", TRUE,">10" )&" "&"% progress"} -> 0-10 % progress | P84: =IF(M84=0,1,0) -> 0 | Q84: =COUNTIFS($G:$G,$G84) -> 4 | R84: =P84/Q84 -> 0 | S84: =IF(R84=0, "no 0% progess", "no progress") -> no 0% progess | T84: 0 | U84: 0 | V84: 0 | W84: 0 | X84: 0 | Y84: 0 | AA84: 0 | AC84: 10984 | AD84: 2026-01-24T15:10:05.7800000Z | AE84: 2026-02-08T18:40:10.7430000Z | AF84: 202
A85: T2-25_BDSDF106 | B85: Data Structures for Data Science | C85: BS | D85: Trimester 2 | E85: 2025eb1100030@bitspilani-digital.edu.in | F85: =_xlfn.XLOOKUP(E85,Total_Enrolled!C:C,Total_Enrolled!C:C) -> 2025eb1100030@bitspilani-digital.edu.in | G85: 2025EB1100030 | H85: old | I85: KAYITHOJU PRAVARAKYA | J85: TRUE | K85: 2 | L85: =_xlfn.XLOOKUP(B85,Courses!A:A,Courses!H:H) -> 93 | M85: =K85/L85 -> 0.021505376 | N85: =IF(M85>0,"Active","Not Active") -> Active | O85: {=_xlfn.IFS(M85=0,"0", M85<=10%,"0-10", TRUE,">10" )&" "&"% progress"} -> 0-10 % progress | P85: =IF(M85=0,1,0) -> 0 | Q85: =COUNTIFS($G:$G,$G85) -> 4 | R85: =P85/Q85 -> 0 | S85: =IF(R85=0, "no 0% progess", "no progress") -> no 0% progess | T85: 0 | U85: 0 | V85: 0 | W85: 0 | X85: 0 | Y85: 0 | AA85: 0 | AC85: 0 | AD85: 2026-02-01T14:53:57.2630000Z | AE85: 2026-02-08T18:40:10.7430000Z | AF85: 202
A86: T2-25_BDSDF107 | B86: Fundamentals of Data Science and Engineering | C86: BS | D86: Trimester 2 | E86: 2025eb1100030@bitspilani-digital.edu.in | F86: =_xlfn.XLOOKUP(E86,Total_Enrolled!C:C,Total_Enrolled!C:C) -> 2025eb1100030@bitspilani-digital.edu.in | G86: 2025EB1100030 | H86: old | I86: KAYITHOJU PRAVARAKYA | J86: TRUE | K86: 5 | L86: =_xlfn.XLOOKUP(B86,Courses!A:A,Courses!H:H) -> 41 | M86: =K86/L86 -> 0.12195122 | N86: =IF(M86>0,"Active","Not Active") -> Active | O86: {=_xlfn.IFS(M86=0,"0", M86<=10%,"0-10", TRUE,">10" )&" "&"% progress"} -> >10 % progress | P86: =IF(M86=0,1,0) -> 0 | Q86: =COUNTIFS($G:$G,$G86) -> 4 | R86: =P86/Q86 -> 0 | S86: =IF(R86=0, "no 0% progess", "no progress") -> no 0% progess | T86: 0 | U86: 2 | V86: 2 | W86: 0 | X86: 0 | Y86: 0 | AA86: 0 | AC86: 273 | AD86: 2026-02-07T18:35:57.3000000Z | AE86: 2026-02-08T18:40:10.7430000Z | AF86: 202 | AH86: 2026-02-07T18:35:20.1930000Z
A87: T2-25_BDSDF110 | B87: Linear Algebra | C87: BS | D87: Trimester 2 | E87: 2025eb1100030@bitspilani-digital.edu.in | F87: =_xlfn.XLOOKUP(E87,Total_Enrolled!C:C,Total_Enrolled!C:C) -> 2025eb1100030@bitspilani-digital.edu.in | G87: 2025EB1100030 | H87: old | I87: KAYITHOJU PRAVARAKYA | J87: TRUE | K87: 3 | L87: =_xlfn.XLOOKUP(B87,Courses!A:A,Courses!H:H) -> 46 | M87: =K87/L87 -> 0.065217391 | N87: =IF(M87>0,"Active","Not Active") -> Active | O87: {=_xlfn.IFS(M87=0,"0", M87<=10%,"0-10", TRUE,">10" )&" "&"% progress"} -> 0-10 % progress | P87: =IF(M87=0,1,0) -> 0 | Q87: =COUNTIFS($G:$G,$G87) -> 4 | R87: =P87/Q87 -> 0 | S87: =IF(R87=0, "no 0% progess", "no progress") -> no 0% progess | T87: 0 | U87: 0 | V87: 0 | W87: 0 | X87: 0 | Y87: 0 | AA87: 0 | AC87: 152 | AD87: 2026-02-08T14:35:39.8500000Z | AE87: 2026-02-08T18:40:10.7430000Z | AF87: 202 | AI87: 2026-01-18T15:51:45.8970000Z | AJ87: 2026-01-18T15:51:45.8830000Z
A88: T2-25_BDSDF110 | B88: Linear Algebra | C88: BS | D88: Trimester 2 | E88: 2025eb1100031@bitspilani-digital.edu.in | F88: =_xlfn.XLOOKUP(E88,Total_Enrolled!C:C,Total_Enrolled!C:C) -> 2025eb1100031@bitspilani-digital.edu.in | G88: 2025EB1100031 | H88: old | I88: KUCHI SAMANVI | J88: TRUE | K88: 21 | L88: =_xlfn.XLOOKUP(B88,Courses!A:A,Courses!H:H) -> 46 | M88: =K88/L88 -> 0.45652174 | N88: =IF(M88>0,"Active","Not Active") -> Active | O88: {=_xlfn.IFS(M88=0,"0", M88<=10%,"0-10", TRUE,">10" )&" "&"% progress"} -> >10 % progress | P88: =IF(M88=0,1,0) -> 0 | Q88: =COUNTIFS($G:$G,$G88) -> 4 | R88: =P88/Q88 -> 0 | S88: =IF(R88=0, "no 0% progess", "no progress") -> no 0% progess | T88: 0 | U88: 4 | V88: 5 | W88: 0 | X88: 0 | Y88: 0 | AA88: 0 | AC88: 6741 | AD88: 2026-02-06T16:01:06.9300000Z | AE88: 2026-02-08T09:39:59.2600000Z | AF88: 88 | AH88: 2026-01-19T20:45:49.0670000Z | AI88: 2026-01-19T20:46:39.0970000Z | AJ88: 2026-01-19T20:56:27.9530000Z
A89: T2-25_BDSDF107 | B89: Fundamentals of Data Science and Engineering | C89: BS | D89: Trimester 2 | E89: 2025eb1100031@bitspilani-digital.edu.in | F89: =_xlfn.XLOOKUP(E89,Total_Enrolled!C:C,Total_Enrolled!C:C) -> 2025eb1100031@bitspilani-digital.edu.in | G89: 2025EB1100031 | H89: old | I89: KUCHI SAMANVI | J89: TRUE | K89: 30 | L89: =_xlfn.XLOOKUP(B89,Courses!A:A,Courses!H:H) -> 41 | M89: =K89/L89 -> 0.73170732 | N89: =IF(M89>0,"Active","Not Active") -> Active | O89: {=_xlfn.IFS(M89=0,"0", M89<=10%,"0-10", TRUE,">10" )&" "&"% progress"} -> >10 % progress | P89: =IF(M89=0,1,0) -> 0 | Q89: =COUNTIFS($G:$G,$G89) -> 4 | R89: =P89/Q89 -> 0 | S89: =IF(R89=0, "no 0% progess", "no progress") -> no 0% progess | T89: 0 | U89: 4 | V89: 4 | W89: 0 | X89: 0 | Y89: 0 | AA89: 0 | AC89: 5631 | AD89: 2026-02-07T14:12:37.8600000Z | AE89: 2026-02-08T09:39:59.2600000Z | AF89: 88 | AH89: 2026-02-07T14:12:25.4970000Z
A90: T2-25_BDSDF106 | B90: Data Structures for Data Science | C90: BS | D90: Trimester 2 | E90: 2025eb1100031@bitspilani-digital.edu.in | F90: =_xlfn.XLOOKUP(E90,Total_Enrolled!C:C,Total_Enrolled!C:C) -> 2025eb1100031@bitspilani-digital.edu.in | G90: 2025EB1100031 | H90: old | I90: KUCHI SAMANVI | J90: TRUE | K90: 2 | L90: =_xlfn.XLOOKUP(B90,Courses!A:A,Courses!H:H) -> 93 | M90: =K90/L90 -> 0.021505376 | N90: =IF(M90>0,"Active","Not Active") -> Active | O90: {=_xlfn.IFS(M90=0,"0", M90<=10%,"0-10", TRUE,">10" )&" "&"% progress"} -> 0-10 % progress | P90: =IF(M90=0,1,0) -> 0 | Q90: =COUNTIFS($G:$G,$G90) -> 4 | R90: =P90/Q90 -> 0 | S90: =IF(R90=0, "no 0% progess", "no progress") -> no 0% progess | T90: 0 | U90: 0 | V90: 0 | W90: 0 | X90: 0 | Y90: 0 | AA90: 0 | AC90: 34 | AD90: 2026-01-24T14:16:37.1570000Z | AE90: 2026-02-08T09:39:59.2600000Z | AF90: 88
A91: T2-25_BDSDF102 | B91: Data Preprocessing (BS) | C91: BS | D91: Trimester 2 | E91: 2025eb1100031@bitspilani-digital.edu.in | F91: =_xlfn.XLOOKUP(E91,Total_Enrolled!C:C,Total_Enrolled!C:C) -> 2025eb1100031@bitspilani-digital.edu.in | G91: 2025EB1100031 | H91: old | I91: KUCHI SAMANVI | J91: TRUE | K91: 25 | L91: =_xlfn.XLOOKUP(B91,Courses!A:A,Courses!H:H) -> 84 | M91: =K91/L91 -> 0.29761905 | N91: =IF(M91>0,"Active","Not Active") -> Active | O91: {=_xlfn.IFS(M91=0,"0", M91<=10%,"0-10", TRUE,">10" )&" "&"% progress"} -> >10 % progress | P91: =IF(M91=0,1,0) -> 0 | Q91: =COUNTIFS($G:$G,$G91) -> 4 | R91: =P91/Q91 -> 0 | S91: =IF(R91=0, "no 0% progess", "no progress") -> no 0% progess | T91: 0 | U91: 5 | V91: 5 | W91: 0 | X91: 0 | Y91: 0 | AA91: 0 | AC91: 20009 | AD91: 2026-02-07T22:58:45.9970000Z | AE91: 2026-02-08T09:39:59.2600000Z | AF91: 88 | AH91: 2026-02-07T22:58:31.2000000Z
A92: T2-25_BDSDF102 | B92: Data Preprocessing (BS) | C92: BS | D92: Trimester 2 | E92: 2025eb1100032@bitspilani-digital.edu.in | F92: =_xlfn.XLOOKUP(E92,Total_Enrolled!C:C,Total_Enrolled!C:C) -> 2025eb1100032@bitspilani-digital.edu.in | G92: 2025EB1100032 | H92: old | I92: GANESH ANKIT | J92: TRUE | K92: 68 | L92: =_xlfn.XLOOKUP(B92,Courses!A:A,Courses!H:H) -> 84 | M92: =K92/L92 -> 0.80952381 | N92: =IF(M92>0,"Active","Not Active") -> Active | O92: {=_xlfn.IFS(M92=0,"0", M92<=10%,"0-10", TRUE,">10" )&" "&"% progress"} -> >10 % progress | P92: =IF(M92=0,1,0) -> 0 | Q92: =COUNTIFS($G:$G,$G92) -> 4 | R92: =P92/Q92 -> 0 | S92: =IF(R92=0, "no 0% progess", "no progress") -> no 0% progess | T92: 0 | U92: 18 | V92: 19 | W92: 0 | X92: 0 | Y92: 0 | AA92: 0 | AC92: 354 | AD92: 2026-02-08T11:58:58.7570000Z | AE92: 2026-02-08T11:36:33.8600000Z | AF92: 126 | AH92: 2026-02-08T11:57:40.1230000Z
A93: T2-25_BDSDF106 | B93: Data Structures for Data Science | C93: BS | D93: Trimester 2 | E93: 2025eb1100032@bitspilani-digital.edu.in | F93: =_xlfn.XLOOKUP(E93,Total_Enrolled!C:C,Total_Enrolled!C:C) -> 2025eb1100032@bitspilani-digital.edu.in | G93: 2025EB1100032 | H93: old | I93: GANESH ANKIT | J93: TRUE | K93: 98 | L93: =_xlfn.XLOOKUP(B93,Courses!A:A,Courses!H:H) -> 93 | M93: =K93/L93 -> 1.0537634 | N93: =IF(M93>0,"Active","Not Active") -> Active | O93: {=_xlfn.IFS(M93=0,"0", M93<=10%,"0-10", TRUE,">10" )&" "&"% progress"} -> >10 % progress | P93: =IF(M93=0,1,0) -> 0 | Q93: =COUNTIFS($G:$G,$G93) -> 4 | R93: =P93/Q93 -> 0 | S93: =IF(R93=0, "no 0% progess", "no progress") -> no 0% progess | T93: 0 | U93: 20 | V93: 20 | W93: 1 | X93: 0 | Y93: 0 | Z93: 2026-02-08T11:45:58.0400000Z | AA93: 0 | AC93: 2827 | AD93: 2026-02-08T11:51:35.5700000Z | AE93: 2026-02-08T11:36:33.8600000Z | AF93: 126 | AH93: 2026-02-08T11:51:25.2600000Z | AI93: 2026-01-24T06:46:47.5170000Z | AJ93: 2026-01-24T06:46:49.3930000Z
A94: T2-25_BDSDF107 | B94: Fundamentals of Data Science and Engineering | C94: BS | D94: Trimester 2 | E94: 2025eb1100032@bitspilani-digital.edu.in | F94: =_xlfn.XLOOKUP(E94,Total_Enrolled!C:C,Total_Enrolled!C:C) -> 2025eb1100032@bitspilani-digital.edu.in | G94: 2025EB1100032 | H94: old | I94: GANESH ANKIT | J94: TRUE | K94: 44 | L94: =_xlfn.XLOOKUP(B94,Courses!A:A,Courses!H:H) -> 41 | M94: =K94/L94 -> 1.0731707 | N94: =IF(M94>0,"Active","Not Active") -> Active | O94: {=_xlfn.IFS(M94=0,"0", M94<=10%,"0-10", TRUE,">10" )&" "&"% progress"} -> >10 % progress | P94: =IF(M94=0,1,0) -> 0 | Q94: =COUNTIFS($G:$G,$G94) -> 4 | R94: =P94/Q94 -> 0 | S94: =IF(R94=0, "no 0% progess", "no progress") -> no 0% progess | T94: 0 | U94: 6 | V94: 6 | W94: 0 | X94: 0 | Y94: 0 | AA94: 0 | AC94: 302 | AD94: 2026-02-08T11:53:18.9700000Z | AE94: 2026-02-08T11:36:33.8600000Z | AF94: 126 | AH94: 2026-02-08T11:53:02.1830000Z
A95: T2-25_BDSDF110 | B95: Linear Algebra | C95: BS | D95: Trimester 2 | E95: 2025eb1100032@bitspilani-digital.edu.in | F95: =_xlfn.XLOOKUP(E95,Total_Enrolled!C:C,Total_Enrolled!C:C) -> 2025eb1100032@bitspilani-digital.edu.in | G95: 2025EB1100032 | H95: old | I95: GANESH ANKIT | J95: TRUE | K95: 45 | L95: =_xlfn.XLOOKUP(B95,Courses!A:A,Courses!H:H) -> 46 | M95: =K95/L95 -> 0.97826087 | N95: =IF(M95>0,"Active","Not Active") -> Active | O95: {=_xlfn.IFS(M95=0,"0", M95<=10%,"0-10", TRUE,">10" )&" "&"% progress"} -> >10 % progress | P95: =IF(M95=0,1,0) -> 0 | Q95: =COUNTIFS($G:$G,$G95) -> 4 | R95: =P95/Q95 -> 0 | S95: =IF(R95=0, "no 0% progess", "no progress") -> no 0% progess | T95: 0 | U95: 5 | V95: 5 | W95: 1 | X95: 0 | Y95: 0 | Z95: 2026-02-08T11:38:55.9270000Z | AA95: 0 | AC95: 505 | AD95: 2026-02-08T11:43:24.0200000Z | AE95: 2026-02-08T11:36:33.8600000Z | AF95: 126 | AH95: 2026-02-08T11:43:07.4570000Z | AI95: 2026-01-24T06:48:02.5530000Z | AJ95: 2026-01-24T06:48:05.0470000Z
A96: T2-25_BDSDF110 | B96: Linear Algebra | C96: BS | D96: Trimester 2 | E96: 2025eb1100033@bitspilani-digital.edu.in | F96: =_xlfn.XLOOKUP(E96,Total_Enrolled!C:C,Total_Enrolled!C:C) -> 2025eb1100033@bitspilani-digital.edu.in | G96: 2025EB1100033 | H96: old | I96: JHANVI KOTHARI | J96: TRUE | K96: 19 | L96: =_xlfn.XLOOKUP(B96,Courses!A:A,Courses!H:H) -> 46 | M96: =K96/L96 -> 0.41304348 | N96: =IF(M96>0,"Active","Not Active") -> Active | O96: {=_xlfn.IFS(M96=0,"0", M96<=10%,"0-10", TRUE,">10" )&" "&"% progress"} -> >10 % progress | P96: =IF(M96=0,1,0) -> 0 | Q96: =COUNTIFS($G:$G,$G96) -> 4 | R96: =P96/Q96 -> 0 | S96: =IF(R96=0, "no 0% progess", "no progress") -> no 0% progess | T96: 0 | U96: 4 | V96: 4 | W96: 1 | X96: 0 | Y96: 0 | Z96: 2026-01-23T05:18:45.4000000Z | AA96: 0 | AC96: 7207 | AD96: 2026-02-06T15:12:33.3930000Z | AE96: 2026-02-08T11:27:45.0830000Z | AF96: 127 | AH96: 2026-01-23T05:10:33.7870000Z | AI96: 2026-01-28T11:17:38.6000000Z | AJ96: 2026-01-28T11:17:38.6070000Z
A97: T2-25_BDSDF107 | B97: Fundamentals of Data Science and Engineering | C97: BS | D97: Trimester 2 | E97: 2025eb1100033@bitspilani-digital.edu.in | F97: =_xlfn.XLOOKUP(E97,Total_Enrolled!C:C,Total_Enrolled!C:C) -> 2025eb1100033@bitspilani-digital.edu.in | G97: 2025EB1100033 | H97: old | I97: JHANVI KOTHARI | J97: TRUE | K97: 22 | L97: =_xlfn.XLOOKUP(B97,Courses!A:A,Courses!H:H) -> 41 | M97: =K97/L97 -> 0.53658537 | N97: =IF(M97>0,"Active","Not Active") -> Active | O97: {=_xlfn.IFS(M97=0,"0", M97<=10%,"0-10", TRUE,">10" )&" "&"% progress"} -> >10 % progress | P97: =IF(M97=0,1,0) -> 0 | Q97: =COUNTIFS($G:$G,$G97) -> 4 | R97: =P97/Q97 -> 0 | S97: =IF(R97=0, "no 0% progess", "no progress") -> no 0% progess | T97: 0 | U97: 2 | V97: 2 | W97: 0 | X97: 0 | Y97: 0 | AA97: 0 | AC97: 9360 | AD97: 2026-02-08T11:36:17.8130000Z | AE97: 2026-02-08T11:27:45.0830000Z | AF97: 127 | AH97: 2026-02-08T11:36:05.1730000Z
A98: T2-25_BDSDF106 | B98: Data Structures for Data Science | C98: BS | D98: Trimester 2 | E98: 2025eb1100033@bitspilani-digital.edu.in | F98: =_xlfn.XLOOKUP(E98,Total_Enrolled!C:C,Total_Enrolled!C:C) -> 2025eb1100033@bitspilani-digital.edu.in | G98: 2025EB1100033 | H98: old | I98: JHANVI KOTHARI | J98: TRUE | K98: 23 | L98: =_xlfn.XLOOKUP(B98,Courses!A:A,Courses!H:H) -> 93 | M98: =K98/L98 -> 0.24731183 | N98: =IF(M98>0,"Active","Not Active") -> Active | O98: {=_xlfn.IFS(M98=0,"0", M98<=10%,"0-10", TRUE,">10" )&" "&"% progress"} -> >10 % progress | P98: =IF(M98=0,1,0) -> 0 | Q98: =COUNTIFS($G:$G,$G98) -> 4 | R98: =P98/Q98 -> 0 | S98: =IF(R98=0, "no 0% progess", "no progress") -> no 0% progess | T98: 0 | U98: 6 | V98: 6 | W98: 0 | X98: 0 | Y98: 0 | AA98: 0 | AC98: 23162 | AD98: 2026-02-08T13:25:48.7430000Z | AE98: 2026-02-08T11:27:45.0830000Z | AF98: 127 | AH98: 2026-02-08T13:25:40.8400000Z | AI98: 2026-02-08T13:26:40.7170000Z | AJ98: 2026-02-08T13:26:40.7200000Z
A99: T2-25_BDSDF102 | B99: Data Preprocessing (BS) | C99: BS | D99: Trimester 2 | E99: 2025eb1100033@bitspilani-digital.edu.in | F99: =_xlfn.XLOOKUP(E99,Total_Enrolled!C:C,Total_Enrolled!C:C) -> 2025eb1100033@bitspilani-digital.edu.in | G99: 2025EB1100033 | H99: old | I99: JHANVI KOTHARI | J99: TRUE | K99: 16 | L99: =_xlfn.XLOOKUP(B99,Courses!A:A,Courses!H:H) -> 84 | M99: =K99/L99 -> 0.19047619 | N99: =IF(M99>0,"Active","Not Active") -> Active | O99: {=_xlfn.IFS(M99=0,"0", M99<=10%,"0-10", TRUE,">10" )&" "&"% progress"} -> >10 % progress | P99: =IF(M99=0,1,0) -> 0 | Q99: =COUNTIFS($G:$G,$G99) -> 4 | R99: =P99/Q99 -> 0 | S99: =IF(R99=0, "no 0% progess", "no progress") -> no 0% progess | T99: 0 | U99: 2 | V99: 2 | W99: 0 | X99: 0 | Y99: 0 | AA99: 0 | AC99: 27759 | AD99: 2026-02-04T14:31:51.5230000Z | AE99: 2026-02-08T11:27:45.0830000Z | AF99: 127 | AH99: 2026-02-04T14:31:39.3230000Z
A100: T2-25_BDSDF102 | B100: Data Preprocessing (BS) | C100: BS | D100: Trimester 2 | E100: 2025eb1100034@bitspilani-digital.edu.in | F100: =_xlfn.XLOOKUP(E100,Total_Enrolled!C:C,Total_Enrolled!C:C) -> 2025eb1100034@bitspilani-digital.edu.in | G100: 2025EB1100034 | H100: old | I100: MEHTA PREET NIRAVKUMAR | J100: TRUE | K100: 3 | L100: =_xlfn.XLOOKUP(B100,Courses!A:A,Courses!H:H) -> 84 | M100: =K100/L100 -> 0.035714286 | N100: =IF(M100>0,"Active","Not Active") -> Active | O100: {=_xlfn.IFS(M100=0,"0", M100<=10%,"0-10", TRUE,">10" )&" "&"% progress"} -> 0-10 % progress | P100: =IF(M100=0,1,0) -> 0 | Q100: =COUNTIFS($G:$G,$G100) -> 4 | R100: =P100/Q100 -> 0 | S100: =IF(R100=0, "no 0% progess", "no progress") -> no 0% progess | T100: 0 | U100: 0 | V100: 0 | W100: 0 | X100: 0 | Y100: 0 | AA100: 0 | AC100: 3172 | AD100: 2026-02-08T05:39:38.9530000Z | AE100: 2026-02-08T17:31:21.6330000Z | AF100: 416
...

Sheet Courses
A1: T2 | B1: WEEK 1 | C1: WEEK 2 | D1: WEEK 3 | E1: WEEK 4 | F1: WEEK 5 | G1: lab | H1: sum
A2: Artificial Neural Networks | B2: 25 | C2: 22 | D2: 24 | E2: 26 | F2: 28 | G2: - | H2: =SUM(B2:D2) -> 71
A3: Advanced Apex Project I | B3: 0 | C3: 0 | D3: 0 | E3: 0 | F3: 0 | G3: - | H3: =SUM(B3:D3) -> 0
A4: Basic Mathematics | B4: 12 | C4: 25 | G4: - | H4: =SUM(B4:D4) -> 37
A5: Cloud Services & Platforms | B5: 22 | C5: 23 | D5: 22 | E5: 20 | F5: 23 | G5: - | H5: =SUM(B5:D5) -> 67
A6: Computer Programming | B6: 25 | C6: 32 | D6: 29 | E6: 27 | F6: 25 | G6: - | H6: =SUM(B6:D6) -> 86
A7: Computing Systems | B7: 18 | C7: 33 | D7: 37 | E7: 23 | F7: 30 | G7: - | H7: =SUM(B7:D7) -> 88
A8: Data and the World | B8: 7 | C8: 17 | D8: 17 | E8: 11 | G8: - | H8: =SUM(B8:D8) -> 41
A9: Data Annotations and Labelling | B9: 12 | C9: 11 | D9: 13 | E9: 13 | F9: 12 | G9: - | H9: =SUM(B9:D9) -> 36
A10: Data Preprocessing (BS) | B10: 28 | C10: 27 | D10: 29 | E10: 26 | F10: 23 | G10: - | H10: =SUM(B10:D10) -> 84
A11: Data Pre-processing (MSc) | B11: 13 | C11: 11 | D11: 12 | E11: 15 | F11: 11 | G11: - | H11: =SUM(B11:D11) -> 36
A12: Data Stores & Pipelines | B12: 22 | C12: 19 | D12: 23 | E12: 23 | F12: 16 | G12: 9 | H12: =SUM(B12:D12) -> 64
A13: Data Structures for Data Science | B13: 29 | C13: 29 | D13: 35 | E13: 24 | F13: 32 | G13: - | H13: =SUM(B13:D13) -> 93
A14: Data Visualization & Storytelling | B14: 26 | C14: 31 | D14: 28 | E14: 28 | F14: 30 | G14: - | H14: =SUM(B14:D14) -> 85
A15: Feature Engineering | B15: 12 | C15: 12 | D15: 18 | E15: 11 | F15: 13 | G15: - | H15: =SUM(B15:D15) -> 42
A16: Fundamentals of Data Science and Engineering | B16: 13 | C16: 13 | D16: 15 | E16: 13 | F16: 13 | G16: - | H16: =SUM(B16:D16) -> 41
A17: Linear Algebra | B17: 16 | C17: 16 | D17: 14 | E17: 14 | F17: 11 | G17: - | H17: =SUM(B17:D17) -> 46
A18: Machine Learning | B18: 14 | C18: 14 | D18: 16 | E18: 12 | F18: 9 | G18: - | H18: =SUM(B18:D18) -> 44
A19: Probability & Statistics | B19: 22 | C19: 15 | D19: 24 | E19: 24 | F19: 33 | G19: - | H19: =SUM(B19:D19) -> 61
A20: Python Programming | B20: 21 | C20: 28 | G20: - | H20: =SUM(B20:D20) -> 49
A21: Statistical Modelling & Inferencing | B21: 23 | C21: 18 | D21: 27 | E21: 18 | F21: 12 | G21: - | H21: =SUM(B21:D21) -> 68
A22: Writing Practice | B22: 24 | C22: 23 | D22: 30 | E22: 25 | F22: 28 | G22: - | H22: =SUM(B22:D22) -> 77

Sheet Total_Enrolled
A1: PersonalEmailB3 | B1: IDB3 | C1: EmailB3 | D1: NameB3 | E1: passwordb3 | F1: Welcome Email Status
A2: JANCYJTG@GMAIL.COM | B2: 2025EM1200001 | C2: 2025em1200001@bitspilani-digital.edu.in | D2: JANCY C JOSHWA | E2: Ep$23012001 | F2: Sent
A3: OHILESWAR@GMAIL.COM | B3: 2025EM1200002 | C3: 2025em1200002@bitspilani-digital.edu.in | D3: OHILESWAR M N | E3: Ep$08061975 | F3: Sent
A4: TEJASLIMAYE37@GMAIL.COM | B4: 2025EM1200003 | C4: 2025em1200003@bitspilani-digital.edu.in | D4: TEJAS PRATAP LIMAYE | E4: Ep$19022002 | F4: Sent
A5: RAJANIDASTHRICE@YAHOO.CO.IN | B5: 2025EM1200005 | C5: 2025em1200005@bitspilani-digital.edu.in | D5: RAJANI DAS | E5: Ep$08091984 | F5: Sent
A6: ANEES.ASLAM.AI@GMAIL.COM | B6: 2025EM1200006 | C6: 2025em1200006@bitspilani-digital.edu.in | D6: ANEES A | E6: Ep$24102001 | F6: Sent
A7: GAURAVDATASCIENCE4438@GMAIL.COM | B7: 2025EM1200007 | C7: 2025em1200007@bitspilani-digital.edu.in | D7: GAURAV KUMAR SINGH | E7: Ep$23021993 | F7: Sent
A8: SAHI.VISTA@GMAIL.COM | B8: 2025EM1200008 | C8: 2025em1200008@bitspilani-digital.edu.in | D8: MOTUPALLI SURENDRA SAHI | E8: Ep$27051992 | F8: Sent
A9: ANASBISWAS@HOTMAIL.COM | B9: 2025EM1200009 | C9: 2025em1200009@bitspilani-digital.edu.in | D9: MD. ANAS BISWAS | E9: Ep$30081992 | F9: Sent
A10: SSK2410@GMAIL.COM | B10: 2025EM1200010 | C10: 2025em1200010@bitspilani-digital.edu.in | D10: KAMBLI SAURABH SANDEEP SWAPNA | E10: Ep$24101992 | F10: Sent
A11: ANKITA.SRIVASTAVA.01.09@GMAIL.COM | B11: 2025EM1200011 | C11: 2025em1200011@bitspilani-digital.edu.in | D11: ANKITA SRIVASTAVA | E11: Ep$27041995 | F11: Sent
A12: AMANABD98@GMAIL.COM | B12: 2025EM1200012 | C12: 2025em1200012@bitspilani-digital.edu.in | D12: AMAN ABDULLA | E12: Ep$16081998 | F12: Sent
... A1304: KHIMANSHU9953@GMAIL.COM | B1304: 2025EM1100509 | C1304: 2025em1100509@bitspilani-digital.edu.in | D1304: HIMANSHU PANDEY | E1304: Ep$19041999 | F1304: SENT
